id,nb_var,size,time
0,1,101,0.152
1,1,101,2.1
2,1,101,0.084
3,1,101,0.173
4,1,101,0.104
5,1,101,0.223
6,1,101,0.212
7,1,101,0.146
8,1,101,0.275
9,1,101,0.07
10,1,102,0.1
11,1,102,0.131
12,1,102,0.08
13,1,102,0.188
14,1,102,0.095
15,1,102,0.118
16,1,102,0.233
17,1,102,0.785
18,1,102,0.363
19,1,102,0.122
0,15,101,0.842
1,15,101,30.29
2,15,101,45.514
3,15,101,0.63
4,15,101,0.205
5,15,101,4.456
6,15,101,0.257
7,15,101,0.222
8,15,101,0.31
9,15,101,0.921
10,15,102,2.546
11,15,102,16.925
12,15,102,0.328
13,15,102,0.622
14,15,102,0.344
15,15,102,6.146
16,15,102,4.467
17,15,102,46.31
18,15,102,87.197
19,15,102,0.247
0,1,100,0.099
1,1,100,2.852
2,1,100,0.056
3,1,100,0.497
4,1,100,0.245
5,1,100,0.34
6,1,100,0.326
7,1,100,0.126
8,1,100,0.082
9,1,100,0.138
0,10,10,0.038
1,10,11,0.024
2,10,11,0.025
3,10,11,0.026
4,10,11,0.027
5,10,11,0.026
6,10,11,0.029
7,10,11,0.025
8,10,11,0.026
9,10,11,0.024
10,10,11,0.027
11,10,12,0.027
12,10,12,0.03
13,10,12,0.026
14,10,12,0.031
15,10,12,0.026
16,10,12,0.026
17,10,12,0.028
18,10,12,0.033
19,10,12,0.025
20,10,12,0.028
21,10,13,0.029
22,10,13,0.032
23,10,13,0.027
24,10,13,0.028
25,10,13,0.029
26,10,13,0.071
27,10,13,0.029
28,10,13,0.031
29,10,13,0.036
30,10,13,0.036
31,10,14,0.03
32,10,14,0.031
33,10,14,0.031
34,10,14,0.032
35,10,14,0.032
36,10,14,0.031
37,10,14,0.032
38,10,14,0.032
39,10,14,0.043
40,10,14,0.035
41,10,15,0.034
42,10,15,0.032
43,10,15,0.038
44,10,15,0.031
45,10,15,0.036
46,10,15,0.032
47,10,15,0.034
48,10,15,0.031
49,10,15,0.032
50,10,15,0.031
51,10,16,0.035
52,10,16,0.039
53,10,16,0.045
54,10,16,0.032
55,10,16,0.039
56,10,16,0.042
57,10,16,0.037
58,10,16,0.04
59,10,16,0.038
60,10,16,0.038
61,10,17,0.035
62,10,17,0.037
63,10,17,0.035
64,10,17,0.04
65,10,17,0.038
66,10,17,0.056
67,10,17,0.037
68,10,17,0.04
69,10,17,0.039
70,10,17,0.04
71,10,18,0.035
72,10,18,0.036
73,10,18,0.039
74,10,18,0.036
75,10,18,0.049
76,10,18,0.04
77,10,18,0.036
78,10,18,0.038
79,10,18,0.035
80,10,18,0.036
81,10,19,0.044
82,10,19,0.04
83,10,19,0.044
84,10,19,0.044
85,10,19,0.04
86,10,19,0.049
87,10,19,0.036
88,10,19,0.04
89,10,19,0.049
90,10,19,0.042
91,10,20,0.045
92,10,20,0.041
93,10,20,0.042
94,10,20,0.048
95,10,20,0.053
96,10,20,0.041
97,10,20,0.05
98,10,20,0.043
99,10,20,0.042
100,10,20,0.044
101,10,21,0.054
102,10,21,0.047
103,10,21,0.047
104,10,21,0.044
105,10,21,0.05
106,10,21,0.042
107,10,21,0.05
108,10,21,0.038
109,10,21,0.043
110,10,21,0.042
111,10,22,0.048
112,10,22,0.058
113,10,22,0.07
114,10,22,0.057
115,10,22,0.056
116,10,22,0.049
117,10,22,0.044
118,10,22,0.052
119,10,22,0.053
120,10,22,0.046
121,10,23,0.056
122,10,23,0.055
123,10,23,0.051
124,10,23,0.057
125,10,23,0.067
126,10,23,0.068
127,10,23,0.048
128,10,23,0.055
129,10,23,0.05
130,10,23,0.091
131,10,24,0.053
132,10,24,0.059
133,10,24,0.05
134,10,24,0.055
135,10,24,0.05
136,10,24,0.046
137,10,24,0.054
138,10,24,0.052
139,10,24,0.043
140,10,24,0.053
141,10,25,0.066
142,10,25,0.05
143,10,25,0.066
144,10,25,0.051
145,10,25,0.06
146,10,25,0.056
147,10,25,0.051
148,10,25,0.06
149,10,25,0.051
150,10,25,0.063
151,10,26,0.057
152,10,26,0.065
153,10,26,0.058
154,10,26,0.062
155,10,26,0.056
156,10,26,0.071
157,10,26,0.119
158,10,26,0.049
159,10,26,0.068
160,10,26,0.054
161,10,27,0.071
162,10,27,0.074
163,10,27,0.064
164,10,27,0.063
165,10,27,0.062
166,10,27,0.06
167,10,27,0.067
168,10,27,0.054
169,10,27,0.153
170,10,27,0.096
171,10,28,0.054
172,10,28,0.067
173,10,28,0.066
174,10,28,0.147
175,10,28,0.078
176,10,28,0.073
177,10,28,0.07
178,10,28,0.066
179,10,28,0.061
180,10,28,0.083
181,10,29,0.086
182,10,29,0.083
183,10,29,0.069
184,10,29,0.08
185,10,29,0.084
186,10,29,0.077
187,10,29,0.068
188,10,29,0.106
189,10,29,0.074
190,10,29,0.076
191,10,30,0.171
192,10,30,0.06
193,10,30,0.082
194,10,30,0.074
195,10,30,0.078
196,10,30,0.082
197,10,30,0.069
198,10,30,0.066
199,10,30,0.192
200,10,30,0.086
201,10,31,0.107
202,10,31,0.16
203,10,31,0.072
204,10,31,0.077
205,10,31,0.077
206,10,31,0.067
207,10,31,0.08
208,10,31,0.077
209,10,31,0.07
210,10,31,0.075
211,10,32,0.058
212,10,32,0.083
213,10,32,0.07
214,10,32,0.08
215,10,32,0.08
216,10,32,0.07
217,10,32,0.095
218,10,32,0.098
219,10,32,0.078
220,10,32,0.112
221,10,33,0.093
222,10,33,0.191
223,10,33,0.08
224,10,33,0.065
225,10,33,0.085
226,10,33,0.07
227,10,33,0.089
228,10,33,0.08
229,10,33,0.083
230,10,33,0.107
231,10,34,0.176
232,10,34,0.246
233,10,34,0.113
234,10,34,0.082
235,10,34,0.113
236,10,34,0.089
237,10,34,0.142
238,10,34,0.078
239,10,34,0.074
240,10,34,0.082
241,10,35,0.089
242,10,35,0.08
243,10,35,0.091
244,10,35,0.078
245,10,35,0.063
246,10,35,0.109
247,10,35,0.078
248,10,35,0.084
249,10,35,0.082
250,10,35,0.106
251,10,36,0.076
252,10,36,0.097
253,10,36,0.252
254,10,36,0.086
255,10,36,0.099
256,10,36,0.092
257,10,36,0.084
258,10,36,0.092
259,10,36,0.648
260,10,36,0.091
261,10,37,0.053
262,10,37,0.278
263,10,37,0.077
264,10,37,0.113
265,10,37,0.062
266,10,37,0.208
267,10,37,0.178
268,10,37,0.094
269,10,37,0.087
270,10,37,0.078
271,10,38,0.107
272,10,38,0.132
273,10,38,0.098
274,10,38,0.178
275,10,38,0.075
276,10,38,0.093
277,10,38,0.096
278,10,38,0.074
279,10,38,0.064
280,10,38,0.111
281,10,39,0.064
282,10,39,0.101
283,10,39,0.077
284,10,39,0.098
285,10,39,0.117
286,10,39,0.078
287,10,39,0.072
288,10,39,0.076
289,10,39,0.064
290,10,39,0.095
291,10,40,0.097
292,10,40,0.066
293,10,40,0.073
294,10,40,0.123
295,10,40,0.078
296,10,40,1.546
297,10,40,0.089
298,10,40,0.091
299,10,40,0.098
300,10,40,0.199
301,10,41,0.104
302,10,41,0.079
303,10,41,0.082
304,10,41,0.122
305,10,41,0.095
306,10,41,0.103
307,10,41,0.061
308,10,41,0.102
309,10,41,0.093
310,10,41,0.086
311,10,42,0.251
312,10,42,0.16
313,10,42,0.095
314,10,42,0.091
315,10,42,0.097
316,10,42,0.132
317,10,42,0.099
318,10,42,0.131
319,10,42,0.157
320,10,42,0.134
321,10,43,0.163
322,10,43,4.006
323,10,43,0.14
324,10,43,0.096
325,10,43,0.097
326,10,43,0.325
327,10,43,0.094
328,10,43,0.112
329,10,43,0.103
330,10,43,0.088
331,10,44,0.075
332,10,44,0.129
333,10,44,0.113
334,10,44,0.268
335,10,44,0.094
336,10,44,0.084
337,10,44,0.07
338,10,44,0.11
339,10,44,0.125
340,10,44,0.085
341,10,45,0.07
342,10,45,0.079
343,10,45,0.097
344,10,45,0.093
345,10,45,0.095
346,10,45,0.078
347,10,45,0.6
348,10,45,0.085
349,10,45,0.198
350,10,45,0.108
351,10,46,0.104
352,10,46,0.102
353,10,46,0.096
354,10,46,0.094
355,10,46,0.244
356,10,46,0.707
357,10,46,0.194
358,10,46,0.114
359,10,46,0.092
360,10,46,0.108
361,10,47,0.11
362,10,47,0.109
363,10,47,0.108
364,10,47,0.142
365,10,47,0.091
366,10,47,0.339
367,10,47,0.197
368,10,47,0.126
369,10,47,0.1
370,10,47,0.06
371,10,48,1.572
372,10,48,0.351
373,10,48,0.497
374,10,48,0.101
375,10,48,0.096
376,10,48,0.112
377,10,48,0.104
378,10,48,0.082
379,10,48,0.188
380,10,48,0.09
381,10,49,0.098
382,10,49,0.14
383,10,49,0.276
384,10,49,0.112
385,10,49,0.132
386,10,49,0.356
387,10,49,0.536
388,10,49,0.185
389,10,49,0.115
390,10,49,0.123
391,10,50,1.033
392,10,50,0.16
393,10,50,0.175
394,10,50,0.102
395,10,50,0.249
396,10,50,0.11
397,10,50,0.333
398,10,50,0.097
399,10,50,0.201
400,10,50,0.121
0,1,2,0.015
1,1,2,0.004
2,1,3,0.006
3,1,3,0.006
4,1,3,0.005
5,1,3,0.005
6,1,3,0.005
7,1,3,0.005
8,1,3,0.005
9,1,4,0.006
10,1,4,0.006
11,1,4,0.006
12,1,4,0.006
13,1,4,0.006
14,1,4,0.006
15,1,4,0.006
16,1,4,0.006
17,1,4,0.007
18,1,4,0.006
19,1,5,0.008
20,1,5,0.008
21,1,5,0.007
22,1,5,0.007
23,1,5,0.007
24,1,5,0.009
25,1,5,0.007
26,1,5,0.008
27,1,5,0.007
28,1,5,0.009
29,1,6,0.009
30,1,6,0.007
31,1,6,0.009
32,1,6,0.007
33,1,6,0.008
34,1,6,0.007
35,1,6,0.009
36,1,6,0.009
37,1,6,0.008
38,1,6,0.008
39,1,7,0.011
40,1,7,0.009
41,1,7,0.01
42,1,7,0.009
43,1,7,0.009
44,1,7,0.013
45,1,7,0.011
46,1,7,0.011
47,1,7,0.011
48,1,7,0.009
49,1,8,0.01
50,1,8,0.009
51,1,8,0.011
52,1,8,0.009
53,1,8,0.01
54,1,8,0.011
55,1,8,0.011
56,1,8,0.01
57,1,8,0.009
58,1,8,0.007
59,1,9,0.011
60,1,9,0.009
61,1,9,0.012
62,1,9,0.014
63,1,9,0.011
64,1,9,0.012
65,1,9,0.011
66,1,9,0.01
67,1,9,0.011
68,1,9,0.013
69,1,10,0.009
70,1,10,0.014
71,1,10,0.013
72,1,10,0.012
73,1,10,0.015
74,1,10,0.012
75,1,10,0.013
76,1,10,0.01
77,1,10,0.014
78,1,10,0.013
79,1,11,0.014
80,1,11,0.013
81,1,11,0.015
82,1,11,0.019
83,1,11,0.013
84,1,11,0.014
85,1,11,0.012
86,1,11,0.015
87,1,11,0.015
88,1,11,0.014
89,1,12,0.016
90,1,12,0.014
91,1,12,0.018
92,1,12,0.019
93,1,12,0.019
94,1,12,0.015
95,1,12,0.019
96,1,12,0.015
97,1,12,0.016
98,1,12,0.014
99,1,13,0.015
100,1,13,0.015
101,1,13,0.017
102,1,13,0.027
103,1,13,0.016
104,1,13,0.019
105,1,13,0.016
106,1,13,0.015
107,1,13,0.014
108,1,13,0.014
109,1,14,0.019
110,1,14,0.017
111,1,14,0.018
112,1,14,0.014
113,1,14,0.016
114,1,14,0.02
115,1,14,0.017
116,1,14,0.024
117,1,14,0.015
118,1,14,0.017
119,1,15,0.02
120,1,15,0.015
121,1,15,0.02
122,1,15,0.013
123,1,15,0.013
124,1,15,0.023
125,1,15,0.015
126,1,15,0.021
127,1,15,0.022
128,1,15,0.016
129,1,16,0.019
130,1,16,0.024
131,1,16,0.019
132,1,16,0.02
133,1,16,0.025
134,1,16,0.018
135,1,16,0.025
136,1,16,0.017
137,1,16,0.02
138,1,16,0.029
139,1,17,0.022
140,1,17,0.019
141,1,17,0.021
142,1,17,0.022
143,1,17,0.129
144,1,17,0.023
145,1,17,0.038
146,1,17,0.021
147,1,17,0.021
148,1,17,0.018
149,1,18,0.023
150,1,18,0.021
151,1,18,0.018
152,1,18,0.014
153,1,18,0.029
154,1,18,0.018
155,1,18,0.02
156,1,18,0.03
157,1,18,0.022
158,1,18,0.019
159,1,19,0.013
160,1,19,0.021
161,1,19,0.023
162,1,19,0.02
163,1,19,0.015
164,1,19,0.022
165,1,19,0.035
166,1,19,0.028
167,1,19,0.025
168,1,19,0.024
169,1,20,0.018
170,1,20,0.024
171,1,20,0.028
172,1,20,0.024
173,1,20,0.019
174,1,20,0.028
175,1,20,0.028
176,1,20,0.024
177,1,20,0.024
178,1,20,0.023
179,1,21,0.023
180,1,21,0.029
181,1,21,0.022
182,1,21,0.023
183,1,21,0.033
184,1,21,0.021
185,1,21,0.04
186,1,21,0.016
187,1,21,0.022
188,1,21,0.024
189,1,22,0.027
190,1,22,0.017
191,1,22,0.033
192,1,22,0.049
193,1,22,0.028
194,1,22,0.019
195,1,22,0.028
196,1,22,0.038
197,1,22,0.031
198,1,22,0.028
199,1,23,0.03
200,1,23,0.034
201,1,23,0.021
202,1,23,0.036
203,1,23,0.027
204,1,23,0.027
205,1,23,0.022
206,1,23,0.019
207,1,23,0.034
208,1,23,0.032
209,1,24,0.024
210,1,24,0.038
211,1,24,0.031
212,1,24,0.026
213,1,24,0.018
214,1,24,0.024
215,1,24,0.027
216,1,24,0.025
217,1,24,0.018
218,1,24,0.022
219,1,25,0.024
220,1,25,0.032
221,1,25,0.034
222,1,25,0.017
223,1,25,0.041
224,1,25,0.022
225,1,25,0.04
226,1,25,0.021
227,1,25,0.033
228,1,25,0.033
229,1,26,0.034
230,1,26,0.032
231,1,26,0.027
232,1,26,0.028
233,1,26,0.016
234,1,26,0.035
235,1,26,0.029
236,1,26,0.018
237,1,26,0.03
238,1,26,0.036
239,1,27,0.045
240,1,27,0.04
241,1,27,0.033
242,1,27,0.041
243,1,27,0.036
244,1,27,0.029
245,1,27,0.024
246,1,27,0.023
247,1,27,0.035
248,1,27,0.018
249,1,28,0.028
250,1,28,0.023
251,1,28,0.036
252,1,28,0.047
253,1,28,0.019
254,1,28,0.039
255,1,28,0.034
256,1,28,0.027
257,1,28,0.028
258,1,28,0.039
259,1,29,0.029
260,1,29,0.047
261,1,29,0.038
262,1,29,0.037
263,1,29,0.034
264,1,29,0.032
265,1,29,0.037
266,1,29,0.036
267,1,29,0.035
268,1,29,0.041
269,1,30,0.041
270,1,30,0.052
271,1,30,0.03
272,1,30,0.045
273,1,30,0.042
274,1,30,0.049
275,1,30,0.037
276,1,30,0.039
277,1,30,0.038
278,1,30,0.036
279,1,31,0.041
280,1,31,0.044
281,1,31,0.041
282,1,31,0.044
283,1,31,0.043
284,1,31,0.03
285,1,31,0.047
286,1,31,0.047
287,1,31,0.042
288,1,31,0.037
289,1,32,0.037
290,1,32,0.024
291,1,32,0.04
292,1,32,0.04
293,1,32,0.031
294,1,32,0.045
295,1,32,0.041
296,1,32,0.03
297,1,32,0.046
298,1,32,0.041
299,1,33,0.048
300,1,33,0.047
301,1,33,0.033
302,1,33,0.085
303,1,33,0.064
304,1,33,0.045
305,1,33,0.039
306,1,33,0.034
307,1,33,0.038
308,1,33,0.023
309,1,34,0.044
310,1,34,0.029
311,1,34,0.035
312,1,34,0.044
313,1,34,0.034
314,1,34,0.035
315,1,34,0.042
316,1,34,0.055
317,1,34,0.042
318,1,34,0.042
319,1,35,0.152
320,1,35,0.031
321,1,35,0.042
322,1,35,0.047
323,1,35,0.028
324,1,35,0.236
325,1,35,0.081
326,1,35,0.036
327,1,35,0.046
328,1,35,0.047
329,1,36,0.14
330,1,36,0.048
331,1,36,0.117
332,1,36,0.044
333,1,36,0.043
334,1,36,0.027
335,1,36,0.049
336,1,36,0.039
337,1,36,0.046
338,1,36,0.033
339,1,37,0.034
340,1,37,0.021
341,1,37,0.043
342,1,37,0.065
343,1,37,0.053
344,1,37,0.042
345,1,37,0.087
346,1,37,0.047
347,1,37,0.043
348,1,37,0.135
349,1,38,0.027
350,1,38,0.031
351,1,38,0.041
352,1,38,0.048
353,1,38,0.044
354,1,38,0.064
355,1,38,0.064
356,1,38,0.05
357,1,38,0.049
358,1,38,0.034
359,1,39,0.045
360,1,39,0.04
361,1,39,0.036
362,1,39,0.069
363,1,39,0.048
364,1,39,0.032
365,1,39,0.036
366,1,39,0.047
367,1,39,0.044
368,1,39,0.086
369,1,40,0.039
370,1,40,0.036
371,1,40,0.066
372,1,40,0.04
373,1,40,0.042
374,1,40,0.063
375,1,40,0.031
376,1,40,0.076
377,1,40,0.037
378,1,40,0.107
379,1,41,0.037
380,1,41,0.113
381,1,41,0.048
382,1,41,0.044
383,1,41,0.047
384,1,41,0.045
385,1,41,0.052
386,1,41,0.037
387,1,41,0.049
388,1,41,0.047
389,1,42,0.05
390,1,42,0.183
391,1,42,0.534
392,1,42,0.037
393,1,42,0.061
394,1,42,0.036
395,1,42,0.045
396,1,42,0.051
397,1,42,0.054
398,1,42,0.049
399,1,43,0.052
400,1,43,0.093
401,1,43,0.076
402,1,43,0.16
403,1,43,0.061
404,1,43,0.039
405,1,43,0.049
406,1,43,0.046
407,1,43,0.087
408,1,43,0.055
409,1,44,0.148
410,1,44,0.044
411,1,44,0.036
412,1,44,0.095
413,1,44,0.04
414,1,44,0.09
415,1,44,0.066
416,1,44,0.066
417,1,44,0.057
418,1,44,0.08
419,1,45,0.09
420,1,45,0.044
421,1,45,0.425
422,1,45,0.08
423,1,45,0.077
424,1,45,0.054
425,1,45,0.031
426,1,45,0.052
427,1,45,0.098
428,1,45,0.046
429,1,46,0.055
430,1,46,0.026
431,1,46,0.037
432,1,46,0.05
433,1,46,0.135
434,1,46,0.047
435,1,46,0.027
436,1,46,0.06
437,1,46,0.09
438,1,46,0.076
439,1,47,0.029
440,1,47,0.045
441,1,47,0.05
442,1,47,0.077
443,1,47,0.059
444,1,47,0.061
445,1,47,0.043
446,1,47,0.029
447,1,47,0.055
448,1,47,0.077
449,1,48,0.102
450,1,48,0.032
451,1,48,0.102
452,1,48,0.061
453,1,48,0.1
454,1,48,0.048
455,1,48,0.043
456,1,48,0.5
457,1,48,0.046
458,1,48,0.161
459,1,49,0.044
460,1,49,0.075
461,1,49,0.05
462,1,49,0.043
463,1,49,0.223
464,1,49,0.07
465,1,49,0.05
466,1,49,0.028
467,1,49,0.116
468,1,49,0.053
469,1,50,0.055
470,1,50,0.057
471,1,50,0.089
472,1,50,0.149
473,1,50,0.073
474,1,50,0.04
475,1,50,0.04
476,1,50,0.064
477,1,50,0.132
478,1,50,0.051
0,15,15,0.064
1,15,16,0.05
2,15,18,0.056
3,15,18,0.052
4,15,18,0.061
5,15,18,0.053
6,15,18,0.057
7,15,18,0.413
8,15,18,0.053
9,15,18,0.054
10,15,18,0.052
11,15,18,0.054
12,15,19,0.062
13,15,19,0.062
14,15,19,0.064
15,15,19,0.057
16,15,19,0.075
17,15,19,0.069
18,15,19,0.058
19,15,19,0.055
20,15,19,0.058
21,15,19,0.059
22,15,20,0.057
23,15,20,0.062
24,15,20,0.061
25,15,20,0.063
26,15,20,0.061
27,15,20,0.057
28,15,20,0.059
29,15,20,0.06
30,15,20,0.061
31,15,20,0.061
32,15,21,0.058
33,15,21,0.06
34,15,21,0.061
35,15,21,0.06
36,15,21,0.061
37,15,21,0.063
38,15,21,0.061
39,15,21,0.059
40,15,21,0.059
41,15,21,0.063
42,15,22,0.071
43,15,22,0.064
44,15,22,0.062
45,15,22,0.066
46,15,22,1.653
47,15,22,0.068
48,15,22,0.063
49,15,22,0.065
50,15,22,0.06
51,15,22,0.064
52,15,23,0.066
53,15,23,0.064
54,15,23,0.062
55,15,23,0.061
56,15,23,0.086
57,15,23,0.062
58,15,23,0.066
59,15,23,0.069
60,15,23,0.066
61,15,23,0.073
62,15,24,0.073
63,15,24,0.066
64,15,24,0.092
65,15,24,0.067
66,15,24,0.066
67,15,24,0.063
68,15,24,0.078
69,15,24,0.066
70,15,24,0.069
71,15,24,0.08
72,15,25,0.103
73,15,25,0.076
74,15,25,0.078
75,15,25,0.085
76,15,25,0.075
77,15,25,0.113
78,15,25,0.072
79,15,25,0.074
80,15,25,0.071
81,15,25,0.171
82,15,26,0.093
83,15,26,0.074
84,15,26,0.076
85,15,26,0.074
86,15,26,0.074
87,15,26,0.073
88,15,26,0.115
89,15,26,0.078
90,15,26,0.085
91,15,26,0.079
92,15,27,0.152
93,15,27,0.074
94,15,27,0.071
95,15,27,0.077
96,15,27,0.074
97,15,27,0.075
98,15,27,0.081
99,15,27,0.178
100,15,27,0.077
101,15,27,0.072
102,15,28,0.08
103,15,28,0.084
104,15,28,0.101
105,15,28,0.08
106,15,28,0.083
107,15,28,0.073
108,15,28,0.097
109,15,28,0.095
110,15,28,0.079
111,15,28,0.095
112,15,29,0.082
113,15,29,0.083
114,15,29,0.108
115,15,29,0.09
116,15,29,0.082
117,15,29,0.075
118,15,29,0.106
119,15,29,0.08
120,15,29,0.083
121,15,29,0.106
122,15,30,0.09
123,15,30,0.094
124,15,30,0.095
125,15,30,0.083
126,15,30,0.103
127,15,30,0.087
128,15,30,0.086
129,15,30,0.075
130,15,30,0.102
131,15,30,6.728
132,15,31,0.086
133,15,31,0.084
134,15,31,0.093
135,15,31,0.087
136,15,31,0.094
137,15,31,0.102
138,15,31,0.15
139,15,31,0.082
140,15,31,0.09
141,15,31,0.123
142,15,32,0.091
143,15,32,0.139
144,15,32,0.092
145,15,32,0.093
146,15,32,0.08
147,15,32,0.085
148,15,32,0.099
149,15,32,0.085
150,15,32,0.105
151,15,32,0.085
152,15,33,12.983
153,15,33,0.091
154,15,33,0.085
155,15,33,0.078
156,15,33,0.163
157,15,33,0.115
158,15,33,0.09
159,15,33,0.14
160,15,33,0.083
161,15,33,0.11
162,15,34,4.343
163,15,34,0.117
164,15,34,0.108
165,15,34,0.094
166,15,34,0.096
167,15,34,0.101
168,15,34,0.103
169,15,34,0.112
170,15,34,0.121
171,15,34,0.146
172,15,35,0.109
173,15,35,0.118
174,15,35,0.123
175,15,35,0.12
176,15,35,0.1
177,15,35,0.157
178,15,35,0.104
179,15,35,0.102
180,15,35,0.098
181,15,35,0.103
182,15,36,0.149
183,15,36,0.129
184,15,36,0.12
185,15,36,0.175
186,15,36,0.105
187,15,36,0.088
188,15,36,0.115
189,15,36,0.104
190,15,36,0.219
191,15,36,0.092
192,15,37,0.119
193,15,37,0.122
194,15,37,0.13
195,15,37,0.093
196,15,37,0.103
197,15,37,0.095
198,15,37,0.092
199,15,37,0.35
200,15,37,0.238
201,15,37,0.118
202,15,38,0.127
203,15,38,0.103
204,15,38,0.107
205,15,38,2.893
206,15,38,0.112
207,15,38,0.098
208,15,38,0.11
209,15,38,0.101
210,15,38,0.097
211,15,38,0.162
212,15,39,0.142
213,15,39,0.122
214,15,39,0.14
215,15,39,1.798
216,15,39,0.113
217,15,39,0.116
218,15,39,0.127
219,15,39,0.16
220,15,39,0.127
221,15,39,0.12
222,15,40,0.365
223,15,40,0.112
224,15,40,0.116
225,15,40,0.101
226,15,40,0.136
227,15,40,0.2
228,15,40,0.381
229,15,40,0.782
230,15,40,0.16
231,15,40,0.112
232,15,41,0.123
233,15,41,0.568
234,15,41,0.116
235,15,41,0.132
236,15,41,0.402
237,15,41,0.134
238,15,41,0.139
239,15,41,0.248
240,15,41,0.114
241,15,41,0.118
242,15,42,0.109
243,15,42,0.117
244,15,42,0.132
245,15,42,0.114
246,15,42,0.136
247,15,42,0.126
248,15,42,0.117
249,15,42,0.156
250,15,42,0.125
251,15,42,0.112
252,15,43,0.136
253,15,43,0.113
254,15,43,0.106
255,15,43,0.18
256,15,43,0.117
257,15,43,1.135
258,15,43,0.123
259,15,43,0.193
260,15,43,0.121
261,15,43,0.106
262,15,44,0.155
263,15,44,0.126
264,15,44,0.164
265,15,44,0.118
266,15,44,0.148
267,15,44,0.145
268,15,44,0.153
269,15,44,0.164
270,15,44,0.144
271,15,44,0.147
272,15,45,2.657
273,15,45,0.123
274,15,45,0.147
275,15,45,0.212
276,15,45,0.162
277,15,45,0.136
278,15,45,0.132
279,15,45,0.535
280,15,45,0.209
281,15,45,0.154
282,15,46,0.163
283,15,46,0.271
284,15,46,0.147
285,15,46,0.141
286,15,46,0.274
287,15,46,0.291
288,15,46,0.163
289,15,46,0.131
290,15,46,0.125
291,15,46,0.142
292,15,47,0.143
293,15,47,0.147
294,15,47,0.151
295,15,47,0.152
296,15,47,0.134
297,15,47,0.159
298,15,47,0.287
299,15,47,0.181
300,15,47,0.204
301,15,47,0.126
302,15,48,0.685
303,15,48,0.169
304,15,48,0.929
305,15,48,0.939
306,15,48,0.113
307,15,48,0.145
308,15,48,0.139
309,15,48,0.212
310,15,48,0.094
311,15,48,0.133
312,15,49,0.129
313,15,49,1.432
314,15,49,0.143
315,15,49,0.153
316,15,49,0.914
317,15,49,0.136
318,15,49,5.718
319,15,49,0.136
320,15,49,0.174
321,15,49,0.883
322,15,50,0.765
323,15,50,0.131
324,15,50,0.345
325,15,50,0.136
326,15,50,0.148
327,15,50,0.126
328,15,50,0.117
329,15,50,0.132
330,15,50,0.237
331,15,50,0.786
0,5,5,0.023
1,5,5,0.015
2,5,5,0.008
3,5,5,0.01
4,5,5,0.01
5,5,5,0.009
6,5,5,0.009
7,5,5,0.01
8,5,5,0.009
9,5,5,0.01
10,5,6,0.011
11,5,6,0.011
12,5,6,0.011
13,5,6,0.01
14,5,6,0.011
15,5,6,0.011
16,5,6,0.012
17,5,6,0.012
18,5,6,0.012
19,5,6,0.012
20,5,7,0.013
21,5,7,0.013
22,5,7,0.013
23,5,7,0.013
24,5,7,0.012
25,5,7,0.013
26,5,7,0.014
27,5,7,0.013
28,5,7,0.015
29,5,7,0.015
30,5,8,0.014
31,5,8,0.013
32,5,8,0.015
33,5,8,0.014
34,5,8,0.015
35,5,8,0.014
36,5,8,0.014
37,5,8,0.018
38,5,8,0.016
39,5,8,0.014
40,5,9,0.018
41,5,9,0.016
42,5,9,0.015
43,5,9,0.016
44,5,9,0.015
45,5,9,0.016
46,5,9,0.016
47,5,9,0.015
48,5,9,0.015
49,5,9,0.019
50,5,10,0.017
51,5,10,0.019
52,5,10,0.017
53,5,10,0.017
54,5,10,0.017
55,5,10,0.017
56,5,10,0.017
57,5,10,0.018
58,5,10,0.017
59,5,10,0.018
60,5,11,0.026
61,5,11,0.019
62,5,11,0.019
63,5,11,0.022
64,5,11,0.018
65,5,11,0.019
66,5,11,0.024
67,5,11,0.021
68,5,11,0.021
69,5,11,0.021
70,5,12,0.023
71,5,12,0.021
72,5,12,0.032
73,5,12,0.017
74,5,12,0.022
75,5,12,0.022
76,5,12,0.02
77,5,12,0.022
78,5,12,0.021
79,5,12,0.025
80,5,13,0.022
81,5,13,0.024
82,5,13,0.026
83,5,13,0.018
84,5,13,0.023
85,5,13,0.021
86,5,13,0.023
87,5,13,0.02
88,5,13,0.021
89,5,13,0.021
90,5,14,0.023
91,5,14,0.021
92,5,14,0.024
93,5,14,0.022
94,5,14,0.023
95,5,14,0.026
96,5,14,0.025
97,5,14,0.028
98,5,14,0.022
99,5,14,0.022
100,5,15,0.023
101,5,15,0.146
102,5,15,0.024
103,5,15,0.023
104,5,15,0.031
105,5,15,0.031
106,5,15,0.024
107,5,15,0.02
108,5,15,0.022
109,5,15,0.019
110,5,16,0.025
111,5,16,0.028
112,5,16,0.025
113,5,16,0.031
114,5,16,0.023
115,5,16,0.025
116,5,16,0.031
117,5,16,0.031
118,5,16,0.027
119,5,16,0.026
120,5,17,0.026
121,5,17,0.036
122,5,17,0.028
123,5,17,0.025
124,5,17,0.034
125,5,17,0.025
126,5,17,0.022
127,5,17,0.029
128,5,17,0.029
129,5,17,0.031
130,5,18,0.046
131,5,18,0.032
132,5,18,0.04
133,5,18,0.032
134,5,18,0.033
135,5,18,0.029
136,5,18,0.024
137,5,18,0.023
138,5,18,0.036
139,5,18,0.025
140,5,19,0.034
141,5,19,0.023
142,5,19,0.027
143,5,19,0.029
144,5,19,0.035
145,5,19,0.03
146,5,19,0.036
147,5,19,0.03
148,5,19,0.025
149,5,19,0.03
150,5,20,0.036
151,5,20,0.044
152,5,20,0.042
153,5,20,0.028
154,5,20,0.033
155,5,20,0.039
156,5,20,0.04
157,5,20,0.042
158,5,20,0.037
159,5,20,0.034
160,5,21,0.044
161,5,21,0.031
162,5,21,0.041
163,5,21,0.05
164,5,21,0.044
165,5,21,0.04
166,5,21,0.039
167,5,21,0.043
168,5,21,0.047
169,5,21,0.037
170,5,22,0.048
171,5,22,0.02
172,5,22,0.044
173,5,22,0.032
174,5,22,0.035
175,5,22,0.05
176,5,22,0.031
177,5,22,0.037
178,5,22,0.03
179,5,22,0.054
180,5,23,0.044
181,5,23,0.042
182,5,23,0.046
183,5,23,0.04
184,5,23,0.031
185,5,23,0.042
186,5,23,0.03
187,5,23,0.028
188,5,23,0.042
189,5,23,0.033
190,5,24,0.044
191,5,24,0.041
192,5,24,0.065
193,5,24,0.043
194,5,24,0.053
195,5,24,0.098
196,5,24,0.044
197,5,24,0.042
198,5,24,0.042
199,5,24,0.038
200,5,25,0.058
201,5,25,0.042
202,5,25,0.039
203,5,25,0.052
204,5,25,0.046
205,5,25,0.043
206,5,25,0.051
207,5,25,0.042
208,5,25,0.041
209,5,25,0.064
210,5,26,0.043
211,5,26,0.036
212,5,26,0.046
213,5,26,0.049
214,5,26,0.051
215,5,26,0.334
216,5,26,0.061
217,5,26,0.05
218,5,26,0.076
219,5,26,0.048
220,5,27,0.039
221,5,27,0.058
222,5,27,0.161
223,5,27,0.07
224,5,27,0.085
225,5,27,0.072
226,5,27,0.051
227,5,27,0.063
228,5,27,0.045
229,5,27,0.041
230,5,28,0.055
231,5,28,0.042
232,5,28,0.039
233,5,28,0.044
234,5,28,0.049
235,5,28,0.056
236,5,28,0.051
237,5,28,0.04
238,5,28,0.046
239,5,28,0.065
240,5,29,0.051
241,5,29,0.045
242,5,29,0.041
243,5,29,0.048
244,5,29,0.058
245,5,29,0.053
246,5,29,0.045
247,5,29,0.052
248,5,29,0.656
249,5,29,0.071
250,5,30,0.062
251,5,30,0.069
252,5,30,0.051
253,5,30,0.047
254,5,30,0.042
255,5,30,0.093
256,5,30,0.049
257,5,30,0.062
258,5,30,0.047
259,5,30,0.036
260,5,31,0.047
261,5,31,0.085
262,5,31,0.083
263,5,31,0.078
264,5,31,0.055
265,5,31,0.056
266,5,31,0.042
267,5,31,0.057
268,5,31,0.043
269,5,31,0.054
270,5,32,0.086
271,5,32,0.057
272,5,32,0.083
273,5,32,0.051
274,5,32,0.065
275,5,32,0.058
276,5,32,0.066
277,5,32,0.052
278,5,32,0.107
279,5,32,0.123
280,5,33,0.059
281,5,33,0.066
282,5,33,0.105
283,5,33,0.137
284,5,33,0.713
285,5,33,0.063
286,5,33,0.071
287,5,33,0.049
288,5,33,0.077
289,5,33,0.054
290,5,34,0.039
291,5,34,0.049
292,5,34,0.045
293,5,34,0.051
294,5,34,0.17
295,5,34,0.233
296,5,34,0.113
297,5,34,0.217
298,5,34,0.051
299,5,34,0.058
300,5,35,0.11
301,5,35,0.066
302,5,35,0.048
303,5,35,0.067
304,5,35,0.33
305,5,35,0.064
306,5,35,0.07
307,5,35,0.227
308,5,35,0.06
309,5,35,0.034
310,5,36,0.06
311,5,36,0.106
312,5,36,0.074
313,5,36,0.848
314,5,36,0.064
315,5,36,0.052
316,5,36,0.08
317,5,36,0.088
318,5,36,0.065
319,5,36,0.077
320,5,37,0.347
321,5,37,0.062
322,5,37,0.101
323,5,37,0.076
324,5,37,0.054
325,5,37,0.054
326,5,37,0.095
327,5,37,0.065
328,5,37,0.049
329,5,37,0.087
330,5,38,0.535
331,5,38,0.647
332,5,38,0.07
333,5,38,0.068
334,5,38,0.056
335,5,38,0.155
336,5,38,0.068
337,5,38,0.053
338,5,38,0.096
339,5,38,0.075
340,5,39,0.117
341,5,39,0.21
342,5,39,0.121
343,5,39,0.228
344,5,39,6.35
345,5,39,0.059
346,5,39,0.074
347,5,39,0.075
348,5,39,0.145
349,5,39,0.156
350,5,40,0.091
351,5,40,0.086
352,5,40,0.055
353,5,40,0.087
354,5,40,0.058
355,5,40,0.062
356,5,40,0.167
357,5,40,0.069
358,5,40,0.072
359,5,40,0.057
360,5,41,0.501
361,5,41,0.096
362,5,41,0.158
363,5,41,0.059
364,5,41,0.07
365,5,41,0.072
366,5,41,0.06
367,5,41,0.047
368,5,41,0.207
369,5,41,0.071
370,5,42,0.037
371,5,42,0.173
372,5,42,0.059
373,5,42,0.094
374,5,42,0.074
375,5,42,0.099
376,5,42,0.073
377,5,42,0.053
378,5,42,0.425
379,5,42,0.744
380,5,43,0.249
381,5,43,0.088
382,5,43,0.129
383,5,43,0.063
384,5,43,0.051
385,5,43,0.054
386,5,43,0.109
387,5,43,0.069
388,5,43,0.069
389,5,43,0.065
390,5,44,1.842
391,5,44,2.52
392,5,44,0.076
393,5,44,0.064
394,5,44,0.081
395,5,44,0.284
396,5,44,0.062
397,5,44,0.293
398,5,44,0.067
399,5,44,0.053
400,5,45,0.077
401,5,45,0.068
402,5,45,0.339
403,5,45,0.096
404,5,45,0.05
405,5,45,0.438
406,5,45,2.332
407,5,45,0.058
408,5,45,0.059
409,5,45,0.072
410,5,46,0.086
411,5,46,0.048
412,5,46,0.101
413,5,46,0.055
414,5,46,0.085
415,5,46,0.082
416,5,46,0.068
417,5,46,0.045
418,5,46,0.301
419,5,46,0.147
420,5,47,0.091
421,5,47,0.093
422,5,47,0.063
423,5,47,0.186
424,5,47,0.187
425,5,47,0.37
426,5,47,6.406
427,5,47,0.274
428,5,47,0.107
429,5,47,0.088
430,5,48,0.077
431,5,48,0.072
432,5,48,0.116
433,5,48,0.362
434,5,48,0.096
435,5,48,0.068
436,5,48,0.099
437,5,48,0.123
438,5,48,0.133
439,5,48,0.122
440,5,49,0.377
441,5,49,0.393
442,5,49,1.268
443,5,49,0.073
444,5,49,0.078
445,5,49,0.063
446,5,49,0.57
447,5,49,0.114
448,5,49,0.114
449,5,49,0.404
450,5,50,0.064
451,5,50,0.101
452,5,50,0.459
453,5,50,0.11
454,5,50,0.076
455,5,50,0.636
456,5,50,0.096
457,5,50,0.264
458,5,50,0.065
459,5,50,0.09
0,10,51,0.133
1,10,51,0.789
2,10,51,0.458
3,10,51,0.094
4,10,51,0.097
5,10,51,0.096
6,10,51,0.121
7,10,51,0.102
8,10,51,0.13
9,10,51,4.741
10,10,52,0.596
11,10,52,0.262
12,10,52,0.249
13,10,52,0.089
14,10,52,0.129
15,10,52,0.199
16,10,52,0.125
17,10,52,0.929
18,10,52,0.125
19,10,52,0.138
20,10,53,0.186
21,10,53,0.12
22,10,53,3.793
23,10,53,0.153
24,10,53,0.124
25,10,53,0.264
26,10,53,0.122
27,10,53,0.135
28,10,53,0.248
29,10,53,0.636
30,10,54,0.114
31,10,54,0.254
32,10,54,5.157
33,10,54,0.37
34,10,54,0.121
35,10,54,0.113
36,10,54,0.202
37,10,54,0.167
38,10,54,0.139
39,10,54,0.104
40,10,55,0.762
41,10,55,0.218
42,10,55,0.504
43,10,55,0.297
44,10,55,0.155
45,10,55,0.15
46,10,55,0.133
47,10,55,1.902
48,10,55,0.101
49,10,55,4.876
50,10,56,5.515
51,10,56,0.1
52,10,56,5.288
53,10,56,0.191
54,10,56,0.111
55,10,56,0.26
56,10,56,4.07
57,10,56,0.1
58,10,56,0.147
59,10,56,0.116
60,10,57,0.124
61,10,57,0.158
62,10,57,0.27
63,10,57,0.2
64,10,57,0.225
65,10,57,0.228
66,10,57,0.453
67,10,57,0.169
68,10,57,0.176
69,10,57,0.326
70,10,58,0.37
71,10,58,0.236
72,10,58,3.879
73,10,58,0.322
74,10,58,0.127
75,10,58,0.136
76,10,58,0.146
77,10,58,0.84
78,10,58,0.1
79,10,58,0.254
80,10,59,0.371
81,10,59,0.134
82,10,59,0.134
83,10,59,0.123
84,10,59,0.562
85,10,59,0.128
86,10,59,0.36
87,10,59,0.093
88,10,59,4.858
89,10,59,0.46
90,10,60,2.182
91,10,60,249.428
92,10,60,0.171
93,10,60,0.197
94,10,60,0.128
95,10,60,0.129
96,10,60,0.13
97,10,60,0.935
98,10,60,4.516
99,10,60,0.098
0,1,51,0.127
1,1,51,0.047
2,1,51,0.031
3,1,51,0.029
4,1,51,0.065
5,1,51,0.178
6,1,51,0.066
7,1,51,0.489
8,1,51,0.054
9,1,51,0.028
10,1,52,0.073
11,1,52,0.047
12,1,52,0.054
13,1,52,0.085
14,1,52,0.636
15,1,52,0.129
16,1,52,0.03
17,1,52,0.059
18,1,52,0.043
19,1,52,0.123
20,1,53,0.037
21,1,53,0.078
22,1,53,0.254
23,1,53,0.14
24,1,53,0.065
25,1,53,0.068
26,1,53,0.233
27,1,53,0.189
28,1,53,0.095
29,1,53,0.087
30,1,54,0.046
31,1,54,0.044
32,1,54,0.065
33,1,54,0.05
34,1,54,0.125
35,1,54,0.215
36,1,54,0.236
37,1,54,0.03
38,1,54,0.115
39,1,54,0.08
40,1,55,0.198
41,1,55,0.047
42,1,55,0.414
43,1,55,0.355
44,1,55,0.033
45,1,55,0.235
46,1,55,0.07
47,1,55,0.055
48,1,55,0.096
49,1,55,0.081
50,1,56,0.068
51,1,56,0.355
52,1,56,0.042
53,1,56,0.07
54,1,56,0.043
55,1,56,0.1
56,1,56,0.515
57,1,56,0.16
58,1,56,0.055
59,1,56,0.058
60,1,57,0.046
61,1,57,0.033
62,1,57,0.04
63,1,57,0.091
64,1,57,0.049
65,1,57,0.083
66,1,57,0.051
67,1,57,0.142
68,1,57,0.104
69,1,57,0.269
70,1,58,0.072
71,1,58,0.071
72,1,58,0.051
73,1,58,0.051
74,1,58,0.058
75,1,58,0.056
76,1,58,0.071
77,1,58,0.196
78,1,58,0.055
79,1,58,0.083
80,1,59,0.082
81,1,59,0.053
82,1,59,0.044
83,1,59,0.079
84,1,59,0.088
85,1,59,0.206
86,1,59,0.051
87,1,59,0.137
88,1,59,0.106
89,1,59,0.068
90,1,60,0.086
91,1,60,0.144
92,1,60,0.065
93,1,60,0.039
94,1,60,0.07
95,1,60,0.049
96,1,60,0.243
97,1,60,0.031
98,1,60,0.057
99,1,60,0.09
0,15,51,0.212
1,15,51,0.211
2,15,51,5.95
3,15,51,0.178
4,15,51,0.157
5,15,51,0.115
6,15,51,0.153
7,15,51,0.136
8,15,51,0.151
9,15,51,0.141
10,15,52,0.3
11,15,52,0.149
12,15,52,0.182
13,15,52,0.162
14,15,52,0.132
15,15,52,0.181
16,15,52,0.139
17,15,52,0.187
18,15,52,0.137
19,15,52,0.294
20,15,53,0.208
21,15,53,0.168
22,15,53,0.195
23,15,53,0.122
24,15,53,0.167
25,15,53,0.157
26,15,53,0.18
27,15,53,0.135
28,15,53,0.133
29,15,53,1.285
30,15,54,5.177
31,15,54,0.46
32,15,54,0.187
33,15,54,0.121
34,15,54,0.138
35,15,54,0.321
36,15,54,0.355
37,15,54,4.557
38,15,54,0.21
39,15,54,0.152
40,15,55,0.141
41,15,55,0.163
42,15,55,0.199
43,15,55,0.166
44,15,55,0.496
45,15,55,0.169
46,15,55,0.182
47,15,55,0.219
48,15,55,0.161
49,15,55,0.174
50,15,56,2.061
51,15,56,0.169
52,15,56,1.104
53,15,56,1.295
54,15,56,0.289
55,15,56,2.596
56,15,56,0.13
57,15,56,0.693
58,15,56,0.253
59,15,56,0.198
60,15,57,0.199
61,15,57,0.176
62,15,57,0.118
63,15,57,5.774
64,15,57,0.169
65,15,57,0.168
66,15,57,0.23
67,15,57,0.153
68,15,57,0.247
69,15,57,0.206
70,15,58,0.173
71,15,58,0.161
72,15,58,8.402
73,15,58,0.2
74,15,58,10.151
75,15,58,0.579
76,15,58,0.186
77,15,58,0.148
78,15,58,0.254
79,15,58,0.288
80,15,59,0.401
81,15,59,0.196
82,15,59,0.177
83,15,59,0.292
84,15,59,0.326
85,15,59,0.304
86,15,59,0.299
87,15,59,0.215
88,15,59,0.158
89,15,59,0.25
90,15,60,8.213
91,15,60,0.505
92,15,60,1.084
93,15,60,0.15
94,15,60,0.178
95,15,60,0.171
96,15,60,0.156
97,15,60,0.245
98,15,60,0.164
99,15,60,1.819
0,5,51,0.087
1,5,51,0.398
2,5,51,0.683
3,5,51,0.05
4,5,51,0.744
5,5,51,0.076
6,5,51,0.077
7,5,51,0.099
8,5,51,0.073
9,5,51,0.1
10,5,52,0.067
11,5,52,0.12
12,5,52,0.06
13,5,52,0.106
14,5,52,0.048
15,5,52,0.225
16,5,52,0.054
17,5,52,0.079
18,5,52,0.086
19,5,52,0.063
20,5,53,0.087
21,5,53,0.076
22,5,53,0.097
23,5,53,0.578
24,5,53,0.199
25,5,53,0.093
26,5,53,0.066
27,5,53,1.261
28,5,53,0.101
29,5,53,1.424
30,5,54,19.217
31,5,54,0.071
32,5,54,0.084
33,5,54,0.083
34,5,54,0.463
35,5,54,0.124
36,5,54,0.188
37,5,54,0.111
38,5,54,0.094
39,5,54,0.133
40,5,55,3.715
41,5,55,0.076
42,5,55,0.074
43,5,55,0.069
44,5,55,0.071
45,5,55,0.645
46,5,55,0.11
47,5,55,0.093
48,5,55,0.117
49,5,55,0.109
50,5,56,0.091
51,5,56,2.156
52,5,56,0.064
53,5,56,0.114
54,5,56,0.14
55,5,56,0.831
56,5,56,0.094
57,5,56,1.374
58,5,56,0.071
59,5,56,0.106
60,5,57,0.951
61,5,57,0.085
62,5,57,1.477
63,5,57,0.294
64,5,57,0.089
65,5,57,0.262
66,5,57,0.067
67,5,57,0.116
68,5,57,0.135
69,5,57,0.11
70,5,58,3.339
71,5,58,0.245
72,5,58,0.081
73,5,58,1.818
74,5,58,0.086
75,5,58,0.109
76,5,58,0.776
77,5,58,0.155
78,5,58,0.061
79,5,58,0.179
80,5,59,0.103
81,5,59,0.099
82,5,59,0.066
83,5,59,9.01
84,5,59,0.336
85,5,59,0.154
86,5,59,0.067
87,5,59,0.491
88,5,59,0.265
89,5,59,0.178
90,5,60,0.084
91,5,60,0.117
92,5,60,0.062
93,5,60,0.14
94,5,60,0.163
95,5,60,0.092
96,5,60,0.118
97,5,60,0.066
98,5,60,0.841
99,5,60,0.242
0,10,61,0.31
1,10,61,0.382
2,10,61,0.131
3,10,61,0.196
4,10,61,0.198
5,10,61,0.965
6,10,61,0.546
7,10,61,0.149
8,10,61,0.139
9,10,61,0.119
10,10,62,0.086
11,10,62,1.337
12,10,62,0.384
13,10,62,0.792
14,10,62,0.13
15,10,62,0.238
16,10,62,0.147
17,10,62,0.729
18,10,62,0.152
19,10,62,0.157
20,10,63,0.102
21,10,63,0.223
22,10,63,0.248
23,10,63,0.107
24,10,63,0.138
25,10,63,0.523
26,10,63,1.575
27,10,63,0.14
28,10,63,0.646
29,10,63,0.178
30,10,64,0.174
31,10,64,62.909
32,10,64,0.165
33,10,64,0.144
34,10,64,0.235
35,10,64,0.204
36,10,64,0.455
37,10,64,0.148
38,10,64,0.14
39,10,64,0.139
40,10,65,0.124
41,10,65,0.145
42,10,65,0.092
43,10,65,0.172
44,10,65,0.128
45,10,65,0.259
46,10,65,0.211
47,10,65,0.089
48,10,65,0.172
49,10,65,0.201
50,10,66,0.381
51,10,66,0.16
52,10,66,0.226
53,10,66,0.187
54,10,66,3.062
55,10,66,0.098
56,10,66,171.64
57,10,66,0.122
58,10,66,0.135
59,10,66,0.2
60,10,67,0.146
61,10,67,48.56
62,10,67,0.204
63,10,67,0.194
64,10,67,0.33
65,10,67,0.174
66,10,67,0.174
67,10,67,0.155
68,10,67,0.284
69,10,67,0.137
70,10,68,3.836
71,10,68,11.554
72,10,68,0.218
73,10,68,0.126
74,10,68,0.163
75,10,68,0.864
76,10,68,16.896
77,10,68,0.127
78,10,68,6.866
79,10,68,0.195
80,10,69,0.119
81,10,69,0.212
82,10,69,0.277
83,10,69,0.128
84,10,69,0.343
85,10,69,3.261
86,10,69,0.145
0,15,61,0.221
1,15,61,0.211
2,15,61,0.17
3,15,61,0.386
4,15,61,0.218
5,15,61,3.7
6,15,61,0.208
7,15,61,0.214
8,15,61,4.669
9,15,61,3.675
10,15,62,0.177
11,15,62,0.156
12,15,62,0.18
13,15,62,0.145
14,15,62,0.926
15,15,62,0.435
16,15,62,0.177
17,15,62,0.19
18,15,62,0.287
19,15,62,0.134
20,15,63,0.158
21,15,63,2.268
22,15,63,0.191
23,15,63,0.19
24,15,63,0.184
25,15,63,0.2
26,15,63,0.189
27,15,63,17.267
28,15,63,0.205
29,15,63,0.417
30,15,64,0.408
31,15,64,277.276
32,15,64,0.147
33,15,64,0.174
34,15,64,0.209
35,15,64,0.623
36,15,64,0.186
37,15,64,0.885
38,15,64,0.576
39,15,64,0.194
40,15,65,0.194
41,15,65,0.212
42,15,65,0.241
43,15,65,0.347
44,15,65,0.2
45,15,65,0.542
46,15,65,3.12
47,15,65,0.657
48,15,65,0.442
49,15,65,0.588
50,15,66,0.467
51,15,66,0.35
52,15,66,9.497
53,15,66,0.238
54,15,66,0.483
55,15,66,0.189
56,15,66,0.52
57,15,66,0.207
58,15,66,0.176
59,15,66,0.992
60,15,67,0.299
61,15,67,0.188
62,15,67,0.795
63,15,67,0.166
64,15,67,83.099
65,15,67,0.187
66,15,67,0.172
67,15,67,0.298
68,15,67,0.329
69,15,67,0.59
70,15,68,0.193
71,15,68,0.125
72,15,68,0.207
73,15,68,0.13
74,15,68,0.26
75,15,68,0.859
76,15,68,0.186
77,15,68,0.226
78,15,68,0.196
79,15,68,0.171
80,15,69,2.402
81,15,69,0.17
82,15,69,16.743
83,15,69,0.258
84,15,69,0.207
85,15,69,0.3
86,15,69,5.346
87,15,69,0.252
88,15,69,0.273
89,15,69,0.26
90,15,70,0.401
91,15,70,29.16
92,15,70,0.165
93,15,70,0.201
94,15,70,5.144
95,15,70,0.164
96,15,70,0.169
97,15,70,0.204
98,15,70,0.325
99,15,70,0.511
0,1,61,0.067
1,1,61,0.096
2,1,61,0.084
3,1,61,0.127
4,1,61,0.122
5,1,61,0.147
6,1,61,0.284
7,1,61,0.125
8,1,61,0.032
9,1,61,0.06
10,1,62,0.031
11,1,62,0.039
12,1,62,0.086
13,1,62,0.158
14,1,62,0.279
15,1,62,0.126
16,1,62,0.076
17,1,62,0.149
18,1,62,0.338
19,1,62,0.066
20,1,63,0.058
21,1,63,0.07
22,1,63,0.064
23,1,63,0.094
24,1,63,0.211
25,1,63,0.465
26,1,63,0.097
27,1,63,0.104
28,1,63,0.339
29,1,63,0.085
30,1,64,0.056
31,1,64,0.097
32,1,64,2.896
33,1,64,0.096
34,1,64,0.376
35,1,64,0.06
36,1,64,0.101
37,1,64,0.139
38,1,64,0.075
39,1,64,0.062
40,1,65,0.057
41,1,65,0.071
42,1,65,0.078
43,1,65,0.091
44,1,65,0.085
45,1,65,0.479
46,1,65,0.563
47,1,65,0.416
48,1,65,0.205
49,1,65,0.035
50,1,66,0.123
51,1,66,0.305
52,1,66,0.252
53,1,66,0.114
54,1,66,0.115
55,1,66,0.079
56,1,66,0.128
57,1,66,0.156
58,1,66,0.086
59,1,66,0.065
60,1,67,0.126
61,1,67,0.088
62,1,67,0.159
63,1,67,0.188
64,1,67,0.281
65,1,67,0.517
66,1,67,0.048
67,1,67,0.126
68,1,67,0.077
69,1,67,0.08
70,1,68,0.125
71,1,68,0.084
72,1,68,0.072
73,1,68,0.729
74,1,68,0.108
75,1,68,0.202
76,1,68,0.136
77,1,68,0.09
78,1,68,0.086
79,1,68,0.064
80,1,69,0.056
81,1,69,0.111
82,1,69,0.152
83,1,69,0.073
84,1,69,0.082
85,1,69,0.229
86,1,69,0.055
87,1,69,0.1
88,1,69,0.173
89,1,69,0.144
90,1,70,0.052
91,1,70,0.102
92,1,70,0.081
93,1,70,0.078
94,1,70,0.036
95,1,70,0.111
96,1,70,0.233
97,1,70,0.091
98,1,70,0.071
99,1,70,0.102
0,5,61,0.209
1,5,61,0.347
2,5,61,0.11
3,5,61,0.352
4,5,61,0.196
5,5,61,0.103
6,5,61,5.913
7,5,61,0.058
8,5,61,0.266
9,5,61,0.082
10,5,62,1.199
11,5,62,0.047
12,5,62,0.123
13,5,62,0.127
14,5,62,2.086
15,5,62,0.31
16,5,62,0.11
17,5,62,0.074
18,5,62,0.86
19,5,62,0.216
20,5,63,10.92
21,5,63,0.082
22,5,63,0.117
23,5,63,0.186
24,5,63,0.076
25,5,63,0.076
26,5,63,0.108
27,5,63,0.084
28,5,63,0.109
29,5,63,35.123
30,5,64,0.099
31,5,64,0.229
32,5,64,0.15
33,5,64,0.301
34,5,64,0.097
35,5,64,57.821
36,5,64,0.215
37,5,64,0.881
38,5,64,0.091
39,5,64,0.074
40,5,65,0.11
41,5,65,0.157
42,5,65,0.097
43,5,65,0.065
44,5,65,0.579
45,5,65,1.037
46,5,65,0.072
47,5,65,2.265
48,5,65,4.479
49,5,65,1.07
50,5,66,0.311
51,5,66,15.373
52,5,66,0.213
53,5,66,1.845
54,5,66,0.471
55,5,66,1.166
56,5,66,0.102
57,5,66,0.145
58,5,66,0.403
59,5,66,2.736
60,5,67,0.135
61,5,67,0.129
62,5,67,0.1
63,5,67,0.132
64,5,67,0.078
65,5,67,0.246
66,5,67,0.704
67,5,67,0.165
68,5,67,16.485
69,5,67,33.02
70,5,68,3.223
71,5,68,0.1
72,5,68,0.077
73,5,68,115.371
74,5,68,0.16
75,5,68,0.151
76,5,68,0.174
77,5,68,2.423
78,5,68,0.107
79,5,68,1.026
80,5,69,0.123
81,5,69,0.076
82,5,69,0.18
83,5,69,10.956
84,5,69,0.078
85,5,69,1.878
86,5,69,0.063
87,5,69,0.776
88,5,69,0.396
89,5,69,8.972
90,5,70,0.099
91,5,70,0.179
92,5,70,7.878
93,5,70,0.833
94,5,70,0.956
95,5,70,0.124
96,5,70,9.749
97,5,70,0.83
98,5,70,0.116
99,5,70,0.058
0,10,71,0.306
1,10,71,1.333
2,10,71,0.211
3,10,71,0.13
4,10,71,7.794
5,10,71,0.155
6,10,71,0.127
7,10,71,0.155
8,10,71,4.557
9,10,71,41.042
10,10,72,0.5
11,10,72,0.153
12,10,72,0.196
13,10,72,88.97
14,10,72,0.238
15,10,72,0.156
16,10,72,0.203
17,10,72,2.491
18,10,72,1.813
19,10,72,10.284
20,10,73,0.604
21,10,73,0.219
22,10,73,20.621
23,10,73,0.107
24,10,73,0.232
25,10,73,1.226
26,10,73,0.399
27,10,73,1.145
28,10,73,5.782
29,10,73,0.239
30,10,74,0.234
31,10,74,0.512
32,10,74,0.184
33,10,74,0.987
34,10,74,0.178
35,10,74,0.143
36,10,74,0.789
37,10,74,0.202
38,10,74,0.239
39,10,74,0.189
40,10,75,0.151
41,10,75,14.775
42,10,75,0.167
43,10,75,71.77
44,10,75,0.29
45,10,75,0.16
46,10,75,7.913
47,10,75,0.13
48,10,75,53.036
49,10,75,0.115
0,15,71,3.159
1,15,71,0.357
2,15,71,0.875
3,15,71,0.217
4,15,71,0.234
5,15,71,0.712
6,15,71,0.239
7,15,71,0.18
8,15,71,0.924
9,15,71,0.198
10,15,72,0.246
11,15,72,0.463
12,15,72,27.768
0,1,71,0.07
1,1,71,0.074
2,1,71,0.102
3,1,71,0.903
4,1,71,0.054
5,1,71,0.038
6,1,71,0.324
7,1,71,0.102
8,1,71,0.059
9,1,71,0.743
10,1,72,0.07
11,1,72,0.079
12,1,72,0.108
13,1,72,0.047
14,1,72,0.091
15,1,72,0.171
16,1,72,0.068
17,1,72,0.066
18,1,72,0.083
19,1,72,0.062
20,1,73,0.125
21,1,73,0.111
22,1,73,0.218
23,1,73,0.092
24,1,73,0.068
25,1,73,1.138
26,1,73,0.056
27,1,73,1.281
28,1,73,0.042
29,1,73,0.116
30,1,74,0.153
31,1,74,0.086
32,1,74,0.512
33,1,74,0.521
34,1,74,1.51
35,1,74,0.108
36,1,74,0.097
37,1,74,0.597
38,1,74,0.058
39,1,74,0.124
40,1,75,0.089
41,1,75,0.318
42,1,75,0.062
43,1,75,0.119
44,1,75,0.109
45,1,75,0.219
46,1,75,0.182
47,1,75,0.063
48,1,75,0.077
49,1,75,0.067
0,5,71,0.127
1,5,71,0.088
2,5,71,0.076
3,5,71,1.58
4,5,71,0.25
5,5,71,0.101
6,5,71,44.652
7,5,71,0.805
8,5,71,0.153
9,5,71,6.981
10,5,72,0.158
11,5,72,0.144
12,5,72,0.639
13,5,72,0.206
14,5,72,0.698
15,5,72,1.628
16,5,72,0.127
17,5,72,1.731
18,5,72,0.365
19,5,72,9.914
20,5,73,0.886
21,5,73,0.227
22,5,73,0.167
23,5,73,0.072
24,5,73,0.2
25,5,73,0.094
26,5,73,0.268
27,5,73,0.126
28,5,73,0.157
29,5,73,0.169
30,5,74,5.509
31,5,74,89.524
32,5,74,0.287
33,5,74,0.448
34,5,74,0.116
35,5,74,0.122
36,5,74,0.353
37,5,74,0.256
38,5,74,0.196
39,5,74,0.113
40,5,75,1.427
41,5,75,30.187
42,5,75,0.926
43,5,75,0.136
44,5,75,2.021
45,5,75,1.63
46,5,75,0.089
47,5,75,0.243
48,5,75,0.17
49,5,75,1.495
0,10,76,0.332
1,10,76,0.171
2,10,76,0.12
3,10,76,0.872
4,10,76,0.632
5,10,76,7.75
6,10,76,0.322
7,10,76,0.228
8,10,76,0.275
9,10,76,0.155
10,10,77,16.56
11,10,77,0.268
12,10,77,0.266
0,15,76,0.226
1,15,76,0.406
2,15,76,0.211
3,15,76,0.193
4,15,76,34.366
5,15,76,0.708
6,15,76,1.281
7,15,76,7.954
8,15,76,0.431
9,15,76,0.343
10,15,77,1.923
11,15,77,5.13
12,15,77,0.323
13,15,77,0.307
14,15,77,0.209
15,15,77,0.332
16,15,77,0.33
17,15,77,0.182
18,15,77,94.543
19,15,77,0.188
20,15,78,0.99
21,15,78,4.452
22,15,78,1.356
23,15,78,0.226
24,15,78,0.746
25,15,78,0.255
26,15,78,0.199
27,15,78,12.502
28,15,78,0.25
29,15,78,0.236
0,1,76,0.088
1,1,76,0.102
2,1,76,0.065
3,1,76,0.063
4,1,76,0.167
5,1,76,0.324
6,1,76,0.078
7,1,76,0.071
8,1,76,0.04
9,1,76,0.06
10,1,77,1.071
11,1,77,0.159
12,1,77,0.086
13,1,77,0.116
14,1,77,0.282
15,1,77,0.94
16,1,77,0.129
17,1,77,0.08
18,1,77,0.07
19,1,77,0.075
20,1,78,0.125
21,1,78,0.074
22,1,78,0.051
23,1,78,0.066
24,1,78,0.101
25,1,78,0.152
26,1,78,0.054
27,1,78,0.041
28,1,78,0.4
29,1,78,0.175
0,10,79,0.506
1,10,79,0.211
2,10,79,59.596
3,10,79,155.639
4,10,79,0.262
5,10,79,0.381
6,10,79,0.275
7,10,79,0.44
8,10,79,0.129
9,10,79,0.278
10,10,80,1.944
11,10,80,0.264
12,10,80,0.303
0,15,79,0.415
1,15,79,0.401
2,15,79,1.276
3,15,79,0.456
4,15,79,0.288
5,15,79,4.774
6,15,79,3.446
7,15,79,0.213
8,15,79,0.269
9,15,79,0.198
10,15,80,158.385
11,15,80,0.21
12,15,80,1.307
13,15,80,0.374
14,15,80,2.315
15,15,80,0.232
16,15,80,14.165
17,15,80,1.085
18,15,80,0.194
19,15,80,0.364
0,1,79,0.122
1,1,79,0.076
2,1,79,0.06
3,1,79,0.097
4,1,79,0.074
5,1,79,0.298
6,1,79,0.188
7,1,79,0.228
8,1,79,0.143
9,1,79,0.083
10,1,80,0.14
11,1,80,0.078
12,1,80,0.09
13,1,80,0.813
14,1,80,0.099
15,1,80,0.071
16,1,80,0.085
17,1,80,0.063
18,1,80,0.103
19,1,80,0.06
0,10,81,16.734
1,10,81,1.646
2,10,81,0.11
3,10,81,0.907
4,10,81,0.539
5,10,81,2.912
6,10,81,0.123
7,10,81,30.373
8,10,81,0.31
9,10,81,0.196
10,10,82,0.174
11,10,82,0.144
12,10,82,0.133
13,10,82,1.278
14,10,82,0.199
15,10,82,0.128
16,10,82,0.204
17,10,82,0.148
18,10,82,5.517
19,10,82,0.169
0,15,81,40.246
1,15,81,2.289
2,15,81,0.588
3,15,81,0.196
4,15,81,4.923
5,15,81,0.18
6,15,81,0.203
7,15,81,10.194
8,15,81,2.529
9,15,81,0.272
10,15,82,0.323
11,15,82,0.351
12,15,82,0.214
13,15,82,0.571
14,15,82,1.011
15,15,82,0.371
16,15,82,0.18
17,15,82,0.362
18,15,82,0.456
19,15,82,0.595
0,1,81,0.111
1,1,81,0.177
2,1,81,1.041
3,1,81,0.241
4,1,81,0.099
5,1,81,0.2
6,1,81,0.087
7,1,81,0.233
8,1,81,0.073
9,1,81,0.092
10,1,82,0.405
11,1,82,0.089
12,1,82,0.187
13,1,82,1.448
14,1,82,0.332
15,1,82,0.539
16,1,82,0.844
17,1,82,0.45
18,1,82,0.162
19,1,82,0.11
0,10,83,0.483
1,10,83,0.166
2,10,83,0.755
3,10,83,0.165
4,10,83,0.169
5,10,83,0.426
6,10,83,9.018
7,10,83,12.278
8,10,83,20.183
9,10,83,0.254
10,10,84,0.628
11,10,84,0.302
12,10,84,0.139
13,10,84,0.358
14,10,84,0.228
15,10,84,2.947
16,10,84,0.37
17,10,84,0.167
18,10,84,0.291
19,10,84,17.561
0,1,83,0.564
1,1,83,0.117
2,1,83,0.121
3,1,83,3.211
4,1,83,0.043
5,1,83,0.098
6,1,83,1.812
7,1,83,0.78
8,1,83,0.289
9,1,83,0.108
10,1,84,0.321
11,1,84,0.21
12,1,84,0.316
13,1,84,0.329
14,1,84,0.341
15,1,84,0.538
16,1,84,0.086
17,1,84,0.212
18,1,84,0.914
19,1,84,0.098
0,5,83,0.137
1,5,83,0.445
2,5,83,0.313
3,5,83,0.136
4,5,83,17.395
5,5,83,0.094
6,5,83,0.243
7,5,83,0.088
8,5,83,87.3
9,5,83,0.111
10,5,84,0.146
11,5,84,0.099
12,5,84,0.236
13,5,84,0.111
0,10,85,0.278
1,10,85,50.807
2,10,85,7.098
3,10,85,0.133
4,10,85,78.145
5,10,85,0.159
6,10,85,258.015
7,10,85,0.249
8,10,85,0.295
9,10,85,0.104
10,10,86,0.409
11,10,86,1.228
12,10,86,5.732
13,10,86,0.327
14,10,86,0.157
15,10,86,21.27
16,10,86,0.833
17,10,86,0.333
18,10,86,0.213
19,10,86,0.176
0,1,85,0.071
1,1,85,0.101
2,1,85,0.216
3,1,85,0.875
4,1,85,0.109
5,1,85,0.093
6,1,85,0.103
7,1,85,0.396
8,1,85,0.128
9,1,85,0.551
10,1,86,0.068
11,1,86,0.079
12,1,86,0.123
13,1,86,0.183
14,1,86,0.098
15,1,86,0.073
16,1,86,0.655
17,1,86,0.11
18,1,86,0.067
19,1,86,0.045
0,1,87,0.083
1,1,87,0.422
2,1,87,0.156
3,1,87,0.074
4,1,87,0.142
5,1,87,0.342
6,1,87,0.503
7,1,87,0.123
8,1,87,0.285
9,1,87,0.143
10,1,88,0.094
11,1,88,0.612
12,1,88,0.322
13,1,88,0.044
14,1,88,0.509
15,1,88,0.086
16,1,88,7.884
17,1,88,0.083
18,1,88,0.132
19,1,88,0.082
0,5,87,7.947
1,5,87,0.362
2,5,87,0.1
3,5,87,0.095
4,5,87,33.665
5,5,87,0.173
6,5,87,1.047
7,5,87,5.597
8,5,87,4.857
9,5,87,0.18
10,5,88,0.355
11,5,88,0.178
12,5,88,0.171
13,5,88,0.239
14,5,88,1.887
15,5,88,42.005
16,5,88,0.127
17,5,88,0.077
18,5,88,0.093
19,5,88,4.433
0,15,89,0.254
1,15,89,0.272
2,15,89,0.268
3,15,89,0.231
4,15,89,0.556
5,15,89,334.805
6,15,89,0.339
7,15,89,0.229
8,15,89,0.453
9,15,89,0.317
10,15,90,0.274
11,15,90,0.554
12,15,90,0.241
13,15,90,0.552
14,15,90,0.627
15,15,90,2.589
16,15,90,0.278
17,15,90,1.423
18,15,90,75.905
19,15,90,0.267
0,1,89,0.142
1,1,89,0.047
2,1,89,0.483
3,1,89,0.273
4,1,89,0.494
5,1,89,0.11
6,1,89,0.204
7,1,89,0.761
8,1,89,0.175
9,1,89,0.073
10,1,90,0.066
11,1,90,0.161
12,1,90,0.12
13,1,90,0.13
14,1,90,0.044
15,1,90,0.322
16,1,90,0.256
17,1,90,0.233
18,1,90,0.184
19,1,90,0.147
0,15,91,3.603
1,15,91,0.356
2,15,91,0.476
3,15,91,1.992
4,15,91,0.332
5,15,91,4.591
6,15,91,153.614
7,15,91,0.574
8,15,91,1.608
9,15,91,0.242
0,1,91,0.314
1,1,91,0.129
2,1,91,0.535
3,1,91,0.26
4,1,91,0.656
5,1,91,0.813
6,1,91,0.045
7,1,91,0.048
8,1,91,0.104
9,1,91,0.122
0,5,91,0.204
1,5,91,0.362
2,5,91,0.068
3,5,91,9.077
4,5,91,19.937
5,5,91,0.325
6,5,91,0.104
7,5,91,0.445
8,5,91,0.803
9,5,91,0.2
0,10,92,0.295
1,10,92,115.474
2,10,92,1.353
3,10,92,1.179
4,10,92,0.454
5,10,92,0.116
6,10,92,2.256
7,10,92,0.341
8,10,92,0.168
9,10,92,0.111
0,1,92,1.627
1,1,92,0.183
2,1,92,0.136
3,1,92,0.114
4,1,92,0.111
5,1,92,0.286
6,1,92,0.065
7,1,92,3.191
8,1,92,0.281
9,1,92,0.671
0,5,92,0.117
1,5,92,247.284
2,5,92,0.123
3,5,92,0.969
4,5,92,0.125
5,5,92,0.068
6,5,92,0.152
7,5,92,0.464
8,5,92,0.193
9,5,92,109.776
0,15,93,0.337
1,15,93,0.621
2,15,93,0.609
3,15,93,33.169
4,15,93,0.235
5,15,93,0.217
6,15,93,0.258
7,15,93,1.751
8,15,93,0.532
9,15,93,0.241
0,1,93,0.124
1,1,93,0.052
2,1,93,0.169
3,1,93,0.096
4,1,93,0.27
5,1,93,0.066
6,1,93,0.114
7,1,93,0.089
8,1,93,0.06
9,1,93,0.109
0,5,93,0.186
1,5,93,94.958
2,5,93,0.142
3,5,93,1.375
4,5,93,0.12
5,5,93,0.072
6,5,93,0.164
7,5,93,0.285
8,5,93,0.149
9,5,93,0.089
0,1,94,0.535
1,1,94,0.269
2,1,94,3.264
3,1,94,1.414
4,1,94,0.372
5,1,94,3.705
6,1,94,0.66
7,1,94,0.104
8,1,94,0.298
9,1,94,0.13
0,5,94,0.223
1,5,94,0.132
2,5,94,0.123
3,5,94,0.111
4,5,94,4.327
5,5,94,0.144
6,5,94,0.226
7,5,94,0.201
8,5,94,0.136
9,5,94,12.206
0,15,95,0.523
1,15,95,0.697
2,15,95,0.447
3,15,95,0.4
4,15,95,1.057
5,15,95,81.66
6,15,95,0.891
7,15,95,0.437
8,15,95,0.254
9,15,95,0.372
0,1,95,0.82
1,1,95,0.048
2,1,95,0.346
3,1,95,0.35
4,1,95,0.884
5,1,95,0.106
6,1,95,0.106
7,1,95,0.084
8,1,95,0.2
9,1,95,0.156
0,15,96,0.293
1,15,96,0.325
2,15,96,0.285
3,15,96,0.472
4,15,96,0.321
5,15,96,0.254
6,15,96,0.215
7,15,96,0.247
8,15,96,2.658
9,15,96,0.265
0,1,96,0.291
1,1,96,0.114
2,1,96,0.11
3,1,96,0.147
4,1,96,0.078
5,1,96,1.022
6,1,96,0.113
7,1,96,1.374
8,1,96,1.255
9,1,96,0.924
0,5,96,0.3
1,5,96,0.124
2,5,96,0.205
3,5,96,0.323
4,5,96,26.545
5,5,96,0.485
6,5,96,0.293
7,5,96,0.346
8,5,96,0.07
9,5,96,21.568
0,10,97,8.838
1,10,97,0.415
2,10,97,0.158
3,10,97,96.272
4,10,97,0.157
5,10,97,24.765
6,10,97,0.147
7,10,97,0.224
8,10,97,0.287
9,10,97,0.195
0,1,97,0.134
1,1,97,0.113
2,1,97,0.314
3,1,97,0.085
4,1,97,0.133
5,1,97,0.246
6,1,97,0.148
7,1,97,0.197
8,1,97,0.077
9,1,97,0.092
0,10,98,0.215
1,10,98,0.369
2,10,98,0.967
3,10,98,0.542
4,10,98,0.904
5,10,98,0.534
6,10,98,0.248
7,10,98,0.348
8,10,98,7.517
9,10,98,1.725
0,15,98,0.963
1,15,98,0.367
2,15,98,1.451
3,15,98,47.603
4,15,98,27.734
5,15,98,34.52
6,15,98,0.281
7,15,98,0.836
8,15,98,15.46
9,15,98,6.691
0,1,98,0.495
1,1,98,1.089
2,1,98,0.152
3,1,98,0.052
4,1,98,0.384
5,1,98,0.104
6,1,98,0.085
7,1,98,0.202
8,1,98,0.083
9,1,98,0.144
0,1,99,0.156
1,1,99,0.61
2,1,99,0.168
3,1,99,0.418
4,1,99,0.122
5,1,99,0.721
6,1,99,0.086
7,1,99,0.053
8,1,99,0.108
9,1,99,0.25
0,5,99,0.246
1,5,99,3.51
2,5,99,0.556
3,5,99,1.171
4,5,99,0.271
5,5,99,46.262
6,5,99,0.195
7,5,99,1.218
8,5,99,0.142
9,5,99,0.228
0,1,100,0.099
1,1,100,2.852
2,1,100,0.056
3,1,100,0.497
4,1,100,0.245
5,1,100,0.34
6,1,100,0.326
7,1,100,0.126
8,1,100,0.082
9,1,100,0.138
0,10,10,0.038
1,10,11,0.024
2,10,11,0.025
3,10,11,0.026
4,10,11,0.027
5,10,11,0.026
6,10,11,0.029
7,10,11,0.025
8,10,11,0.026
9,10,11,0.024
10,10,11,0.027
11,10,12,0.027
12,10,12,0.03
13,10,12,0.026
14,10,12,0.031
15,10,12,0.026
16,10,12,0.026
17,10,12,0.028
18,10,12,0.033
19,10,12,0.025
20,10,12,0.028
21,10,13,0.029
22,10,13,0.032
23,10,13,0.027
24,10,13,0.028
25,10,13,0.029
26,10,13,0.071
27,10,13,0.029
28,10,13,0.031
29,10,13,0.036
30,10,13,0.036
31,10,14,0.03
32,10,14,0.031
33,10,14,0.031
34,10,14,0.032
35,10,14,0.032
36,10,14,0.031
37,10,14,0.032
38,10,14,0.032
39,10,14,0.043
40,10,14,0.035
41,10,15,0.034
42,10,15,0.032
43,10,15,0.038
44,10,15,0.031
45,10,15,0.036
46,10,15,0.032
47,10,15,0.034
48,10,15,0.031
49,10,15,0.032
50,10,15,0.031
51,10,16,0.035
52,10,16,0.039
53,10,16,0.045
54,10,16,0.032
55,10,16,0.039
56,10,16,0.042
57,10,16,0.037
58,10,16,0.04
59,10,16,0.038
60,10,16,0.038
61,10,17,0.035
62,10,17,0.037
63,10,17,0.035
64,10,17,0.04
65,10,17,0.038
66,10,17,0.056
67,10,17,0.037
68,10,17,0.04
69,10,17,0.039
70,10,17,0.04
71,10,18,0.035
72,10,18,0.036
73,10,18,0.039
74,10,18,0.036
75,10,18,0.049
76,10,18,0.04
77,10,18,0.036
78,10,18,0.038
79,10,18,0.035
80,10,18,0.036
81,10,19,0.044
82,10,19,0.04
83,10,19,0.044
84,10,19,0.044
85,10,19,0.04
86,10,19,0.049
87,10,19,0.036
88,10,19,0.04
89,10,19,0.049
90,10,19,0.042
91,10,20,0.045
92,10,20,0.041
93,10,20,0.042
94,10,20,0.048
95,10,20,0.053
96,10,20,0.041
97,10,20,0.05
98,10,20,0.043
99,10,20,0.042
100,10,20,0.044
101,10,21,0.054
102,10,21,0.047
103,10,21,0.047
104,10,21,0.044
105,10,21,0.05
106,10,21,0.042
107,10,21,0.05
108,10,21,0.038
109,10,21,0.043
110,10,21,0.042
111,10,22,0.048
112,10,22,0.058
113,10,22,0.07
114,10,22,0.057
115,10,22,0.056
116,10,22,0.049
117,10,22,0.044
118,10,22,0.052
119,10,22,0.053
120,10,22,0.046
121,10,23,0.056
122,10,23,0.055
123,10,23,0.051
124,10,23,0.057
125,10,23,0.067
126,10,23,0.068
127,10,23,0.048
128,10,23,0.055
129,10,23,0.05
130,10,23,0.091
131,10,24,0.053
132,10,24,0.059
133,10,24,0.05
134,10,24,0.055
135,10,24,0.05
136,10,24,0.046
137,10,24,0.054
138,10,24,0.052
139,10,24,0.043
140,10,24,0.053
141,10,25,0.066
142,10,25,0.05
143,10,25,0.066
144,10,25,0.051
145,10,25,0.06
146,10,25,0.056
147,10,25,0.051
148,10,25,0.06
149,10,25,0.051
150,10,25,0.063
151,10,26,0.057
152,10,26,0.065
153,10,26,0.058
154,10,26,0.062
155,10,26,0.056
156,10,26,0.071
157,10,26,0.119
158,10,26,0.049
159,10,26,0.068
160,10,26,0.054
161,10,27,0.071
162,10,27,0.074
163,10,27,0.064
164,10,27,0.063
165,10,27,0.062
166,10,27,0.06
167,10,27,0.067
168,10,27,0.054
169,10,27,0.153
170,10,27,0.096
171,10,28,0.054
172,10,28,0.067
173,10,28,0.066
174,10,28,0.147
175,10,28,0.078
176,10,28,0.073
177,10,28,0.07
178,10,28,0.066
179,10,28,0.061
180,10,28,0.083
181,10,29,0.086
182,10,29,0.083
183,10,29,0.069
184,10,29,0.08
185,10,29,0.084
186,10,29,0.077
187,10,29,0.068
188,10,29,0.106
189,10,29,0.074
190,10,29,0.076
191,10,30,0.171
192,10,30,0.06
193,10,30,0.082
194,10,30,0.074
195,10,30,0.078
196,10,30,0.082
197,10,30,0.069
198,10,30,0.066
199,10,30,0.192
200,10,30,0.086
201,10,31,0.107
202,10,31,0.16
203,10,31,0.072
204,10,31,0.077
205,10,31,0.077
206,10,31,0.067
207,10,31,0.08
208,10,31,0.077
209,10,31,0.07
210,10,31,0.075
211,10,32,0.058
212,10,32,0.083
213,10,32,0.07
214,10,32,0.08
215,10,32,0.08
216,10,32,0.07
217,10,32,0.095
218,10,32,0.098
219,10,32,0.078
220,10,32,0.112
221,10,33,0.093
222,10,33,0.191
223,10,33,0.08
224,10,33,0.065
225,10,33,0.085
226,10,33,0.07
227,10,33,0.089
228,10,33,0.08
229,10,33,0.083
230,10,33,0.107
231,10,34,0.176
232,10,34,0.246
233,10,34,0.113
234,10,34,0.082
235,10,34,0.113
236,10,34,0.089
237,10,34,0.142
238,10,34,0.078
239,10,34,0.074
240,10,34,0.082
241,10,35,0.089
242,10,35,0.08
243,10,35,0.091
244,10,35,0.078
245,10,35,0.063
246,10,35,0.109
247,10,35,0.078
248,10,35,0.084
249,10,35,0.082
250,10,35,0.106
251,10,36,0.076
252,10,36,0.097
253,10,36,0.252
254,10,36,0.086
255,10,36,0.099
256,10,36,0.092
257,10,36,0.084
258,10,36,0.092
259,10,36,0.648
260,10,36,0.091
261,10,37,0.053
262,10,37,0.278
263,10,37,0.077
264,10,37,0.113
265,10,37,0.062
266,10,37,0.208
267,10,37,0.178
268,10,37,0.094
269,10,37,0.087
270,10,37,0.078
271,10,38,0.107
272,10,38,0.132
273,10,38,0.098
274,10,38,0.178
275,10,38,0.075
276,10,38,0.093
277,10,38,0.096
278,10,38,0.074
279,10,38,0.064
280,10,38,0.111
281,10,39,0.064
282,10,39,0.101
283,10,39,0.077
284,10,39,0.098
285,10,39,0.117
286,10,39,0.078
287,10,39,0.072
288,10,39,0.076
289,10,39,0.064
290,10,39,0.095
291,10,40,0.097
292,10,40,0.066
293,10,40,0.073
294,10,40,0.123
295,10,40,0.078
296,10,40,1.546
297,10,40,0.089
298,10,40,0.091
299,10,40,0.098
300,10,40,0.199
301,10,41,0.104
302,10,41,0.079
303,10,41,0.082
304,10,41,0.122
305,10,41,0.095
306,10,41,0.103
307,10,41,0.061
308,10,41,0.102
309,10,41,0.093
310,10,41,0.086
311,10,42,0.251
312,10,42,0.16
313,10,42,0.095
314,10,42,0.091
315,10,42,0.097
316,10,42,0.132
317,10,42,0.099
318,10,42,0.131
319,10,42,0.157
320,10,42,0.134
321,10,43,0.163
322,10,43,4.006
323,10,43,0.14
324,10,43,0.096
325,10,43,0.097
326,10,43,0.325
327,10,43,0.094
328,10,43,0.112
329,10,43,0.103
330,10,43,0.088
331,10,44,0.075
332,10,44,0.129
333,10,44,0.113
334,10,44,0.268
335,10,44,0.094
336,10,44,0.084
337,10,44,0.07
338,10,44,0.11
339,10,44,0.125
340,10,44,0.085
341,10,45,0.07
342,10,45,0.079
343,10,45,0.097
344,10,45,0.093
345,10,45,0.095
346,10,45,0.078
347,10,45,0.6
348,10,45,0.085
349,10,45,0.198
350,10,45,0.108
351,10,46,0.104
352,10,46,0.102
353,10,46,0.096
354,10,46,0.094
355,10,46,0.244
356,10,46,0.707
357,10,46,0.194
358,10,46,0.114
359,10,46,0.092
360,10,46,0.108
361,10,47,0.11
362,10,47,0.109
363,10,47,0.108
364,10,47,0.142
365,10,47,0.091
366,10,47,0.339
367,10,47,0.197
368,10,47,0.126
369,10,47,0.1
370,10,47,0.06
371,10,48,1.572
372,10,48,0.351
373,10,48,0.497
374,10,48,0.101
375,10,48,0.096
376,10,48,0.112
377,10,48,0.104
378,10,48,0.082
379,10,48,0.188
380,10,48,0.09
381,10,49,0.098
382,10,49,0.14
383,10,49,0.276
384,10,49,0.112
385,10,49,0.132
386,10,49,0.356
387,10,49,0.536
388,10,49,0.185
389,10,49,0.115
390,10,49,0.123
391,10,50,1.033
392,10,50,0.16
393,10,50,0.175
394,10,50,0.102
395,10,50,0.249
396,10,50,0.11
397,10,50,0.333
398,10,50,0.097
399,10,50,0.201
400,10,50,0.121
0,1,2,0.015
1,1,2,0.004
2,1,3,0.006
3,1,3,0.006
4,1,3,0.005
5,1,3,0.005
6,1,3,0.005
7,1,3,0.005
8,1,3,0.005
9,1,4,0.006
10,1,4,0.006
11,1,4,0.006
12,1,4,0.006
13,1,4,0.006
14,1,4,0.006
15,1,4,0.006
16,1,4,0.006
17,1,4,0.007
18,1,4,0.006
19,1,5,0.008
20,1,5,0.008
21,1,5,0.007
22,1,5,0.007
23,1,5,0.007
24,1,5,0.009
25,1,5,0.007
26,1,5,0.008
27,1,5,0.007
28,1,5,0.009
29,1,6,0.009
30,1,6,0.007
31,1,6,0.009
32,1,6,0.007
33,1,6,0.008
34,1,6,0.007
35,1,6,0.009
36,1,6,0.009
37,1,6,0.008
38,1,6,0.008
39,1,7,0.011
40,1,7,0.009
41,1,7,0.01
42,1,7,0.009
43,1,7,0.009
44,1,7,0.013
45,1,7,0.011
46,1,7,0.011
47,1,7,0.011
48,1,7,0.009
49,1,8,0.01
50,1,8,0.009
51,1,8,0.011
52,1,8,0.009
53,1,8,0.01
54,1,8,0.011
55,1,8,0.011
56,1,8,0.01
57,1,8,0.009
58,1,8,0.007
59,1,9,0.011
60,1,9,0.009
61,1,9,0.012
62,1,9,0.014
63,1,9,0.011
64,1,9,0.012
65,1,9,0.011
66,1,9,0.01
67,1,9,0.011
68,1,9,0.013
69,1,10,0.009
70,1,10,0.014
71,1,10,0.013
72,1,10,0.012
73,1,10,0.015
74,1,10,0.012
75,1,10,0.013
76,1,10,0.01
77,1,10,0.014
78,1,10,0.013
79,1,11,0.014
80,1,11,0.013
81,1,11,0.015
82,1,11,0.019
83,1,11,0.013
84,1,11,0.014
85,1,11,0.012
86,1,11,0.015
87,1,11,0.015
88,1,11,0.014
89,1,12,0.016
90,1,12,0.014
91,1,12,0.018
92,1,12,0.019
93,1,12,0.019
94,1,12,0.015
95,1,12,0.019
96,1,12,0.015
97,1,12,0.016
98,1,12,0.014
99,1,13,0.015
100,1,13,0.015
101,1,13,0.017
102,1,13,0.027
103,1,13,0.016
104,1,13,0.019
105,1,13,0.016
106,1,13,0.015
107,1,13,0.014
108,1,13,0.014
109,1,14,0.019
110,1,14,0.017
111,1,14,0.018
112,1,14,0.014
113,1,14,0.016
114,1,14,0.02
115,1,14,0.017
116,1,14,0.024
117,1,14,0.015
118,1,14,0.017
119,1,15,0.02
120,1,15,0.015
121,1,15,0.02
122,1,15,0.013
123,1,15,0.013
124,1,15,0.023
125,1,15,0.015
126,1,15,0.021
127,1,15,0.022
128,1,15,0.016
129,1,16,0.019
130,1,16,0.024
131,1,16,0.019
132,1,16,0.02
133,1,16,0.025
134,1,16,0.018
135,1,16,0.025
136,1,16,0.017
137,1,16,0.02
138,1,16,0.029
139,1,17,0.022
140,1,17,0.019
141,1,17,0.021
142,1,17,0.022
143,1,17,0.129
144,1,17,0.023
145,1,17,0.038
146,1,17,0.021
147,1,17,0.021
148,1,17,0.018
149,1,18,0.023
150,1,18,0.021
151,1,18,0.018
152,1,18,0.014
153,1,18,0.029
154,1,18,0.018
155,1,18,0.02
156,1,18,0.03
157,1,18,0.022
158,1,18,0.019
159,1,19,0.013
160,1,19,0.021
161,1,19,0.023
162,1,19,0.02
163,1,19,0.015
164,1,19,0.022
165,1,19,0.035
166,1,19,0.028
167,1,19,0.025
168,1,19,0.024
169,1,20,0.018
170,1,20,0.024
171,1,20,0.028
172,1,20,0.024
173,1,20,0.019
174,1,20,0.028
175,1,20,0.028
176,1,20,0.024
177,1,20,0.024
178,1,20,0.023
179,1,21,0.023
180,1,21,0.029
181,1,21,0.022
182,1,21,0.023
183,1,21,0.033
184,1,21,0.021
185,1,21,0.04
186,1,21,0.016
187,1,21,0.022
188,1,21,0.024
189,1,22,0.027
190,1,22,0.017
191,1,22,0.033
192,1,22,0.049
193,1,22,0.028
194,1,22,0.019
195,1,22,0.028
196,1,22,0.038
197,1,22,0.031
198,1,22,0.028
199,1,23,0.03
200,1,23,0.034
201,1,23,0.021
202,1,23,0.036
203,1,23,0.027
204,1,23,0.027
205,1,23,0.022
206,1,23,0.019
207,1,23,0.034
208,1,23,0.032
209,1,24,0.024
210,1,24,0.038
211,1,24,0.031
212,1,24,0.026
213,1,24,0.018
214,1,24,0.024
215,1,24,0.027
216,1,24,0.025
217,1,24,0.018
218,1,24,0.022
219,1,25,0.024
220,1,25,0.032
221,1,25,0.034
222,1,25,0.017
223,1,25,0.041
224,1,25,0.022
225,1,25,0.04
226,1,25,0.021
227,1,25,0.033
228,1,25,0.033
229,1,26,0.034
230,1,26,0.032
231,1,26,0.027
232,1,26,0.028
233,1,26,0.016
234,1,26,0.035
235,1,26,0.029
236,1,26,0.018
237,1,26,0.03
238,1,26,0.036
239,1,27,0.045
240,1,27,0.04
241,1,27,0.033
242,1,27,0.041
243,1,27,0.036
244,1,27,0.029
245,1,27,0.024
246,1,27,0.023
247,1,27,0.035
248,1,27,0.018
249,1,28,0.028
250,1,28,0.023
251,1,28,0.036
252,1,28,0.047
253,1,28,0.019
254,1,28,0.039
255,1,28,0.034
256,1,28,0.027
257,1,28,0.028
258,1,28,0.039
259,1,29,0.029
260,1,29,0.047
261,1,29,0.038
262,1,29,0.037
263,1,29,0.034
264,1,29,0.032
265,1,29,0.037
266,1,29,0.036
267,1,29,0.035
268,1,29,0.041
269,1,30,0.041
270,1,30,0.052
271,1,30,0.03
272,1,30,0.045
273,1,30,0.042
274,1,30,0.049
275,1,30,0.037
276,1,30,0.039
277,1,30,0.038
278,1,30,0.036
279,1,31,0.041
280,1,31,0.044
281,1,31,0.041
282,1,31,0.044
283,1,31,0.043
284,1,31,0.03
285,1,31,0.047
286,1,31,0.047
287,1,31,0.042
288,1,31,0.037
289,1,32,0.037
290,1,32,0.024
291,1,32,0.04
292,1,32,0.04
293,1,32,0.031
294,1,32,0.045
295,1,32,0.041
296,1,32,0.03
297,1,32,0.046
298,1,32,0.041
299,1,33,0.048
300,1,33,0.047
301,1,33,0.033
302,1,33,0.085
303,1,33,0.064
304,1,33,0.045
305,1,33,0.039
306,1,33,0.034
307,1,33,0.038
308,1,33,0.023
309,1,34,0.044
310,1,34,0.029
311,1,34,0.035
312,1,34,0.044
313,1,34,0.034
314,1,34,0.035
315,1,34,0.042
316,1,34,0.055
317,1,34,0.042
318,1,34,0.042
319,1,35,0.152
320,1,35,0.031
321,1,35,0.042
322,1,35,0.047
323,1,35,0.028
324,1,35,0.236
325,1,35,0.081
326,1,35,0.036
327,1,35,0.046
328,1,35,0.047
329,1,36,0.14
330,1,36,0.048
331,1,36,0.117
332,1,36,0.044
333,1,36,0.043
334,1,36,0.027
335,1,36,0.049
336,1,36,0.039
337,1,36,0.046
338,1,36,0.033
339,1,37,0.034
340,1,37,0.021
341,1,37,0.043
342,1,37,0.065
343,1,37,0.053
344,1,37,0.042
345,1,37,0.087
346,1,37,0.047
347,1,37,0.043
348,1,37,0.135
349,1,38,0.027
350,1,38,0.031
351,1,38,0.041
352,1,38,0.048
353,1,38,0.044
354,1,38,0.064
355,1,38,0.064
356,1,38,0.05
357,1,38,0.049
358,1,38,0.034
359,1,39,0.045
360,1,39,0.04
361,1,39,0.036
362,1,39,0.069
363,1,39,0.048
364,1,39,0.032
365,1,39,0.036
366,1,39,0.047
367,1,39,0.044
368,1,39,0.086
369,1,40,0.039
370,1,40,0.036
371,1,40,0.066
372,1,40,0.04
373,1,40,0.042
374,1,40,0.063
375,1,40,0.031
376,1,40,0.076
377,1,40,0.037
378,1,40,0.107
379,1,41,0.037
380,1,41,0.113
381,1,41,0.048
382,1,41,0.044
383,1,41,0.047
384,1,41,0.045
385,1,41,0.052
386,1,41,0.037
387,1,41,0.049
388,1,41,0.047
389,1,42,0.05
390,1,42,0.183
391,1,42,0.534
392,1,42,0.037
393,1,42,0.061
394,1,42,0.036
395,1,42,0.045
396,1,42,0.051
397,1,42,0.054
398,1,42,0.049
399,1,43,0.052
400,1,43,0.093
401,1,43,0.076
402,1,43,0.16
403,1,43,0.061
404,1,43,0.039
405,1,43,0.049
406,1,43,0.046
407,1,43,0.087
408,1,43,0.055
409,1,44,0.148
410,1,44,0.044
411,1,44,0.036
412,1,44,0.095
413,1,44,0.04
414,1,44,0.09
415,1,44,0.066
416,1,44,0.066
417,1,44,0.057
418,1,44,0.08
419,1,45,0.09
420,1,45,0.044
421,1,45,0.425
422,1,45,0.08
423,1,45,0.077
424,1,45,0.054
425,1,45,0.031
426,1,45,0.052
427,1,45,0.098
428,1,45,0.046
429,1,46,0.055
430,1,46,0.026
431,1,46,0.037
432,1,46,0.05
433,1,46,0.135
434,1,46,0.047
435,1,46,0.027
436,1,46,0.06
437,1,46,0.09
438,1,46,0.076
439,1,47,0.029
440,1,47,0.045
441,1,47,0.05
442,1,47,0.077
443,1,47,0.059
444,1,47,0.061
445,1,47,0.043
446,1,47,0.029
447,1,47,0.055
448,1,47,0.077
449,1,48,0.102
450,1,48,0.032
451,1,48,0.102
452,1,48,0.061
453,1,48,0.1
454,1,48,0.048
455,1,48,0.043
456,1,48,0.5
457,1,48,0.046
458,1,48,0.161
459,1,49,0.044
460,1,49,0.075
461,1,49,0.05
462,1,49,0.043
463,1,49,0.223
464,1,49,0.07
465,1,49,0.05
466,1,49,0.028
467,1,49,0.116
468,1,49,0.053
469,1,50,0.055
470,1,50,0.057
471,1,50,0.089
472,1,50,0.149
473,1,50,0.073
474,1,50,0.04
475,1,50,0.04
476,1,50,0.064
477,1,50,0.132
478,1,50,0.051
0,15,15,0.064
1,15,16,0.05
2,15,18,0.056
3,15,18,0.052
4,15,18,0.061
5,15,18,0.053
6,15,18,0.057
7,15,18,0.413
8,15,18,0.053
9,15,18,0.054
10,15,18,0.052
11,15,18,0.054
12,15,19,0.062
13,15,19,0.062
14,15,19,0.064
15,15,19,0.057
16,15,19,0.075
17,15,19,0.069
18,15,19,0.058
19,15,19,0.055
20,15,19,0.058
21,15,19,0.059
22,15,20,0.057
23,15,20,0.062
24,15,20,0.061
25,15,20,0.063
26,15,20,0.061
27,15,20,0.057
28,15,20,0.059
29,15,20,0.06
30,15,20,0.061
31,15,20,0.061
32,15,21,0.058
33,15,21,0.06
34,15,21,0.061
35,15,21,0.06
36,15,21,0.061
37,15,21,0.063
38,15,21,0.061
39,15,21,0.059
40,15,21,0.059
41,15,21,0.063
42,15,22,0.071
43,15,22,0.064
44,15,22,0.062
45,15,22,0.066
46,15,22,1.653
47,15,22,0.068
48,15,22,0.063
49,15,22,0.065
50,15,22,0.06
51,15,22,0.064
52,15,23,0.066
53,15,23,0.064
54,15,23,0.062
55,15,23,0.061
56,15,23,0.086
57,15,23,0.062
58,15,23,0.066
59,15,23,0.069
60,15,23,0.066
61,15,23,0.073
62,15,24,0.073
63,15,24,0.066
64,15,24,0.092
65,15,24,0.067
66,15,24,0.066
67,15,24,0.063
68,15,24,0.078
69,15,24,0.066
70,15,24,0.069
71,15,24,0.08
72,15,25,0.103
73,15,25,0.076
74,15,25,0.078
75,15,25,0.085
76,15,25,0.075
77,15,25,0.113
78,15,25,0.072
79,15,25,0.074
80,15,25,0.071
81,15,25,0.171
82,15,26,0.093
83,15,26,0.074
84,15,26,0.076
85,15,26,0.074
86,15,26,0.074
87,15,26,0.073
88,15,26,0.115
89,15,26,0.078
90,15,26,0.085
91,15,26,0.079
92,15,27,0.152
93,15,27,0.074
94,15,27,0.071
95,15,27,0.077
96,15,27,0.074
97,15,27,0.075
98,15,27,0.081
99,15,27,0.178
100,15,27,0.077
101,15,27,0.072
102,15,28,0.08
103,15,28,0.084
104,15,28,0.101
105,15,28,0.08
106,15,28,0.083
107,15,28,0.073
108,15,28,0.097
109,15,28,0.095
110,15,28,0.079
111,15,28,0.095
112,15,29,0.082
113,15,29,0.083
114,15,29,0.108
115,15,29,0.09
116,15,29,0.082
117,15,29,0.075
118,15,29,0.106
119,15,29,0.08
120,15,29,0.083
121,15,29,0.106
122,15,30,0.09
123,15,30,0.094
124,15,30,0.095
125,15,30,0.083
126,15,30,0.103
127,15,30,0.087
128,15,30,0.086
129,15,30,0.075
130,15,30,0.102
131,15,30,6.728
132,15,31,0.086
133,15,31,0.084
134,15,31,0.093
135,15,31,0.087
136,15,31,0.094
137,15,31,0.102
138,15,31,0.15
139,15,31,0.082
140,15,31,0.09
141,15,31,0.123
142,15,32,0.091
143,15,32,0.139
144,15,32,0.092
145,15,32,0.093
146,15,32,0.08
147,15,32,0.085
148,15,32,0.099
149,15,32,0.085
150,15,32,0.105
151,15,32,0.085
152,15,33,12.983
153,15,33,0.091
154,15,33,0.085
155,15,33,0.078
156,15,33,0.163
157,15,33,0.115
158,15,33,0.09
159,15,33,0.14
160,15,33,0.083
161,15,33,0.11
162,15,34,4.343
163,15,34,0.117
164,15,34,0.108
165,15,34,0.094
166,15,34,0.096
167,15,34,0.101
168,15,34,0.103
169,15,34,0.112
170,15,34,0.121
171,15,34,0.146
172,15,35,0.109
173,15,35,0.118
174,15,35,0.123
175,15,35,0.12
176,15,35,0.1
177,15,35,0.157
178,15,35,0.104
179,15,35,0.102
180,15,35,0.098
181,15,35,0.103
182,15,36,0.149
183,15,36,0.129
184,15,36,0.12
185,15,36,0.175
186,15,36,0.105
187,15,36,0.088
188,15,36,0.115
189,15,36,0.104
190,15,36,0.219
191,15,36,0.092
192,15,37,0.119
193,15,37,0.122
194,15,37,0.13
195,15,37,0.093
196,15,37,0.103
197,15,37,0.095
198,15,37,0.092
199,15,37,0.35
200,15,37,0.238
201,15,37,0.118
202,15,38,0.127
203,15,38,0.103
204,15,38,0.107
205,15,38,2.893
206,15,38,0.112
207,15,38,0.098
208,15,38,0.11
209,15,38,0.101
210,15,38,0.097
211,15,38,0.162
212,15,39,0.142
213,15,39,0.122
214,15,39,0.14
215,15,39,1.798
216,15,39,0.113
217,15,39,0.116
218,15,39,0.127
219,15,39,0.16
220,15,39,0.127
221,15,39,0.12
222,15,40,0.365
223,15,40,0.112
224,15,40,0.116
225,15,40,0.101
226,15,40,0.136
227,15,40,0.2
228,15,40,0.381
229,15,40,0.782
230,15,40,0.16
231,15,40,0.112
232,15,41,0.123
233,15,41,0.568
234,15,41,0.116
235,15,41,0.132
236,15,41,0.402
237,15,41,0.134
238,15,41,0.139
239,15,41,0.248
240,15,41,0.114
241,15,41,0.118
242,15,42,0.109
243,15,42,0.117
244,15,42,0.132
245,15,42,0.114
246,15,42,0.136
247,15,42,0.126
248,15,42,0.117
249,15,42,0.156
250,15,42,0.125
251,15,42,0.112
252,15,43,0.136
253,15,43,0.113
254,15,43,0.106
255,15,43,0.18
256,15,43,0.117
257,15,43,1.135
258,15,43,0.123
259,15,43,0.193
260,15,43,0.121
261,15,43,0.106
262,15,44,0.155
263,15,44,0.126
264,15,44,0.164
265,15,44,0.118
266,15,44,0.148
267,15,44,0.145
268,15,44,0.153
269,15,44,0.164
270,15,44,0.144
271,15,44,0.147
272,15,45,2.657
273,15,45,0.123
274,15,45,0.147
275,15,45,0.212
276,15,45,0.162
277,15,45,0.136
278,15,45,0.132
279,15,45,0.535
280,15,45,0.209
281,15,45,0.154
282,15,46,0.163
283,15,46,0.271
284,15,46,0.147
285,15,46,0.141
286,15,46,0.274
287,15,46,0.291
288,15,46,0.163
289,15,46,0.131
290,15,46,0.125
291,15,46,0.142
292,15,47,0.143
293,15,47,0.147
294,15,47,0.151
295,15,47,0.152
296,15,47,0.134
297,15,47,0.159
298,15,47,0.287
299,15,47,0.181
300,15,47,0.204
301,15,47,0.126
302,15,48,0.685
303,15,48,0.169
304,15,48,0.929
305,15,48,0.939
306,15,48,0.113
307,15,48,0.145
308,15,48,0.139
309,15,48,0.212
310,15,48,0.094
311,15,48,0.133
312,15,49,0.129
313,15,49,1.432
314,15,49,0.143
315,15,49,0.153
316,15,49,0.914
317,15,49,0.136
318,15,49,5.718
319,15,49,0.136
320,15,49,0.174
321,15,49,0.883
322,15,50,0.765
323,15,50,0.131
324,15,50,0.345
325,15,50,0.136
326,15,50,0.148
327,15,50,0.126
328,15,50,0.117
329,15,50,0.132
330,15,50,0.237
331,15,50,0.786
0,5,5,0.023
1,5,5,0.015
2,5,5,0.008
3,5,5,0.01
4,5,5,0.01
5,5,5,0.009
6,5,5,0.009
7,5,5,0.01
8,5,5,0.009
9,5,5,0.01
10,5,6,0.011
11,5,6,0.011
12,5,6,0.011
13,5,6,0.01
14,5,6,0.011
15,5,6,0.011
16,5,6,0.012
17,5,6,0.012
18,5,6,0.012
19,5,6,0.012
20,5,7,0.013
21,5,7,0.013
22,5,7,0.013
23,5,7,0.013
24,5,7,0.012
25,5,7,0.013
26,5,7,0.014
27,5,7,0.013
28,5,7,0.015
29,5,7,0.015
30,5,8,0.014
31,5,8,0.013
32,5,8,0.015
33,5,8,0.014
34,5,8,0.015
35,5,8,0.014
36,5,8,0.014
37,5,8,0.018
38,5,8,0.016
39,5,8,0.014
40,5,9,0.018
41,5,9,0.016
42,5,9,0.015
43,5,9,0.016
44,5,9,0.015
45,5,9,0.016
46,5,9,0.016
47,5,9,0.015
48,5,9,0.015
49,5,9,0.019
50,5,10,0.017
51,5,10,0.019
52,5,10,0.017
53,5,10,0.017
54,5,10,0.017
55,5,10,0.017
56,5,10,0.017
57,5,10,0.018
58,5,10,0.017
59,5,10,0.018
60,5,11,0.026
61,5,11,0.019
62,5,11,0.019
63,5,11,0.022
64,5,11,0.018
65,5,11,0.019
66,5,11,0.024
67,5,11,0.021
68,5,11,0.021
69,5,11,0.021
70,5,12,0.023
71,5,12,0.021
72,5,12,0.032
73,5,12,0.017
74,5,12,0.022
75,5,12,0.022
76,5,12,0.02
77,5,12,0.022
78,5,12,0.021
79,5,12,0.025
80,5,13,0.022
81,5,13,0.024
82,5,13,0.026
83,5,13,0.018
84,5,13,0.023
85,5,13,0.021
86,5,13,0.023
87,5,13,0.02
88,5,13,0.021
89,5,13,0.021
90,5,14,0.023
91,5,14,0.021
92,5,14,0.024
93,5,14,0.022
94,5,14,0.023
95,5,14,0.026
96,5,14,0.025
97,5,14,0.028
98,5,14,0.022
99,5,14,0.022
100,5,15,0.023
101,5,15,0.146
102,5,15,0.024
103,5,15,0.023
104,5,15,0.031
105,5,15,0.031
106,5,15,0.024
107,5,15,0.02
108,5,15,0.022
109,5,15,0.019
110,5,16,0.025
111,5,16,0.028
112,5,16,0.025
113,5,16,0.031
114,5,16,0.023
115,5,16,0.025
116,5,16,0.031
117,5,16,0.031
118,5,16,0.027
119,5,16,0.026
120,5,17,0.026
121,5,17,0.036
122,5,17,0.028
123,5,17,0.025
124,5,17,0.034
125,5,17,0.025
126,5,17,0.022
127,5,17,0.029
128,5,17,0.029
129,5,17,0.031
130,5,18,0.046
131,5,18,0.032
132,5,18,0.04
133,5,18,0.032
134,5,18,0.033
135,5,18,0.029
136,5,18,0.024
137,5,18,0.023
138,5,18,0.036
139,5,18,0.025
140,5,19,0.034
141,5,19,0.023
142,5,19,0.027
143,5,19,0.029
144,5,19,0.035
145,5,19,0.03
146,5,19,0.036
147,5,19,0.03
148,5,19,0.025
149,5,19,0.03
150,5,20,0.036
151,5,20,0.044
152,5,20,0.042
153,5,20,0.028
154,5,20,0.033
155,5,20,0.039
156,5,20,0.04
157,5,20,0.042
158,5,20,0.037
159,5,20,0.034
160,5,21,0.044
161,5,21,0.031
162,5,21,0.041
163,5,21,0.05
164,5,21,0.044
165,5,21,0.04
166,5,21,0.039
167,5,21,0.043
168,5,21,0.047
169,5,21,0.037
170,5,22,0.048
171,5,22,0.02
172,5,22,0.044
173,5,22,0.032
174,5,22,0.035
175,5,22,0.05
176,5,22,0.031
177,5,22,0.037
178,5,22,0.03
179,5,22,0.054
180,5,23,0.044
181,5,23,0.042
182,5,23,0.046
183,5,23,0.04
184,5,23,0.031
185,5,23,0.042
186,5,23,0.03
187,5,23,0.028
188,5,23,0.042
189,5,23,0.033
190,5,24,0.044
191,5,24,0.041
192,5,24,0.065
193,5,24,0.043
194,5,24,0.053
195,5,24,0.098
196,5,24,0.044
197,5,24,0.042
198,5,24,0.042
199,5,24,0.038
200,5,25,0.058
201,5,25,0.042
202,5,25,0.039
203,5,25,0.052
204,5,25,0.046
205,5,25,0.043
206,5,25,0.051
207,5,25,0.042
208,5,25,0.041
209,5,25,0.064
210,5,26,0.043
211,5,26,0.036
212,5,26,0.046
213,5,26,0.049
214,5,26,0.051
215,5,26,0.334
216,5,26,0.061
217,5,26,0.05
218,5,26,0.076
219,5,26,0.048
220,5,27,0.039
221,5,27,0.058
222,5,27,0.161
223,5,27,0.07
224,5,27,0.085
225,5,27,0.072
226,5,27,0.051
227,5,27,0.063
228,5,27,0.045
229,5,27,0.041
230,5,28,0.055
231,5,28,0.042
232,5,28,0.039
233,5,28,0.044
234,5,28,0.049
235,5,28,0.056
236,5,28,0.051
237,5,28,0.04
238,5,28,0.046
239,5,28,0.065
240,5,29,0.051
241,5,29,0.045
242,5,29,0.041
243,5,29,0.048
244,5,29,0.058
245,5,29,0.053
246,5,29,0.045
247,5,29,0.052
248,5,29,0.656
249,5,29,0.071
250,5,30,0.062
251,5,30,0.069
252,5,30,0.051
253,5,30,0.047
254,5,30,0.042
255,5,30,0.093
256,5,30,0.049
257,5,30,0.062
258,5,30,0.047
259,5,30,0.036
260,5,31,0.047
261,5,31,0.085
262,5,31,0.083
263,5,31,0.078
264,5,31,0.055
265,5,31,0.056
266,5,31,0.042
267,5,31,0.057
268,5,31,0.043
269,5,31,0.054
270,5,32,0.086
271,5,32,0.057
272,5,32,0.083
273,5,32,0.051
274,5,32,0.065
275,5,32,0.058
276,5,32,0.066
277,5,32,0.052
278,5,32,0.107
279,5,32,0.123
280,5,33,0.059
281,5,33,0.066
282,5,33,0.105
283,5,33,0.137
284,5,33,0.713
285,5,33,0.063
286,5,33,0.071
287,5,33,0.049
288,5,33,0.077
289,5,33,0.054
290,5,34,0.039
291,5,34,0.049
292,5,34,0.045
293,5,34,0.051
294,5,34,0.17
295,5,34,0.233
296,5,34,0.113
297,5,34,0.217
298,5,34,0.051
299,5,34,0.058
300,5,35,0.11
301,5,35,0.066
302,5,35,0.048
303,5,35,0.067
304,5,35,0.33
305,5,35,0.064
306,5,35,0.07
307,5,35,0.227
308,5,35,0.06
309,5,35,0.034
310,5,36,0.06
311,5,36,0.106
312,5,36,0.074
313,5,36,0.848
314,5,36,0.064
315,5,36,0.052
316,5,36,0.08
317,5,36,0.088
318,5,36,0.065
319,5,36,0.077
320,5,37,0.347
321,5,37,0.062
322,5,37,0.101
323,5,37,0.076
324,5,37,0.054
325,5,37,0.054
326,5,37,0.095
327,5,37,0.065
328,5,37,0.049
329,5,37,0.087
330,5,38,0.535
331,5,38,0.647
332,5,38,0.07
333,5,38,0.068
334,5,38,0.056
335,5,38,0.155
336,5,38,0.068
337,5,38,0.053
338,5,38,0.096
339,5,38,0.075
340,5,39,0.117
341,5,39,0.21
342,5,39,0.121
343,5,39,0.228
344,5,39,6.35
345,5,39,0.059
346,5,39,0.074
347,5,39,0.075
348,5,39,0.145
349,5,39,0.156
350,5,40,0.091
351,5,40,0.086
352,5,40,0.055
353,5,40,0.087
354,5,40,0.058
355,5,40,0.062
356,5,40,0.167
357,5,40,0.069
358,5,40,0.072
359,5,40,0.057
360,5,41,0.501
361,5,41,0.096
362,5,41,0.158
363,5,41,0.059
364,5,41,0.07
365,5,41,0.072
366,5,41,0.06
367,5,41,0.047
368,5,41,0.207
369,5,41,0.071
370,5,42,0.037
371,5,42,0.173
372,5,42,0.059
373,5,42,0.094
374,5,42,0.074
375,5,42,0.099
376,5,42,0.073
377,5,42,0.053
378,5,42,0.425
379,5,42,0.744
380,5,43,0.249
381,5,43,0.088
382,5,43,0.129
383,5,43,0.063
384,5,43,0.051
385,5,43,0.054
386,5,43,0.109
387,5,43,0.069
388,5,43,0.069
389,5,43,0.065
390,5,44,1.842
391,5,44,2.52
392,5,44,0.076
393,5,44,0.064
394,5,44,0.081
395,5,44,0.284
396,5,44,0.062
397,5,44,0.293
398,5,44,0.067
399,5,44,0.053
400,5,45,0.077
401,5,45,0.068
402,5,45,0.339
403,5,45,0.096
404,5,45,0.05
405,5,45,0.438
406,5,45,2.332
407,5,45,0.058
408,5,45,0.059
409,5,45,0.072
410,5,46,0.086
411,5,46,0.048
412,5,46,0.101
413,5,46,0.055
414,5,46,0.085
415,5,46,0.082
416,5,46,0.068
417,5,46,0.045
418,5,46,0.301
419,5,46,0.147
420,5,47,0.091
421,5,47,0.093
422,5,47,0.063
423,5,47,0.186
424,5,47,0.187
425,5,47,0.37
426,5,47,6.406
427,5,47,0.274
428,5,47,0.107
429,5,47,0.088
430,5,48,0.077
431,5,48,0.072
432,5,48,0.116
433,5,48,0.362
434,5,48,0.096
435,5,48,0.068
436,5,48,0.099
437,5,48,0.123
438,5,48,0.133
439,5,48,0.122
440,5,49,0.377
441,5,49,0.393
442,5,49,1.268
443,5,49,0.073
444,5,49,0.078
445,5,49,0.063
446,5,49,0.57
447,5,49,0.114
448,5,49,0.114
449,5,49,0.404
450,5,50,0.064
451,5,50,0.101
452,5,50,0.459
453,5,50,0.11
454,5,50,0.076
455,5,50,0.636
456,5,50,0.096
457,5,50,0.264
458,5,50,0.065
459,5,50,0.09
0,10,51,0.133
1,10,51,0.789
2,10,51,0.458
3,10,51,0.094
4,10,51,0.097
5,10,51,0.096
6,10,51,0.121
7,10,51,0.102
8,10,51,0.13
9,10,51,4.741
10,10,52,0.596
11,10,52,0.262
12,10,52,0.249
13,10,52,0.089
14,10,52,0.129
15,10,52,0.199
16,10,52,0.125
17,10,52,0.929
18,10,52,0.125
19,10,52,0.138
20,10,53,0.186
21,10,53,0.12
22,10,53,3.793
23,10,53,0.153
24,10,53,0.124
25,10,53,0.264
26,10,53,0.122
27,10,53,0.135
28,10,53,0.248
29,10,53,0.636
30,10,54,0.114
31,10,54,0.254
32,10,54,5.157
33,10,54,0.37
34,10,54,0.121
35,10,54,0.113
36,10,54,0.202
37,10,54,0.167
38,10,54,0.139
39,10,54,0.104
40,10,55,0.762
41,10,55,0.218
42,10,55,0.504
43,10,55,0.297
44,10,55,0.155
45,10,55,0.15
46,10,55,0.133
47,10,55,1.902
48,10,55,0.101
49,10,55,4.876
50,10,56,5.515
51,10,56,0.1
52,10,56,5.288
53,10,56,0.191
54,10,56,0.111
55,10,56,0.26
56,10,56,4.07
57,10,56,0.1
58,10,56,0.147
59,10,56,0.116
60,10,57,0.124
61,10,57,0.158
62,10,57,0.27
63,10,57,0.2
64,10,57,0.225
65,10,57,0.228
66,10,57,0.453
67,10,57,0.169
68,10,57,0.176
69,10,57,0.326
70,10,58,0.37
71,10,58,0.236
72,10,58,3.879
73,10,58,0.322
74,10,58,0.127
75,10,58,0.136
76,10,58,0.146
77,10,58,0.84
78,10,58,0.1
79,10,58,0.254
80,10,59,0.371
81,10,59,0.134
82,10,59,0.134
83,10,59,0.123
84,10,59,0.562
85,10,59,0.128
86,10,59,0.36
87,10,59,0.093
88,10,59,4.858
89,10,59,0.46
90,10,60,2.182
91,10,60,249.428
92,10,60,0.171
93,10,60,0.197
94,10,60,0.128
95,10,60,0.129
96,10,60,0.13
97,10,60,0.935
98,10,60,4.516
99,10,60,0.098
0,1,51,0.127
1,1,51,0.047
2,1,51,0.031
3,1,51,0.029
4,1,51,0.065
5,1,51,0.178
6,1,51,0.066
7,1,51,0.489
8,1,51,0.054
9,1,51,0.028
10,1,52,0.073
11,1,52,0.047
12,1,52,0.054
13,1,52,0.085
14,1,52,0.636
15,1,52,0.129
16,1,52,0.03
17,1,52,0.059
18,1,52,0.043
19,1,52,0.123
20,1,53,0.037
21,1,53,0.078
22,1,53,0.254
23,1,53,0.14
24,1,53,0.065
25,1,53,0.068
26,1,53,0.233
27,1,53,0.189
28,1,53,0.095
29,1,53,0.087
30,1,54,0.046
31,1,54,0.044
32,1,54,0.065
33,1,54,0.05
34,1,54,0.125
35,1,54,0.215
36,1,54,0.236
37,1,54,0.03
38,1,54,0.115
39,1,54,0.08
40,1,55,0.198
41,1,55,0.047
42,1,55,0.414
43,1,55,0.355
44,1,55,0.033
45,1,55,0.235
46,1,55,0.07
47,1,55,0.055
48,1,55,0.096
49,1,55,0.081
50,1,56,0.068
51,1,56,0.355
52,1,56,0.042
53,1,56,0.07
54,1,56,0.043
55,1,56,0.1
56,1,56,0.515
57,1,56,0.16
58,1,56,0.055
59,1,56,0.058
60,1,57,0.046
61,1,57,0.033
62,1,57,0.04
63,1,57,0.091
64,1,57,0.049
65,1,57,0.083
66,1,57,0.051
67,1,57,0.142
68,1,57,0.104
69,1,57,0.269
70,1,58,0.072
71,1,58,0.071
72,1,58,0.051
73,1,58,0.051
74,1,58,0.058
75,1,58,0.056
76,1,58,0.071
77,1,58,0.196
78,1,58,0.055
79,1,58,0.083
80,1,59,0.082
81,1,59,0.053
82,1,59,0.044
83,1,59,0.079
84,1,59,0.088
85,1,59,0.206
86,1,59,0.051
87,1,59,0.137
88,1,59,0.106
89,1,59,0.068
90,1,60,0.086
91,1,60,0.144
92,1,60,0.065
93,1,60,0.039
94,1,60,0.07
95,1,60,0.049
96,1,60,0.243
97,1,60,0.031
98,1,60,0.057
99,1,60,0.09
0,15,51,0.212
1,15,51,0.211
2,15,51,5.95
3,15,51,0.178
4,15,51,0.157
5,15,51,0.115
6,15,51,0.153
7,15,51,0.136
8,15,51,0.151
9,15,51,0.141
10,15,52,0.3
11,15,52,0.149
12,15,52,0.182
13,15,52,0.162
14,15,52,0.132
15,15,52,0.181
16,15,52,0.139
17,15,52,0.187
18,15,52,0.137
19,15,52,0.294
20,15,53,0.208
21,15,53,0.168
22,15,53,0.195
23,15,53,0.122
24,15,53,0.167
25,15,53,0.157
26,15,53,0.18
27,15,53,0.135
28,15,53,0.133
29,15,53,1.285
30,15,54,5.177
31,15,54,0.46
32,15,54,0.187
33,15,54,0.121
34,15,54,0.138
35,15,54,0.321
36,15,54,0.355
37,15,54,4.557
38,15,54,0.21
39,15,54,0.152
40,15,55,0.141
41,15,55,0.163
42,15,55,0.199
43,15,55,0.166
44,15,55,0.496
45,15,55,0.169
46,15,55,0.182
47,15,55,0.219
48,15,55,0.161
49,15,55,0.174
50,15,56,2.061
51,15,56,0.169
52,15,56,1.104
53,15,56,1.295
54,15,56,0.289
55,15,56,2.596
56,15,56,0.13
57,15,56,0.693
58,15,56,0.253
59,15,56,0.198
60,15,57,0.199
61,15,57,0.176
62,15,57,0.118
63,15,57,5.774
64,15,57,0.169
65,15,57,0.168
66,15,57,0.23
67,15,57,0.153
68,15,57,0.247
69,15,57,0.206
70,15,58,0.173
71,15,58,0.161
72,15,58,8.402
73,15,58,0.2
74,15,58,10.151
75,15,58,0.579
76,15,58,0.186
77,15,58,0.148
78,15,58,0.254
79,15,58,0.288
80,15,59,0.401
81,15,59,0.196
82,15,59,0.177
83,15,59,0.292
84,15,59,0.326
85,15,59,0.304
86,15,59,0.299
87,15,59,0.215
88,15,59,0.158
89,15,59,0.25
90,15,60,8.213
91,15,60,0.505
92,15,60,1.084
93,15,60,0.15
94,15,60,0.178
95,15,60,0.171
96,15,60,0.156
97,15,60,0.245
98,15,60,0.164
99,15,60,1.819
0,5,51,0.087
1,5,51,0.398
2,5,51,0.683
3,5,51,0.05
4,5,51,0.744
5,5,51,0.076
6,5,51,0.077
7,5,51,0.099
8,5,51,0.073
9,5,51,0.1
10,5,52,0.067
11,5,52,0.12
12,5,52,0.06
13,5,52,0.106
14,5,52,0.048
15,5,52,0.225
16,5,52,0.054
17,5,52,0.079
18,5,52,0.086
19,5,52,0.063
20,5,53,0.087
21,5,53,0.076
22,5,53,0.097
23,5,53,0.578
24,5,53,0.199
25,5,53,0.093
26,5,53,0.066
27,5,53,1.261
28,5,53,0.101
29,5,53,1.424
30,5,54,19.217
31,5,54,0.071
32,5,54,0.084
33,5,54,0.083
34,5,54,0.463
35,5,54,0.124
36,5,54,0.188
37,5,54,0.111
38,5,54,0.094
39,5,54,0.133
40,5,55,3.715
41,5,55,0.076
42,5,55,0.074
43,5,55,0.069
44,5,55,0.071
45,5,55,0.645
46,5,55,0.11
47,5,55,0.093
48,5,55,0.117
49,5,55,0.109
50,5,56,0.091
51,5,56,2.156
52,5,56,0.064
53,5,56,0.114
54,5,56,0.14
55,5,56,0.831
56,5,56,0.094
57,5,56,1.374
58,5,56,0.071
59,5,56,0.106
60,5,57,0.951
61,5,57,0.085
62,5,57,1.477
63,5,57,0.294
64,5,57,0.089
65,5,57,0.262
66,5,57,0.067
67,5,57,0.116
68,5,57,0.135
69,5,57,0.11
70,5,58,3.339
71,5,58,0.245
72,5,58,0.081
73,5,58,1.818
74,5,58,0.086
75,5,58,0.109
76,5,58,0.776
77,5,58,0.155
78,5,58,0.061
79,5,58,0.179
80,5,59,0.103
81,5,59,0.099
82,5,59,0.066
83,5,59,9.01
84,5,59,0.336
85,5,59,0.154
86,5,59,0.067
87,5,59,0.491
88,5,59,0.265
89,5,59,0.178
90,5,60,0.084
91,5,60,0.117
92,5,60,0.062
93,5,60,0.14
94,5,60,0.163
95,5,60,0.092
96,5,60,0.118
97,5,60,0.066
98,5,60,0.841
99,5,60,0.242
0,10,61,0.31
1,10,61,0.382
2,10,61,0.131
3,10,61,0.196
4,10,61,0.198
5,10,61,0.965
6,10,61,0.546
7,10,61,0.149
8,10,61,0.139
9,10,61,0.119
10,10,62,0.086
11,10,62,1.337
12,10,62,0.384
13,10,62,0.792
14,10,62,0.13
15,10,62,0.238
16,10,62,0.147
17,10,62,0.729
18,10,62,0.152
19,10,62,0.157
20,10,63,0.102
21,10,63,0.223
22,10,63,0.248
23,10,63,0.107
24,10,63,0.138
25,10,63,0.523
26,10,63,1.575
27,10,63,0.14
28,10,63,0.646
29,10,63,0.178
30,10,64,0.174
31,10,64,62.909
32,10,64,0.165
33,10,64,0.144
34,10,64,0.235
35,10,64,0.204
36,10,64,0.455
37,10,64,0.148
38,10,64,0.14
39,10,64,0.139
40,10,65,0.124
41,10,65,0.145
42,10,65,0.092
43,10,65,0.172
44,10,65,0.128
45,10,65,0.259
46,10,65,0.211
47,10,65,0.089
48,10,65,0.172
49,10,65,0.201
50,10,66,0.381
51,10,66,0.16
52,10,66,0.226
53,10,66,0.187
54,10,66,3.062
55,10,66,0.098
56,10,66,171.64
57,10,66,0.122
58,10,66,0.135
59,10,66,0.2
60,10,67,0.146
61,10,67,48.56
62,10,67,0.204
63,10,67,0.194
64,10,67,0.33
65,10,67,0.174
66,10,67,0.174
67,10,67,0.155
68,10,67,0.284
69,10,67,0.137
70,10,68,3.836
71,10,68,11.554
72,10,68,0.218
73,10,68,0.126
74,10,68,0.163
75,10,68,0.864
76,10,68,16.896
77,10,68,0.127
78,10,68,6.866
79,10,68,0.195
80,10,69,0.119
81,10,69,0.212
82,10,69,0.277
83,10,69,0.128
84,10,69,0.343
85,10,69,3.261
86,10,69,0.145
0,15,61,0.221
1,15,61,0.211
2,15,61,0.17
3,15,61,0.386
4,15,61,0.218
5,15,61,3.7
6,15,61,0.208
7,15,61,0.214
8,15,61,4.669
9,15,61,3.675
10,15,62,0.177
11,15,62,0.156
12,15,62,0.18
13,15,62,0.145
14,15,62,0.926
15,15,62,0.435
16,15,62,0.177
17,15,62,0.19
18,15,62,0.287
19,15,62,0.134
20,15,63,0.158
21,15,63,2.268
22,15,63,0.191
23,15,63,0.19
24,15,63,0.184
25,15,63,0.2
26,15,63,0.189
27,15,63,17.267
28,15,63,0.205
29,15,63,0.417
30,15,64,0.408
31,15,64,277.276
32,15,64,0.147
33,15,64,0.174
34,15,64,0.209
35,15,64,0.623
36,15,64,0.186
37,15,64,0.885
38,15,64,0.576
39,15,64,0.194
40,15,65,0.194
41,15,65,0.212
42,15,65,0.241
43,15,65,0.347
44,15,65,0.2
45,15,65,0.542
46,15,65,3.12
47,15,65,0.657
48,15,65,0.442
49,15,65,0.588
50,15,66,0.467
51,15,66,0.35
52,15,66,9.497
53,15,66,0.238
54,15,66,0.483
55,15,66,0.189
56,15,66,0.52
57,15,66,0.207
58,15,66,0.176
59,15,66,0.992
60,15,67,0.299
61,15,67,0.188
62,15,67,0.795
63,15,67,0.166
64,15,67,83.099
65,15,67,0.187
66,15,67,0.172
67,15,67,0.298
68,15,67,0.329
69,15,67,0.59
70,15,68,0.193
71,15,68,0.125
72,15,68,0.207
73,15,68,0.13
74,15,68,0.26
75,15,68,0.859
76,15,68,0.186
77,15,68,0.226
78,15,68,0.196
79,15,68,0.171
80,15,69,2.402
81,15,69,0.17
82,15,69,16.743
83,15,69,0.258
84,15,69,0.207
85,15,69,0.3
86,15,69,5.346
87,15,69,0.252
88,15,69,0.273
89,15,69,0.26
90,15,70,0.401
91,15,70,29.16
92,15,70,0.165
93,15,70,0.201
94,15,70,5.144
95,15,70,0.164
96,15,70,0.169
97,15,70,0.204
98,15,70,0.325
99,15,70,0.511
0,1,61,0.067
1,1,61,0.096
2,1,61,0.084
3,1,61,0.127
4,1,61,0.122
5,1,61,0.147
6,1,61,0.284
7,1,61,0.125
8,1,61,0.032
9,1,61,0.06
10,1,62,0.031
11,1,62,0.039
12,1,62,0.086
13,1,62,0.158
14,1,62,0.279
15,1,62,0.126
16,1,62,0.076
17,1,62,0.149
18,1,62,0.338
19,1,62,0.066
20,1,63,0.058
21,1,63,0.07
22,1,63,0.064
23,1,63,0.094
24,1,63,0.211
25,1,63,0.465
26,1,63,0.097
27,1,63,0.104
28,1,63,0.339
29,1,63,0.085
30,1,64,0.056
31,1,64,0.097
32,1,64,2.896
33,1,64,0.096
34,1,64,0.376
35,1,64,0.06
36,1,64,0.101
37,1,64,0.139
38,1,64,0.075
39,1,64,0.062
40,1,65,0.057
41,1,65,0.071
42,1,65,0.078
43,1,65,0.091
44,1,65,0.085
45,1,65,0.479
46,1,65,0.563
47,1,65,0.416
48,1,65,0.205
49,1,65,0.035
50,1,66,0.123
51,1,66,0.305
52,1,66,0.252
53,1,66,0.114
54,1,66,0.115
55,1,66,0.079
56,1,66,0.128
57,1,66,0.156
58,1,66,0.086
59,1,66,0.065
60,1,67,0.126
61,1,67,0.088
62,1,67,0.159
63,1,67,0.188
64,1,67,0.281
65,1,67,0.517
66,1,67,0.048
67,1,67,0.126
68,1,67,0.077
69,1,67,0.08
70,1,68,0.125
71,1,68,0.084
72,1,68,0.072
73,1,68,0.729
74,1,68,0.108
75,1,68,0.202
76,1,68,0.136
77,1,68,0.09
78,1,68,0.086
79,1,68,0.064
80,1,69,0.056
81,1,69,0.111
82,1,69,0.152
83,1,69,0.073
84,1,69,0.082
85,1,69,0.229
86,1,69,0.055
87,1,69,0.1
88,1,69,0.173
89,1,69,0.144
90,1,70,0.052
91,1,70,0.102
92,1,70,0.081
93,1,70,0.078
94,1,70,0.036
95,1,70,0.111
96,1,70,0.233
97,1,70,0.091
98,1,70,0.071
99,1,70,0.102
0,5,61,0.209
1,5,61,0.347
2,5,61,0.11
3,5,61,0.352
4,5,61,0.196
5,5,61,0.103
6,5,61,5.913
7,5,61,0.058
8,5,61,0.266
9,5,61,0.082
10,5,62,1.199
11,5,62,0.047
12,5,62,0.123
13,5,62,0.127
14,5,62,2.086
15,5,62,0.31
16,5,62,0.11
17,5,62,0.074
18,5,62,0.86
19,5,62,0.216
20,5,63,10.92
21,5,63,0.082
22,5,63,0.117
23,5,63,0.186
24,5,63,0.076
25,5,63,0.076
26,5,63,0.108
27,5,63,0.084
28,5,63,0.109
29,5,63,35.123
30,5,64,0.099
31,5,64,0.229
32,5,64,0.15
33,5,64,0.301
34,5,64,0.097
35,5,64,57.821
36,5,64,0.215
37,5,64,0.881
38,5,64,0.091
39,5,64,0.074
40,5,65,0.11
41,5,65,0.157
42,5,65,0.097
43,5,65,0.065
44,5,65,0.579
45,5,65,1.037
46,5,65,0.072
47,5,65,2.265
48,5,65,4.479
49,5,65,1.07
50,5,66,0.311
51,5,66,15.373
52,5,66,0.213
53,5,66,1.845
54,5,66,0.471
55,5,66,1.166
56,5,66,0.102
57,5,66,0.145
58,5,66,0.403
59,5,66,2.736
60,5,67,0.135
61,5,67,0.129
62,5,67,0.1
63,5,67,0.132
64,5,67,0.078
65,5,67,0.246
66,5,67,0.704
67,5,67,0.165
68,5,67,16.485
69,5,67,33.02
70,5,68,3.223
71,5,68,0.1
72,5,68,0.077
73,5,68,115.371
74,5,68,0.16
75,5,68,0.151
76,5,68,0.174
77,5,68,2.423
78,5,68,0.107
79,5,68,1.026
80,5,69,0.123
81,5,69,0.076
82,5,69,0.18
83,5,69,10.956
84,5,69,0.078
85,5,69,1.878
86,5,69,0.063
87,5,69,0.776
88,5,69,0.396
89,5,69,8.972
90,5,70,0.099
91,5,70,0.179
92,5,70,7.878
93,5,70,0.833
94,5,70,0.956
95,5,70,0.124
96,5,70,9.749
97,5,70,0.83
98,5,70,0.116
99,5,70,0.058
0,10,71,0.306
1,10,71,1.333
2,10,71,0.211
3,10,71,0.13
4,10,71,7.794
5,10,71,0.155
6,10,71,0.127
7,10,71,0.155
8,10,71,4.557
9,10,71,41.042
10,10,72,0.5
11,10,72,0.153
12,10,72,0.196
13,10,72,88.97
14,10,72,0.238
15,10,72,0.156
16,10,72,0.203
17,10,72,2.491
18,10,72,1.813
19,10,72,10.284
20,10,73,0.604
21,10,73,0.219
22,10,73,20.621
23,10,73,0.107
24,10,73,0.232
25,10,73,1.226
26,10,73,0.399
27,10,73,1.145
28,10,73,5.782
29,10,73,0.239
30,10,74,0.234
31,10,74,0.512
32,10,74,0.184
33,10,74,0.987
34,10,74,0.178
35,10,74,0.143
36,10,74,0.789
37,10,74,0.202
38,10,74,0.239
39,10,74,0.189
40,10,75,0.151
41,10,75,14.775
42,10,75,0.167
43,10,75,71.77
44,10,75,0.29
45,10,75,0.16
46,10,75,7.913
47,10,75,0.13
48,10,75,53.036
49,10,75,0.115
0,15,71,3.159
1,15,71,0.357
2,15,71,0.875
3,15,71,0.217
4,15,71,0.234
5,15,71,0.712
6,15,71,0.239
7,15,71,0.18
8,15,71,0.924
9,15,71,0.198
10,15,72,0.246
11,15,72,0.463
12,15,72,27.768
0,1,71,0.07
1,1,71,0.074
2,1,71,0.102
3,1,71,0.903
4,1,71,0.054
5,1,71,0.038
6,1,71,0.324
7,1,71,0.102
8,1,71,0.059
9,1,71,0.743
10,1,72,0.07
11,1,72,0.079
12,1,72,0.108
13,1,72,0.047
14,1,72,0.091
15,1,72,0.171
16,1,72,0.068
17,1,72,0.066
18,1,72,0.083
19,1,72,0.062
20,1,73,0.125
21,1,73,0.111
22,1,73,0.218
23,1,73,0.092
24,1,73,0.068
25,1,73,1.138
26,1,73,0.056
27,1,73,1.281
28,1,73,0.042
29,1,73,0.116
30,1,74,0.153
31,1,74,0.086
32,1,74,0.512
33,1,74,0.521
34,1,74,1.51
35,1,74,0.108
36,1,74,0.097
37,1,74,0.597
38,1,74,0.058
39,1,74,0.124
40,1,75,0.089
41,1,75,0.318
42,1,75,0.062
43,1,75,0.119
44,1,75,0.109
45,1,75,0.219
46,1,75,0.182
47,1,75,0.063
48,1,75,0.077
49,1,75,0.067
0,5,71,0.127
1,5,71,0.088
2,5,71,0.076
3,5,71,1.58
4,5,71,0.25
5,5,71,0.101
6,5,71,44.652
7,5,71,0.805
8,5,71,0.153
9,5,71,6.981
10,5,72,0.158
11,5,72,0.144
12,5,72,0.639
13,5,72,0.206
14,5,72,0.698
15,5,72,1.628
16,5,72,0.127
17,5,72,1.731
18,5,72,0.365
19,5,72,9.914
20,5,73,0.886
21,5,73,0.227
22,5,73,0.167
23,5,73,0.072
24,5,73,0.2
25,5,73,0.094
26,5,73,0.268
27,5,73,0.126
28,5,73,0.157
29,5,73,0.169
30,5,74,5.509
31,5,74,89.524
32,5,74,0.287
33,5,74,0.448
34,5,74,0.116
35,5,74,0.122
36,5,74,0.353
37,5,74,0.256
38,5,74,0.196
39,5,74,0.113
40,5,75,1.427
41,5,75,30.187
42,5,75,0.926
43,5,75,0.136
44,5,75,2.021
45,5,75,1.63
46,5,75,0.089
47,5,75,0.243
48,5,75,0.17
49,5,75,1.495
0,10,76,0.332
1,10,76,0.171
2,10,76,0.12
3,10,76,0.872
4,10,76,0.632
5,10,76,7.75
6,10,76,0.322
7,10,76,0.228
8,10,76,0.275
9,10,76,0.155
10,10,77,16.56
11,10,77,0.268
12,10,77,0.266
0,15,76,0.226
1,15,76,0.406
2,15,76,0.211
3,15,76,0.193
4,15,76,34.366
5,15,76,0.708
6,15,76,1.281
7,15,76,7.954
8,15,76,0.431
9,15,76,0.343
10,15,77,1.923
11,15,77,5.13
12,15,77,0.323
13,15,77,0.307
14,15,77,0.209
15,15,77,0.332
16,15,77,0.33
17,15,77,0.182
18,15,77,94.543
19,15,77,0.188
20,15,78,0.99
21,15,78,4.452
22,15,78,1.356
23,15,78,0.226
24,15,78,0.746
25,15,78,0.255
26,15,78,0.199
27,15,78,12.502
28,15,78,0.25
29,15,78,0.236
0,1,76,0.088
1,1,76,0.102
2,1,76,0.065
3,1,76,0.063
4,1,76,0.167
5,1,76,0.324
6,1,76,0.078
7,1,76,0.071
8,1,76,0.04
9,1,76,0.06
10,1,77,1.071
11,1,77,0.159
12,1,77,0.086
13,1,77,0.116
14,1,77,0.282
15,1,77,0.94
16,1,77,0.129
17,1,77,0.08
18,1,77,0.07
19,1,77,0.075
20,1,78,0.125
21,1,78,0.074
22,1,78,0.051
23,1,78,0.066
24,1,78,0.101
25,1,78,0.152
26,1,78,0.054
27,1,78,0.041
28,1,78,0.4
29,1,78,0.175
0,10,79,0.506
1,10,79,0.211
2,10,79,59.596
3,10,79,155.639
4,10,79,0.262
5,10,79,0.381
6,10,79,0.275
7,10,79,0.44
8,10,79,0.129
9,10,79,0.278
10,10,80,1.944
11,10,80,0.264
12,10,80,0.303
0,15,79,0.415
1,15,79,0.401
2,15,79,1.276
3,15,79,0.456
4,15,79,0.288
5,15,79,4.774
6,15,79,3.446
7,15,79,0.213
8,15,79,0.269
9,15,79,0.198
10,15,80,158.385
11,15,80,0.21
12,15,80,1.307
13,15,80,0.374
14,15,80,2.315
15,15,80,0.232
16,15,80,14.165
17,15,80,1.085
18,15,80,0.194
19,15,80,0.364
0,1,79,0.122
1,1,79,0.076
2,1,79,0.06
3,1,79,0.097
4,1,79,0.074
5,1,79,0.298
6,1,79,0.188
7,1,79,0.228
8,1,79,0.143
9,1,79,0.083
10,1,80,0.14
11,1,80,0.078
12,1,80,0.09
13,1,80,0.813
14,1,80,0.099
15,1,80,0.071
16,1,80,0.085
17,1,80,0.063
18,1,80,0.103
19,1,80,0.06
0,10,81,16.734
1,10,81,1.646
2,10,81,0.11
3,10,81,0.907
4,10,81,0.539
5,10,81,2.912
6,10,81,0.123
7,10,81,30.373
8,10,81,0.31
9,10,81,0.196
10,10,82,0.174
11,10,82,0.144
12,10,82,0.133
13,10,82,1.278
14,10,82,0.199
15,10,82,0.128
16,10,82,0.204
17,10,82,0.148
18,10,82,5.517
19,10,82,0.169
0,15,81,40.246
1,15,81,2.289
2,15,81,0.588
3,15,81,0.196
4,15,81,4.923
5,15,81,0.18
6,15,81,0.203
7,15,81,10.194
8,15,81,2.529
9,15,81,0.272
10,15,82,0.323
11,15,82,0.351
12,15,82,0.214
13,15,82,0.571
14,15,82,1.011
15,15,82,0.371
16,15,82,0.18
17,15,82,0.362
18,15,82,0.456
19,15,82,0.595
0,1,81,0.111
1,1,81,0.177
2,1,81,1.041
3,1,81,0.241
4,1,81,0.099
5,1,81,0.2
6,1,81,0.087
7,1,81,0.233
8,1,81,0.073
9,1,81,0.092
10,1,82,0.405
11,1,82,0.089
12,1,82,0.187
13,1,82,1.448
14,1,82,0.332
15,1,82,0.539
16,1,82,0.844
17,1,82,0.45
18,1,82,0.162
19,1,82,0.11
0,10,83,0.483
1,10,83,0.166
2,10,83,0.755
3,10,83,0.165
4,10,83,0.169
5,10,83,0.426
6,10,83,9.018
7,10,83,12.278
8,10,83,20.183
9,10,83,0.254
10,10,84,0.628
11,10,84,0.302
12,10,84,0.139
13,10,84,0.358
14,10,84,0.228
15,10,84,2.947
16,10,84,0.37
17,10,84,0.167
18,10,84,0.291
19,10,84,17.561
0,1,83,0.564
1,1,83,0.117
2,1,83,0.121
3,1,83,3.211
4,1,83,0.043
5,1,83,0.098
6,1,83,1.812
7,1,83,0.78
8,1,83,0.289
9,1,83,0.108
10,1,84,0.321
11,1,84,0.21
12,1,84,0.316
13,1,84,0.329
14,1,84,0.341
15,1,84,0.538
16,1,84,0.086
17,1,84,0.212
18,1,84,0.914
19,1,84,0.098
0,5,83,0.137
1,5,83,0.445
2,5,83,0.313
3,5,83,0.136
4,5,83,17.395
5,5,83,0.094
6,5,83,0.243
7,5,83,0.088
8,5,83,87.3
9,5,83,0.111
10,5,84,0.146
11,5,84,0.099
12,5,84,0.236
13,5,84,0.111
0,10,85,0.278
1,10,85,50.807
2,10,85,7.098
3,10,85,0.133
4,10,85,78.145
5,10,85,0.159
6,10,85,258.015
7,10,85,0.249
8,10,85,0.295
9,10,85,0.104
10,10,86,0.409
11,10,86,1.228
12,10,86,5.732
13,10,86,0.327
14,10,86,0.157
15,10,86,21.27
16,10,86,0.833
17,10,86,0.333
18,10,86,0.213
19,10,86,0.176
0,1,85,0.071
1,1,85,0.101
2,1,85,0.216
3,1,85,0.875
4,1,85,0.109
5,1,85,0.093
6,1,85,0.103
7,1,85,0.396
8,1,85,0.128
9,1,85,0.551
10,1,86,0.068
11,1,86,0.079
12,1,86,0.123
13,1,86,0.183
14,1,86,0.098
15,1,86,0.073
16,1,86,0.655
17,1,86,0.11
18,1,86,0.067
19,1,86,0.045
0,1,87,0.083
1,1,87,0.422
2,1,87,0.156
3,1,87,0.074
4,1,87,0.142
5,1,87,0.342
6,1,87,0.503
7,1,87,0.123
8,1,87,0.285
9,1,87,0.143
10,1,88,0.094
11,1,88,0.612
12,1,88,0.322
13,1,88,0.044
14,1,88,0.509
15,1,88,0.086
16,1,88,7.884
17,1,88,0.083
18,1,88,0.132
19,1,88,0.082
0,5,87,7.947
1,5,87,0.362
2,5,87,0.1
3,5,87,0.095
4,5,87,33.665
5,5,87,0.173
6,5,87,1.047
7,5,87,5.597
8,5,87,4.857
9,5,87,0.18
10,5,88,0.355
11,5,88,0.178
12,5,88,0.171
13,5,88,0.239
14,5,88,1.887
15,5,88,42.005
16,5,88,0.127
17,5,88,0.077
18,5,88,0.093
19,5,88,4.433
0,15,89,0.254
1,15,89,0.272
2,15,89,0.268
3,15,89,0.231
4,15,89,0.556
5,15,89,334.805
6,15,89,0.339
7,15,89,0.229
8,15,89,0.453
9,15,89,0.317
10,15,90,0.274
11,15,90,0.554
12,15,90,0.241
13,15,90,0.552
14,15,90,0.627
15,15,90,2.589
16,15,90,0.278
17,15,90,1.423
18,15,90,75.905
19,15,90,0.267
0,1,89,0.142
1,1,89,0.047
2,1,89,0.483
3,1,89,0.273
4,1,89,0.494
5,1,89,0.11
6,1,89,0.204
7,1,89,0.761
8,1,89,0.175
9,1,89,0.073
10,1,90,0.066
11,1,90,0.161
12,1,90,0.12
13,1,90,0.13
14,1,90,0.044
15,1,90,0.322
16,1,90,0.256
17,1,90,0.233
18,1,90,0.184
19,1,90,0.147
0,15,91,3.603
1,15,91,0.356
2,15,91,0.476
3,15,91,1.992
4,15,91,0.332
5,15,91,4.591
6,15,91,153.614
7,15,91,0.574
8,15,91,1.608
9,15,91,0.242
0,1,91,0.314
1,1,91,0.129
2,1,91,0.535
3,1,91,0.26
4,1,91,0.656
5,1,91,0.813
6,1,91,0.045
7,1,91,0.048
8,1,91,0.104
9,1,91,0.122
0,5,91,0.204
1,5,91,0.362
2,5,91,0.068
3,5,91,9.077
4,5,91,19.937
5,5,91,0.325
6,5,91,0.104
7,5,91,0.445
8,5,91,0.803
9,5,91,0.2
0,10,92,0.295
1,10,92,115.474
2,10,92,1.353
3,10,92,1.179
4,10,92,0.454
5,10,92,0.116
6,10,92,2.256
7,10,92,0.341
8,10,92,0.168
9,10,92,0.111
0,1,92,1.627
1,1,92,0.183
2,1,92,0.136
3,1,92,0.114
4,1,92,0.111
5,1,92,0.286
6,1,92,0.065
7,1,92,3.191
8,1,92,0.281
9,1,92,0.671
0,5,92,0.117
1,5,92,247.284
2,5,92,0.123
3,5,92,0.969
4,5,92,0.125
5,5,92,0.068
6,5,92,0.152
7,5,92,0.464
8,5,92,0.193
9,5,92,109.776
0,15,93,0.337
1,15,93,0.621
2,15,93,0.609
3,15,93,33.169
4,15,93,0.235
5,15,93,0.217
6,15,93,0.258
7,15,93,1.751
8,15,93,0.532
9,15,93,0.241
0,1,93,0.124
1,1,93,0.052
2,1,93,0.169
3,1,93,0.096
4,1,93,0.27
5,1,93,0.066
6,1,93,0.114
7,1,93,0.089
8,1,93,0.06
9,1,93,0.109
0,5,93,0.186
1,5,93,94.958
2,5,93,0.142
3,5,93,1.375
4,5,93,0.12
5,5,93,0.072
6,5,93,0.164
7,5,93,0.285
8,5,93,0.149
9,5,93,0.089
0,1,94,0.535
1,1,94,0.269
2,1,94,3.264
3,1,94,1.414
4,1,94,0.372
5,1,94,3.705
6,1,94,0.66
7,1,94,0.104
8,1,94,0.298
9,1,94,0.13
0,5,94,0.223
1,5,94,0.132
2,5,94,0.123
3,5,94,0.111
4,5,94,4.327
5,5,94,0.144
6,5,94,0.226
7,5,94,0.201
8,5,94,0.136
9,5,94,12.206
0,15,95,0.523
1,15,95,0.697
2,15,95,0.447
3,15,95,0.4
4,15,95,1.057
5,15,95,81.66
6,15,95,0.891
7,15,95,0.437
8,15,95,0.254
9,15,95,0.372
0,1,95,0.82
1,1,95,0.048
2,1,95,0.346
3,1,95,0.35
4,1,95,0.884
5,1,95,0.106
6,1,95,0.106
7,1,95,0.084
8,1,95,0.2
9,1,95,0.156
0,15,96,0.293
1,15,96,0.325
2,15,96,0.285
3,15,96,0.472
4,15,96,0.321
5,15,96,0.254
6,15,96,0.215
7,15,96,0.247
8,15,96,2.658
9,15,96,0.265
0,1,96,0.291
1,1,96,0.114
2,1,96,0.11
3,1,96,0.147
4,1,96,0.078
5,1,96,1.022
6,1,96,0.113
7,1,96,1.374
8,1,96,1.255
9,1,96,0.924
0,5,96,0.3
1,5,96,0.124
2,5,96,0.205
3,5,96,0.323
4,5,96,26.545
5,5,96,0.485
6,5,96,0.293
7,5,96,0.346
8,5,96,0.07
9,5,96,21.568
0,10,97,8.838
1,10,97,0.415
2,10,97,0.158
3,10,97,96.272
4,10,97,0.157
5,10,97,24.765
6,10,97,0.147
7,10,97,0.224
8,10,97,0.287
9,10,97,0.195
0,1,97,0.134
1,1,97,0.113
2,1,97,0.314
3,1,97,0.085
4,1,97,0.133
5,1,97,0.246
6,1,97,0.148
7,1,97,0.197
8,1,97,0.077
9,1,97,0.092
0,10,98,0.215
1,10,98,0.369
2,10,98,0.967
3,10,98,0.542
4,10,98,0.904
5,10,98,0.534
6,10,98,0.248
7,10,98,0.348
8,10,98,7.517
9,10,98,1.725
0,15,98,0.963
1,15,98,0.367
2,15,98,1.451
3,15,98,47.603
4,15,98,27.734
5,15,98,34.52
6,15,98,0.281
7,15,98,0.836
8,15,98,15.46
9,15,98,6.691
0,1,98,0.495
1,1,98,1.089
2,1,98,0.152
3,1,98,0.052
4,1,98,0.384
5,1,98,0.104
6,1,98,0.085
7,1,98,0.202
8,1,98,0.083
9,1,98,0.144
0,1,99,0.156
1,1,99,0.61
2,1,99,0.168
3,1,99,0.418
4,1,99,0.122
5,1,99,0.721
6,1,99,0.086
7,1,99,0.053
8,1,99,0.108
9,1,99,0.25
0,5,99,0.246
1,5,99,3.51
2,5,99,0.556
3,5,99,1.171
4,5,99,0.271
5,5,99,46.262
6,5,99,0.195
7,5,99,1.218
8,5,99,0.142
9,5,99,0.228
0,10,103,0.529
1,10,103,171.429
2,10,103,10.018
3,10,103,0.412
4,10,103,0.298
5,10,103,0.418
6,10,103,0.186
7,10,103,0.299
8,10,103,0.138
9,10,103,0.3
0,1,103,0.493
1,1,103,0.089
2,1,103,0.488
3,1,103,0.164
4,1,103,0.19
5,1,103,0.113
6,1,103,0.2
7,1,103,0.14
8,1,103,0.178
9,1,103,0.133
0,10,104,4.452
1,10,104,0.522
2,10,104,1.706
3,10,104,0.239
4,10,104,18.882
5,10,104,26.258
6,10,104,227.073
7,10,104,0.518
8,10,104,0.262
9,10,104,0.25
0,1,104,0.156
1,1,104,0.12
2,1,104,0.12
3,1,104,0.054
4,1,104,0.418
5,1,104,0.145
6,1,104,0.882
7,1,104,0.17
8,1,104,0.124
9,1,104,0.187
0,15,104,0.251
1,15,104,0.371
2,15,104,0.267
3,15,104,126.835
4,15,104,0.509
5,15,104,124.911
6,15,104,0.229
7,15,104,0.442
8,15,104,0.523
9,15,104,1570.659
0,1,105,0.147
1,1,105,0.055
2,1,105,0.051
3,1,105,0.536
4,1,105,0.18
5,1,105,0.056
6,1,105,0.175
7,1,105,0.098
8,1,105,0.055
9,1,105,0.053
0,15,105,0.741
1,15,105,0.365
2,15,105,2.851
3,15,105,0.659
4,15,105,0.356
5,15,105,0.54
6,15,105,0.514
7,15,105,0.408
8,15,105,0.491
9,15,105,1.744
0,5,105,0.562
1,5,105,0.324
2,5,105,0.689
3,5,105,0.224
4,5,105,0.092
5,5,105,0.684
6,5,105,0.497
7,5,105,11.051
8,5,105,0.219
9,5,105,1.584
0,1,106,0.064
1,1,106,0.159
2,1,106,0.116
3,1,106,0.079
4,1,106,0.49
5,1,106,0.06
6,1,106,0.162
7,1,106,0.124
8,1,106,0.945
9,1,106,0.793
0,5,106,0.12
1,5,106,0.179
2,5,106,1.094
3,5,106,0.122
4,5,106,0.209
5,5,106,0.234
6,5,106,4.576
7,5,106,0.224
8,5,106,0.242
9,5,106,0.127
0,10,107,121.711
1,10,107,0.326
2,10,107,0.343
3,10,107,36.845
4,10,107,0.336
5,10,107,0.508
6,10,107,5.491
7,10,107,0.254
8,10,107,137.094
9,10,107,0.248
0,1,107,0.574
1,1,107,0.11
2,1,107,0.094
3,1,107,0.111
4,1,107,0.618
5,1,107,0.22
6,1,107,0.242
7,1,107,0.184
8,1,107,0.12
9,1,107,0.91
0,5,107,67.873
1,5,107,0.132
2,5,107,0.689
3,5,107,351.024
4,5,107,0.357
5,5,107,0.084
6,5,107,0.17
7,5,107,0.14
8,5,107,0.398
9,5,107,0.13
0,1,108,0.222
1,1,108,0.64
2,1,108,0.129
3,1,108,0.138
4,1,108,2.257
5,1,108,0.144
6,1,108,0.597
7,1,108,0.639
8,1,108,0.179
9,1,108,0.447
0,1,109,0.11
1,1,109,0.094
2,1,109,0.088
3,1,109,0.228
4,1,109,0.275
5,1,109,0.111
6,1,109,0.151
7,1,109,0.15
8,1,109,0.229
9,1,109,0.555
0,15,109,1.838
1,15,109,0.369
2,15,109,2.249
3,15,109,2.622
4,15,109,0.353
5,15,109,0.458
6,15,109,0.498
7,15,109,12.103
8,15,109,0.756
9,15,109,0.537
0,1,100,0.099
1,1,100,2.852
2,1,100,0.056
3,1,100,0.497
4,1,100,0.245
5,1,100,0.34
6,1,100,0.326
7,1,100,0.126
8,1,100,0.082
9,1,100,0.138
0,10,10,0.038
1,10,11,0.024
2,10,11,0.025
3,10,11,0.026
4,10,11,0.027
5,10,11,0.026
6,10,11,0.029
7,10,11,0.025
8,10,11,0.026
9,10,11,0.024
10,10,11,0.027
11,10,12,0.027
12,10,12,0.03
13,10,12,0.026
14,10,12,0.031
15,10,12,0.026
16,10,12,0.026
17,10,12,0.028
18,10,12,0.033
19,10,12,0.025
20,10,12,0.028
21,10,13,0.029
22,10,13,0.032
23,10,13,0.027
24,10,13,0.028
25,10,13,0.029
26,10,13,0.071
27,10,13,0.029
28,10,13,0.031
29,10,13,0.036
30,10,13,0.036
31,10,14,0.03
32,10,14,0.031
33,10,14,0.031
34,10,14,0.032
35,10,14,0.032
36,10,14,0.031
37,10,14,0.032
38,10,14,0.032
39,10,14,0.043
40,10,14,0.035
41,10,15,0.034
42,10,15,0.032
43,10,15,0.038
44,10,15,0.031
45,10,15,0.036
46,10,15,0.032
47,10,15,0.034
48,10,15,0.031
49,10,15,0.032
50,10,15,0.031
51,10,16,0.035
52,10,16,0.039
53,10,16,0.045
54,10,16,0.032
55,10,16,0.039
56,10,16,0.042
57,10,16,0.037
58,10,16,0.04
59,10,16,0.038
60,10,16,0.038
61,10,17,0.035
62,10,17,0.037
63,10,17,0.035
64,10,17,0.04
65,10,17,0.038
66,10,17,0.056
67,10,17,0.037
68,10,17,0.04
69,10,17,0.039
70,10,17,0.04
71,10,18,0.035
72,10,18,0.036
73,10,18,0.039
74,10,18,0.036
75,10,18,0.049
76,10,18,0.04
77,10,18,0.036
78,10,18,0.038
79,10,18,0.035
80,10,18,0.036
81,10,19,0.044
82,10,19,0.04
83,10,19,0.044
84,10,19,0.044
85,10,19,0.04
86,10,19,0.049
87,10,19,0.036
88,10,19,0.04
89,10,19,0.049
90,10,19,0.042
91,10,20,0.045
92,10,20,0.041
93,10,20,0.042
94,10,20,0.048
95,10,20,0.053
96,10,20,0.041
97,10,20,0.05
98,10,20,0.043
99,10,20,0.042
100,10,20,0.044
101,10,21,0.054
102,10,21,0.047
103,10,21,0.047
104,10,21,0.044
105,10,21,0.05
106,10,21,0.042
107,10,21,0.05
108,10,21,0.038
109,10,21,0.043
110,10,21,0.042
111,10,22,0.048
112,10,22,0.058
113,10,22,0.07
114,10,22,0.057
115,10,22,0.056
116,10,22,0.049
117,10,22,0.044
118,10,22,0.052
119,10,22,0.053
120,10,22,0.046
121,10,23,0.056
122,10,23,0.055
123,10,23,0.051
124,10,23,0.057
125,10,23,0.067
126,10,23,0.068
127,10,23,0.048
128,10,23,0.055
129,10,23,0.05
130,10,23,0.091
131,10,24,0.053
132,10,24,0.059
133,10,24,0.05
134,10,24,0.055
135,10,24,0.05
136,10,24,0.046
137,10,24,0.054
138,10,24,0.052
139,10,24,0.043
140,10,24,0.053
141,10,25,0.066
142,10,25,0.05
143,10,25,0.066
144,10,25,0.051
145,10,25,0.06
146,10,25,0.056
147,10,25,0.051
148,10,25,0.06
149,10,25,0.051
150,10,25,0.063
151,10,26,0.057
152,10,26,0.065
153,10,26,0.058
154,10,26,0.062
155,10,26,0.056
156,10,26,0.071
157,10,26,0.119
158,10,26,0.049
159,10,26,0.068
160,10,26,0.054
161,10,27,0.071
162,10,27,0.074
163,10,27,0.064
164,10,27,0.063
165,10,27,0.062
166,10,27,0.06
167,10,27,0.067
168,10,27,0.054
169,10,27,0.153
170,10,27,0.096
171,10,28,0.054
172,10,28,0.067
173,10,28,0.066
174,10,28,0.147
175,10,28,0.078
176,10,28,0.073
177,10,28,0.07
178,10,28,0.066
179,10,28,0.061
180,10,28,0.083
181,10,29,0.086
182,10,29,0.083
183,10,29,0.069
184,10,29,0.08
185,10,29,0.084
186,10,29,0.077
187,10,29,0.068
188,10,29,0.106
189,10,29,0.074
190,10,29,0.076
191,10,30,0.171
192,10,30,0.06
193,10,30,0.082
194,10,30,0.074
195,10,30,0.078
196,10,30,0.082
197,10,30,0.069
198,10,30,0.066
199,10,30,0.192
200,10,30,0.086
201,10,31,0.107
202,10,31,0.16
203,10,31,0.072
204,10,31,0.077
205,10,31,0.077
206,10,31,0.067
207,10,31,0.08
208,10,31,0.077
209,10,31,0.07
210,10,31,0.075
211,10,32,0.058
212,10,32,0.083
213,10,32,0.07
214,10,32,0.08
215,10,32,0.08
216,10,32,0.07
217,10,32,0.095
218,10,32,0.098
219,10,32,0.078
220,10,32,0.112
221,10,33,0.093
222,10,33,0.191
223,10,33,0.08
224,10,33,0.065
225,10,33,0.085
226,10,33,0.07
227,10,33,0.089
228,10,33,0.08
229,10,33,0.083
230,10,33,0.107
231,10,34,0.176
232,10,34,0.246
233,10,34,0.113
234,10,34,0.082
235,10,34,0.113
236,10,34,0.089
237,10,34,0.142
238,10,34,0.078
239,10,34,0.074
240,10,34,0.082
241,10,35,0.089
242,10,35,0.08
243,10,35,0.091
244,10,35,0.078
245,10,35,0.063
246,10,35,0.109
247,10,35,0.078
248,10,35,0.084
249,10,35,0.082
250,10,35,0.106
251,10,36,0.076
252,10,36,0.097
253,10,36,0.252
254,10,36,0.086
255,10,36,0.099
256,10,36,0.092
257,10,36,0.084
258,10,36,0.092
259,10,36,0.648
260,10,36,0.091
261,10,37,0.053
262,10,37,0.278
263,10,37,0.077
264,10,37,0.113
265,10,37,0.062
266,10,37,0.208
267,10,37,0.178
268,10,37,0.094
269,10,37,0.087
270,10,37,0.078
271,10,38,0.107
272,10,38,0.132
273,10,38,0.098
274,10,38,0.178
275,10,38,0.075
276,10,38,0.093
277,10,38,0.096
278,10,38,0.074
279,10,38,0.064
280,10,38,0.111
281,10,39,0.064
282,10,39,0.101
283,10,39,0.077
284,10,39,0.098
285,10,39,0.117
286,10,39,0.078
287,10,39,0.072
288,10,39,0.076
289,10,39,0.064
290,10,39,0.095
291,10,40,0.097
292,10,40,0.066
293,10,40,0.073
294,10,40,0.123
295,10,40,0.078
296,10,40,1.546
297,10,40,0.089
298,10,40,0.091
299,10,40,0.098
300,10,40,0.199
301,10,41,0.104
302,10,41,0.079
303,10,41,0.082
304,10,41,0.122
305,10,41,0.095
306,10,41,0.103
307,10,41,0.061
308,10,41,0.102
309,10,41,0.093
310,10,41,0.086
311,10,42,0.251
312,10,42,0.16
313,10,42,0.095
314,10,42,0.091
315,10,42,0.097
316,10,42,0.132
317,10,42,0.099
318,10,42,0.131
319,10,42,0.157
320,10,42,0.134
321,10,43,0.163
322,10,43,4.006
323,10,43,0.14
324,10,43,0.096
325,10,43,0.097
326,10,43,0.325
327,10,43,0.094
328,10,43,0.112
329,10,43,0.103
330,10,43,0.088
331,10,44,0.075
332,10,44,0.129
333,10,44,0.113
334,10,44,0.268
335,10,44,0.094
336,10,44,0.084
337,10,44,0.07
338,10,44,0.11
339,10,44,0.125
340,10,44,0.085
341,10,45,0.07
342,10,45,0.079
343,10,45,0.097
344,10,45,0.093
345,10,45,0.095
346,10,45,0.078
347,10,45,0.6
348,10,45,0.085
349,10,45,0.198
350,10,45,0.108
351,10,46,0.104
352,10,46,0.102
353,10,46,0.096
354,10,46,0.094
355,10,46,0.244
356,10,46,0.707
357,10,46,0.194
358,10,46,0.114
359,10,46,0.092
360,10,46,0.108
361,10,47,0.11
362,10,47,0.109
363,10,47,0.108
364,10,47,0.142
365,10,47,0.091
366,10,47,0.339
367,10,47,0.197
368,10,47,0.126
369,10,47,0.1
370,10,47,0.06
371,10,48,1.572
372,10,48,0.351
373,10,48,0.497
374,10,48,0.101
375,10,48,0.096
376,10,48,0.112
377,10,48,0.104
378,10,48,0.082
379,10,48,0.188
380,10,48,0.09
381,10,49,0.098
382,10,49,0.14
383,10,49,0.276
384,10,49,0.112
385,10,49,0.132
386,10,49,0.356
387,10,49,0.536
388,10,49,0.185
389,10,49,0.115
390,10,49,0.123
391,10,50,1.033
392,10,50,0.16
393,10,50,0.175
394,10,50,0.102
395,10,50,0.249
396,10,50,0.11
397,10,50,0.333
398,10,50,0.097
399,10,50,0.201
400,10,50,0.121
0,1,2,0.015
1,1,2,0.004
2,1,3,0.006
3,1,3,0.006
4,1,3,0.005
5,1,3,0.005
6,1,3,0.005
7,1,3,0.005
8,1,3,0.005
9,1,4,0.006
10,1,4,0.006
11,1,4,0.006
12,1,4,0.006
13,1,4,0.006
14,1,4,0.006
15,1,4,0.006
16,1,4,0.006
17,1,4,0.007
18,1,4,0.006
19,1,5,0.008
20,1,5,0.008
21,1,5,0.007
22,1,5,0.007
23,1,5,0.007
24,1,5,0.009
25,1,5,0.007
26,1,5,0.008
27,1,5,0.007
28,1,5,0.009
29,1,6,0.009
30,1,6,0.007
31,1,6,0.009
32,1,6,0.007
33,1,6,0.008
34,1,6,0.007
35,1,6,0.009
36,1,6,0.009
37,1,6,0.008
38,1,6,0.008
39,1,7,0.011
40,1,7,0.009
41,1,7,0.01
42,1,7,0.009
43,1,7,0.009
44,1,7,0.013
45,1,7,0.011
46,1,7,0.011
47,1,7,0.011
48,1,7,0.009
49,1,8,0.01
50,1,8,0.009
51,1,8,0.011
52,1,8,0.009
53,1,8,0.01
54,1,8,0.011
55,1,8,0.011
56,1,8,0.01
57,1,8,0.009
58,1,8,0.007
59,1,9,0.011
60,1,9,0.009
61,1,9,0.012
62,1,9,0.014
63,1,9,0.011
64,1,9,0.012
65,1,9,0.011
66,1,9,0.01
67,1,9,0.011
68,1,9,0.013
69,1,10,0.009
70,1,10,0.014
71,1,10,0.013
72,1,10,0.012
73,1,10,0.015
74,1,10,0.012
75,1,10,0.013
76,1,10,0.01
77,1,10,0.014
78,1,10,0.013
79,1,11,0.014
80,1,11,0.013
81,1,11,0.015
82,1,11,0.019
83,1,11,0.013
84,1,11,0.014
85,1,11,0.012
86,1,11,0.015
87,1,11,0.015
88,1,11,0.014
89,1,12,0.016
90,1,12,0.014
91,1,12,0.018
92,1,12,0.019
93,1,12,0.019
94,1,12,0.015
95,1,12,0.019
96,1,12,0.015
97,1,12,0.016
98,1,12,0.014
99,1,13,0.015
100,1,13,0.015
101,1,13,0.017
102,1,13,0.027
103,1,13,0.016
104,1,13,0.019
105,1,13,0.016
106,1,13,0.015
107,1,13,0.014
108,1,13,0.014
109,1,14,0.019
110,1,14,0.017
111,1,14,0.018
112,1,14,0.014
113,1,14,0.016
114,1,14,0.02
115,1,14,0.017
116,1,14,0.024
117,1,14,0.015
118,1,14,0.017
119,1,15,0.02
120,1,15,0.015
121,1,15,0.02
122,1,15,0.013
123,1,15,0.013
124,1,15,0.023
125,1,15,0.015
126,1,15,0.021
127,1,15,0.022
128,1,15,0.016
129,1,16,0.019
130,1,16,0.024
131,1,16,0.019
132,1,16,0.02
133,1,16,0.025
134,1,16,0.018
135,1,16,0.025
136,1,16,0.017
137,1,16,0.02
138,1,16,0.029
139,1,17,0.022
140,1,17,0.019
141,1,17,0.021
142,1,17,0.022
143,1,17,0.129
144,1,17,0.023
145,1,17,0.038
146,1,17,0.021
147,1,17,0.021
148,1,17,0.018
149,1,18,0.023
150,1,18,0.021
151,1,18,0.018
152,1,18,0.014
153,1,18,0.029
154,1,18,0.018
155,1,18,0.02
156,1,18,0.03
157,1,18,0.022
158,1,18,0.019
159,1,19,0.013
160,1,19,0.021
161,1,19,0.023
162,1,19,0.02
163,1,19,0.015
164,1,19,0.022
165,1,19,0.035
166,1,19,0.028
167,1,19,0.025
168,1,19,0.024
169,1,20,0.018
170,1,20,0.024
171,1,20,0.028
172,1,20,0.024
173,1,20,0.019
174,1,20,0.028
175,1,20,0.028
176,1,20,0.024
177,1,20,0.024
178,1,20,0.023
179,1,21,0.023
180,1,21,0.029
181,1,21,0.022
182,1,21,0.023
183,1,21,0.033
184,1,21,0.021
185,1,21,0.04
186,1,21,0.016
187,1,21,0.022
188,1,21,0.024
189,1,22,0.027
190,1,22,0.017
191,1,22,0.033
192,1,22,0.049
193,1,22,0.028
194,1,22,0.019
195,1,22,0.028
196,1,22,0.038
197,1,22,0.031
198,1,22,0.028
199,1,23,0.03
200,1,23,0.034
201,1,23,0.021
202,1,23,0.036
203,1,23,0.027
204,1,23,0.027
205,1,23,0.022
206,1,23,0.019
207,1,23,0.034
208,1,23,0.032
209,1,24,0.024
210,1,24,0.038
211,1,24,0.031
212,1,24,0.026
213,1,24,0.018
214,1,24,0.024
215,1,24,0.027
216,1,24,0.025
217,1,24,0.018
218,1,24,0.022
219,1,25,0.024
220,1,25,0.032
221,1,25,0.034
222,1,25,0.017
223,1,25,0.041
224,1,25,0.022
225,1,25,0.04
226,1,25,0.021
227,1,25,0.033
228,1,25,0.033
229,1,26,0.034
230,1,26,0.032
231,1,26,0.027
232,1,26,0.028
233,1,26,0.016
234,1,26,0.035
235,1,26,0.029
236,1,26,0.018
237,1,26,0.03
238,1,26,0.036
239,1,27,0.045
240,1,27,0.04
241,1,27,0.033
242,1,27,0.041
243,1,27,0.036
244,1,27,0.029
245,1,27,0.024
246,1,27,0.023
247,1,27,0.035
248,1,27,0.018
249,1,28,0.028
250,1,28,0.023
251,1,28,0.036
252,1,28,0.047
253,1,28,0.019
254,1,28,0.039
255,1,28,0.034
256,1,28,0.027
257,1,28,0.028
258,1,28,0.039
259,1,29,0.029
260,1,29,0.047
261,1,29,0.038
262,1,29,0.037
263,1,29,0.034
264,1,29,0.032
265,1,29,0.037
266,1,29,0.036
267,1,29,0.035
268,1,29,0.041
269,1,30,0.041
270,1,30,0.052
271,1,30,0.03
272,1,30,0.045
273,1,30,0.042
274,1,30,0.049
275,1,30,0.037
276,1,30,0.039
277,1,30,0.038
278,1,30,0.036
279,1,31,0.041
280,1,31,0.044
281,1,31,0.041
282,1,31,0.044
283,1,31,0.043
284,1,31,0.03
285,1,31,0.047
286,1,31,0.047
287,1,31,0.042
288,1,31,0.037
289,1,32,0.037
290,1,32,0.024
291,1,32,0.04
292,1,32,0.04
293,1,32,0.031
294,1,32,0.045
295,1,32,0.041
296,1,32,0.03
297,1,32,0.046
298,1,32,0.041
299,1,33,0.048
300,1,33,0.047
301,1,33,0.033
302,1,33,0.085
303,1,33,0.064
304,1,33,0.045
305,1,33,0.039
306,1,33,0.034
307,1,33,0.038
308,1,33,0.023
309,1,34,0.044
310,1,34,0.029
311,1,34,0.035
312,1,34,0.044
313,1,34,0.034
314,1,34,0.035
315,1,34,0.042
316,1,34,0.055
317,1,34,0.042
318,1,34,0.042
319,1,35,0.152
320,1,35,0.031
321,1,35,0.042
322,1,35,0.047
323,1,35,0.028
324,1,35,0.236
325,1,35,0.081
326,1,35,0.036
327,1,35,0.046
328,1,35,0.047
329,1,36,0.14
330,1,36,0.048
331,1,36,0.117
332,1,36,0.044
333,1,36,0.043
334,1,36,0.027
335,1,36,0.049
336,1,36,0.039
337,1,36,0.046
338,1,36,0.033
339,1,37,0.034
340,1,37,0.021
341,1,37,0.043
342,1,37,0.065
343,1,37,0.053
344,1,37,0.042
345,1,37,0.087
346,1,37,0.047
347,1,37,0.043
348,1,37,0.135
349,1,38,0.027
350,1,38,0.031
351,1,38,0.041
352,1,38,0.048
353,1,38,0.044
354,1,38,0.064
355,1,38,0.064
356,1,38,0.05
357,1,38,0.049
358,1,38,0.034
359,1,39,0.045
360,1,39,0.04
361,1,39,0.036
362,1,39,0.069
363,1,39,0.048
364,1,39,0.032
365,1,39,0.036
366,1,39,0.047
367,1,39,0.044
368,1,39,0.086
369,1,40,0.039
370,1,40,0.036
371,1,40,0.066
372,1,40,0.04
373,1,40,0.042
374,1,40,0.063
375,1,40,0.031
376,1,40,0.076
377,1,40,0.037
378,1,40,0.107
379,1,41,0.037
380,1,41,0.113
381,1,41,0.048
382,1,41,0.044
383,1,41,0.047
384,1,41,0.045
385,1,41,0.052
386,1,41,0.037
387,1,41,0.049
388,1,41,0.047
389,1,42,0.05
390,1,42,0.183
391,1,42,0.534
392,1,42,0.037
393,1,42,0.061
394,1,42,0.036
395,1,42,0.045
396,1,42,0.051
397,1,42,0.054
398,1,42,0.049
399,1,43,0.052
400,1,43,0.093
401,1,43,0.076
402,1,43,0.16
403,1,43,0.061
404,1,43,0.039
405,1,43,0.049
406,1,43,0.046
407,1,43,0.087
408,1,43,0.055
409,1,44,0.148
410,1,44,0.044
411,1,44,0.036
412,1,44,0.095
413,1,44,0.04
414,1,44,0.09
415,1,44,0.066
416,1,44,0.066
417,1,44,0.057
418,1,44,0.08
419,1,45,0.09
420,1,45,0.044
421,1,45,0.425
422,1,45,0.08
423,1,45,0.077
424,1,45,0.054
425,1,45,0.031
426,1,45,0.052
427,1,45,0.098
428,1,45,0.046
429,1,46,0.055
430,1,46,0.026
431,1,46,0.037
432,1,46,0.05
433,1,46,0.135
434,1,46,0.047
435,1,46,0.027
436,1,46,0.06
437,1,46,0.09
438,1,46,0.076
439,1,47,0.029
440,1,47,0.045
441,1,47,0.05
442,1,47,0.077
443,1,47,0.059
444,1,47,0.061
445,1,47,0.043
446,1,47,0.029
447,1,47,0.055
448,1,47,0.077
449,1,48,0.102
450,1,48,0.032
451,1,48,0.102
452,1,48,0.061
453,1,48,0.1
454,1,48,0.048
455,1,48,0.043
456,1,48,0.5
457,1,48,0.046
458,1,48,0.161
459,1,49,0.044
460,1,49,0.075
461,1,49,0.05
462,1,49,0.043
463,1,49,0.223
464,1,49,0.07
465,1,49,0.05
466,1,49,0.028
467,1,49,0.116
468,1,49,0.053
469,1,50,0.055
470,1,50,0.057
471,1,50,0.089
472,1,50,0.149
473,1,50,0.073
474,1,50,0.04
475,1,50,0.04
476,1,50,0.064
477,1,50,0.132
478,1,50,0.051
0,15,15,0.064
1,15,16,0.05
2,15,18,0.056
3,15,18,0.052
4,15,18,0.061
5,15,18,0.053
6,15,18,0.057
7,15,18,0.413
8,15,18,0.053
9,15,18,0.054
10,15,18,0.052
11,15,18,0.054
12,15,19,0.062
13,15,19,0.062
14,15,19,0.064
15,15,19,0.057
16,15,19,0.075
17,15,19,0.069
18,15,19,0.058
19,15,19,0.055
20,15,19,0.058
21,15,19,0.059
22,15,20,0.057
23,15,20,0.062
24,15,20,0.061
25,15,20,0.063
26,15,20,0.061
27,15,20,0.057
28,15,20,0.059
29,15,20,0.06
30,15,20,0.061
31,15,20,0.061
32,15,21,0.058
33,15,21,0.06
34,15,21,0.061
35,15,21,0.06
36,15,21,0.061
37,15,21,0.063
38,15,21,0.061
39,15,21,0.059
40,15,21,0.059
41,15,21,0.063
42,15,22,0.071
43,15,22,0.064
44,15,22,0.062
45,15,22,0.066
46,15,22,1.653
47,15,22,0.068
48,15,22,0.063
49,15,22,0.065
50,15,22,0.06
51,15,22,0.064
52,15,23,0.066
53,15,23,0.064
54,15,23,0.062
55,15,23,0.061
56,15,23,0.086
57,15,23,0.062
58,15,23,0.066
59,15,23,0.069
60,15,23,0.066
61,15,23,0.073
62,15,24,0.073
63,15,24,0.066
64,15,24,0.092
65,15,24,0.067
66,15,24,0.066
67,15,24,0.063
68,15,24,0.078
69,15,24,0.066
70,15,24,0.069
71,15,24,0.08
72,15,25,0.103
73,15,25,0.076
74,15,25,0.078
75,15,25,0.085
76,15,25,0.075
77,15,25,0.113
78,15,25,0.072
79,15,25,0.074
80,15,25,0.071
81,15,25,0.171
82,15,26,0.093
83,15,26,0.074
84,15,26,0.076
85,15,26,0.074
86,15,26,0.074
87,15,26,0.073
88,15,26,0.115
89,15,26,0.078
90,15,26,0.085
91,15,26,0.079
92,15,27,0.152
93,15,27,0.074
94,15,27,0.071
95,15,27,0.077
96,15,27,0.074
97,15,27,0.075
98,15,27,0.081
99,15,27,0.178
100,15,27,0.077
101,15,27,0.072
102,15,28,0.08
103,15,28,0.084
104,15,28,0.101
105,15,28,0.08
106,15,28,0.083
107,15,28,0.073
108,15,28,0.097
109,15,28,0.095
110,15,28,0.079
111,15,28,0.095
112,15,29,0.082
113,15,29,0.083
114,15,29,0.108
115,15,29,0.09
116,15,29,0.082
117,15,29,0.075
118,15,29,0.106
119,15,29,0.08
120,15,29,0.083
121,15,29,0.106
122,15,30,0.09
123,15,30,0.094
124,15,30,0.095
125,15,30,0.083
126,15,30,0.103
127,15,30,0.087
128,15,30,0.086
129,15,30,0.075
130,15,30,0.102
131,15,30,6.728
132,15,31,0.086
133,15,31,0.084
134,15,31,0.093
135,15,31,0.087
136,15,31,0.094
137,15,31,0.102
138,15,31,0.15
139,15,31,0.082
140,15,31,0.09
141,15,31,0.123
142,15,32,0.091
143,15,32,0.139
144,15,32,0.092
145,15,32,0.093
146,15,32,0.08
147,15,32,0.085
148,15,32,0.099
149,15,32,0.085
150,15,32,0.105
151,15,32,0.085
152,15,33,12.983
153,15,33,0.091
154,15,33,0.085
155,15,33,0.078
156,15,33,0.163
157,15,33,0.115
158,15,33,0.09
159,15,33,0.14
160,15,33,0.083
161,15,33,0.11
162,15,34,4.343
163,15,34,0.117
164,15,34,0.108
165,15,34,0.094
166,15,34,0.096
167,15,34,0.101
168,15,34,0.103
169,15,34,0.112
170,15,34,0.121
171,15,34,0.146
172,15,35,0.109
173,15,35,0.118
174,15,35,0.123
175,15,35,0.12
176,15,35,0.1
177,15,35,0.157
178,15,35,0.104
179,15,35,0.102
180,15,35,0.098
181,15,35,0.103
182,15,36,0.149
183,15,36,0.129
184,15,36,0.12
185,15,36,0.175
186,15,36,0.105
187,15,36,0.088
188,15,36,0.115
189,15,36,0.104
190,15,36,0.219
191,15,36,0.092
192,15,37,0.119
193,15,37,0.122
194,15,37,0.13
195,15,37,0.093
196,15,37,0.103
197,15,37,0.095
198,15,37,0.092
199,15,37,0.35
200,15,37,0.238
201,15,37,0.118
202,15,38,0.127
203,15,38,0.103
204,15,38,0.107
205,15,38,2.893
206,15,38,0.112
207,15,38,0.098
208,15,38,0.11
209,15,38,0.101
210,15,38,0.097
211,15,38,0.162
212,15,39,0.142
213,15,39,0.122
214,15,39,0.14
215,15,39,1.798
216,15,39,0.113
217,15,39,0.116
218,15,39,0.127
219,15,39,0.16
220,15,39,0.127
221,15,39,0.12
222,15,40,0.365
223,15,40,0.112
224,15,40,0.116
225,15,40,0.101
226,15,40,0.136
227,15,40,0.2
228,15,40,0.381
229,15,40,0.782
230,15,40,0.16
231,15,40,0.112
232,15,41,0.123
233,15,41,0.568
234,15,41,0.116
235,15,41,0.132
236,15,41,0.402
237,15,41,0.134
238,15,41,0.139
239,15,41,0.248
240,15,41,0.114
241,15,41,0.118
242,15,42,0.109
243,15,42,0.117
244,15,42,0.132
245,15,42,0.114
246,15,42,0.136
247,15,42,0.126
248,15,42,0.117
249,15,42,0.156
250,15,42,0.125
251,15,42,0.112
252,15,43,0.136
253,15,43,0.113
254,15,43,0.106
255,15,43,0.18
256,15,43,0.117
257,15,43,1.135
258,15,43,0.123
259,15,43,0.193
260,15,43,0.121
261,15,43,0.106
262,15,44,0.155
263,15,44,0.126
264,15,44,0.164
265,15,44,0.118
266,15,44,0.148
267,15,44,0.145
268,15,44,0.153
269,15,44,0.164
270,15,44,0.144
271,15,44,0.147
272,15,45,2.657
273,15,45,0.123
274,15,45,0.147
275,15,45,0.212
276,15,45,0.162
277,15,45,0.136
278,15,45,0.132
279,15,45,0.535
280,15,45,0.209
281,15,45,0.154
282,15,46,0.163
283,15,46,0.271
284,15,46,0.147
285,15,46,0.141
286,15,46,0.274
287,15,46,0.291
288,15,46,0.163
289,15,46,0.131
290,15,46,0.125
291,15,46,0.142
292,15,47,0.143
293,15,47,0.147
294,15,47,0.151
295,15,47,0.152
296,15,47,0.134
297,15,47,0.159
298,15,47,0.287
299,15,47,0.181
300,15,47,0.204
301,15,47,0.126
302,15,48,0.685
303,15,48,0.169
304,15,48,0.929
305,15,48,0.939
306,15,48,0.113
307,15,48,0.145
308,15,48,0.139
309,15,48,0.212
310,15,48,0.094
311,15,48,0.133
312,15,49,0.129
313,15,49,1.432
314,15,49,0.143
315,15,49,0.153
316,15,49,0.914
317,15,49,0.136
318,15,49,5.718
319,15,49,0.136
320,15,49,0.174
321,15,49,0.883
322,15,50,0.765
323,15,50,0.131
324,15,50,0.345
325,15,50,0.136
326,15,50,0.148
327,15,50,0.126
328,15,50,0.117
329,15,50,0.132
330,15,50,0.237
331,15,50,0.786
0,5,5,0.023
1,5,5,0.015
2,5,5,0.008
3,5,5,0.01
4,5,5,0.01
5,5,5,0.009
6,5,5,0.009
7,5,5,0.01
8,5,5,0.009
9,5,5,0.01
10,5,6,0.011
11,5,6,0.011
12,5,6,0.011
13,5,6,0.01
14,5,6,0.011
15,5,6,0.011
16,5,6,0.012
17,5,6,0.012
18,5,6,0.012
19,5,6,0.012
20,5,7,0.013
21,5,7,0.013
22,5,7,0.013
23,5,7,0.013
24,5,7,0.012
25,5,7,0.013
26,5,7,0.014
27,5,7,0.013
28,5,7,0.015
29,5,7,0.015
30,5,8,0.014
31,5,8,0.013
32,5,8,0.015
33,5,8,0.014
34,5,8,0.015
35,5,8,0.014
36,5,8,0.014
37,5,8,0.018
38,5,8,0.016
39,5,8,0.014
40,5,9,0.018
41,5,9,0.016
42,5,9,0.015
43,5,9,0.016
44,5,9,0.015
45,5,9,0.016
46,5,9,0.016
47,5,9,0.015
48,5,9,0.015
49,5,9,0.019
50,5,10,0.017
51,5,10,0.019
52,5,10,0.017
53,5,10,0.017
54,5,10,0.017
55,5,10,0.017
56,5,10,0.017
57,5,10,0.018
58,5,10,0.017
59,5,10,0.018
60,5,11,0.026
61,5,11,0.019
62,5,11,0.019
63,5,11,0.022
64,5,11,0.018
65,5,11,0.019
66,5,11,0.024
67,5,11,0.021
68,5,11,0.021
69,5,11,0.021
70,5,12,0.023
71,5,12,0.021
72,5,12,0.032
73,5,12,0.017
74,5,12,0.022
75,5,12,0.022
76,5,12,0.02
77,5,12,0.022
78,5,12,0.021
79,5,12,0.025
80,5,13,0.022
81,5,13,0.024
82,5,13,0.026
83,5,13,0.018
84,5,13,0.023
85,5,13,0.021
86,5,13,0.023
87,5,13,0.02
88,5,13,0.021
89,5,13,0.021
90,5,14,0.023
91,5,14,0.021
92,5,14,0.024
93,5,14,0.022
94,5,14,0.023
95,5,14,0.026
96,5,14,0.025
97,5,14,0.028
98,5,14,0.022
99,5,14,0.022
100,5,15,0.023
101,5,15,0.146
102,5,15,0.024
103,5,15,0.023
104,5,15,0.031
105,5,15,0.031
106,5,15,0.024
107,5,15,0.02
108,5,15,0.022
109,5,15,0.019
110,5,16,0.025
111,5,16,0.028
112,5,16,0.025
113,5,16,0.031
114,5,16,0.023
115,5,16,0.025
116,5,16,0.031
117,5,16,0.031
118,5,16,0.027
119,5,16,0.026
120,5,17,0.026
121,5,17,0.036
122,5,17,0.028
123,5,17,0.025
124,5,17,0.034
125,5,17,0.025
126,5,17,0.022
127,5,17,0.029
128,5,17,0.029
129,5,17,0.031
130,5,18,0.046
131,5,18,0.032
132,5,18,0.04
133,5,18,0.032
134,5,18,0.033
135,5,18,0.029
136,5,18,0.024
137,5,18,0.023
138,5,18,0.036
139,5,18,0.025
140,5,19,0.034
141,5,19,0.023
142,5,19,0.027
143,5,19,0.029
144,5,19,0.035
145,5,19,0.03
146,5,19,0.036
147,5,19,0.03
148,5,19,0.025
149,5,19,0.03
150,5,20,0.036
151,5,20,0.044
152,5,20,0.042
153,5,20,0.028
154,5,20,0.033
155,5,20,0.039
156,5,20,0.04
157,5,20,0.042
158,5,20,0.037
159,5,20,0.034
160,5,21,0.044
161,5,21,0.031
162,5,21,0.041
163,5,21,0.05
164,5,21,0.044
165,5,21,0.04
166,5,21,0.039
167,5,21,0.043
168,5,21,0.047
169,5,21,0.037
170,5,22,0.048
171,5,22,0.02
172,5,22,0.044
173,5,22,0.032
174,5,22,0.035
175,5,22,0.05
176,5,22,0.031
177,5,22,0.037
178,5,22,0.03
179,5,22,0.054
180,5,23,0.044
181,5,23,0.042
182,5,23,0.046
183,5,23,0.04
184,5,23,0.031
185,5,23,0.042
186,5,23,0.03
187,5,23,0.028
188,5,23,0.042
189,5,23,0.033
190,5,24,0.044
191,5,24,0.041
192,5,24,0.065
193,5,24,0.043
194,5,24,0.053
195,5,24,0.098
196,5,24,0.044
197,5,24,0.042
198,5,24,0.042
199,5,24,0.038
200,5,25,0.058
201,5,25,0.042
202,5,25,0.039
203,5,25,0.052
204,5,25,0.046
205,5,25,0.043
206,5,25,0.051
207,5,25,0.042
208,5,25,0.041
209,5,25,0.064
210,5,26,0.043
211,5,26,0.036
212,5,26,0.046
213,5,26,0.049
214,5,26,0.051
215,5,26,0.334
216,5,26,0.061
217,5,26,0.05
218,5,26,0.076
219,5,26,0.048
220,5,27,0.039
221,5,27,0.058
222,5,27,0.161
223,5,27,0.07
224,5,27,0.085
225,5,27,0.072
226,5,27,0.051
227,5,27,0.063
228,5,27,0.045
229,5,27,0.041
230,5,28,0.055
231,5,28,0.042
232,5,28,0.039
233,5,28,0.044
234,5,28,0.049
235,5,28,0.056
236,5,28,0.051
237,5,28,0.04
238,5,28,0.046
239,5,28,0.065
240,5,29,0.051
241,5,29,0.045
242,5,29,0.041
243,5,29,0.048
244,5,29,0.058
245,5,29,0.053
246,5,29,0.045
247,5,29,0.052
248,5,29,0.656
249,5,29,0.071
250,5,30,0.062
251,5,30,0.069
252,5,30,0.051
253,5,30,0.047
254,5,30,0.042
255,5,30,0.093
256,5,30,0.049
257,5,30,0.062
258,5,30,0.047
259,5,30,0.036
260,5,31,0.047
261,5,31,0.085
262,5,31,0.083
263,5,31,0.078
264,5,31,0.055
265,5,31,0.056
266,5,31,0.042
267,5,31,0.057
268,5,31,0.043
269,5,31,0.054
270,5,32,0.086
271,5,32,0.057
272,5,32,0.083
273,5,32,0.051
274,5,32,0.065
275,5,32,0.058
276,5,32,0.066
277,5,32,0.052
278,5,32,0.107
279,5,32,0.123
280,5,33,0.059
281,5,33,0.066
282,5,33,0.105
283,5,33,0.137
284,5,33,0.713
285,5,33,0.063
286,5,33,0.071
287,5,33,0.049
288,5,33,0.077
289,5,33,0.054
290,5,34,0.039
291,5,34,0.049
292,5,34,0.045
293,5,34,0.051
294,5,34,0.17
295,5,34,0.233
296,5,34,0.113
297,5,34,0.217
298,5,34,0.051
299,5,34,0.058
300,5,35,0.11
301,5,35,0.066
302,5,35,0.048
303,5,35,0.067
304,5,35,0.33
305,5,35,0.064
306,5,35,0.07
307,5,35,0.227
308,5,35,0.06
309,5,35,0.034
310,5,36,0.06
311,5,36,0.106
312,5,36,0.074
313,5,36,0.848
314,5,36,0.064
315,5,36,0.052
316,5,36,0.08
317,5,36,0.088
318,5,36,0.065
319,5,36,0.077
320,5,37,0.347
321,5,37,0.062
322,5,37,0.101
323,5,37,0.076
324,5,37,0.054
325,5,37,0.054
326,5,37,0.095
327,5,37,0.065
328,5,37,0.049
329,5,37,0.087
330,5,38,0.535
331,5,38,0.647
332,5,38,0.07
333,5,38,0.068
334,5,38,0.056
335,5,38,0.155
336,5,38,0.068
337,5,38,0.053
338,5,38,0.096
339,5,38,0.075
340,5,39,0.117
341,5,39,0.21
342,5,39,0.121
343,5,39,0.228
344,5,39,6.35
345,5,39,0.059
346,5,39,0.074
347,5,39,0.075
348,5,39,0.145
349,5,39,0.156
350,5,40,0.091
351,5,40,0.086
352,5,40,0.055
353,5,40,0.087
354,5,40,0.058
355,5,40,0.062
356,5,40,0.167
357,5,40,0.069
358,5,40,0.072
359,5,40,0.057
360,5,41,0.501
361,5,41,0.096
362,5,41,0.158
363,5,41,0.059
364,5,41,0.07
365,5,41,0.072
366,5,41,0.06
367,5,41,0.047
368,5,41,0.207
369,5,41,0.071
370,5,42,0.037
371,5,42,0.173
372,5,42,0.059
373,5,42,0.094
374,5,42,0.074
375,5,42,0.099
376,5,42,0.073
377,5,42,0.053
378,5,42,0.425
379,5,42,0.744
380,5,43,0.249
381,5,43,0.088
382,5,43,0.129
383,5,43,0.063
384,5,43,0.051
385,5,43,0.054
386,5,43,0.109
387,5,43,0.069
388,5,43,0.069
389,5,43,0.065
390,5,44,1.842
391,5,44,2.52
392,5,44,0.076
393,5,44,0.064
394,5,44,0.081
395,5,44,0.284
396,5,44,0.062
397,5,44,0.293
398,5,44,0.067
399,5,44,0.053
400,5,45,0.077
401,5,45,0.068
402,5,45,0.339
403,5,45,0.096
404,5,45,0.05
405,5,45,0.438
406,5,45,2.332
407,5,45,0.058
408,5,45,0.059
409,5,45,0.072
410,5,46,0.086
411,5,46,0.048
412,5,46,0.101
413,5,46,0.055
414,5,46,0.085
415,5,46,0.082
416,5,46,0.068
417,5,46,0.045
418,5,46,0.301
419,5,46,0.147
420,5,47,0.091
421,5,47,0.093
422,5,47,0.063
423,5,47,0.186
424,5,47,0.187
425,5,47,0.37
426,5,47,6.406
427,5,47,0.274
428,5,47,0.107
429,5,47,0.088
430,5,48,0.077
431,5,48,0.072
432,5,48,0.116
433,5,48,0.362
434,5,48,0.096
435,5,48,0.068
436,5,48,0.099
437,5,48,0.123
438,5,48,0.133
439,5,48,0.122
440,5,49,0.377
441,5,49,0.393
442,5,49,1.268
443,5,49,0.073
444,5,49,0.078
445,5,49,0.063
446,5,49,0.57
447,5,49,0.114
448,5,49,0.114
449,5,49,0.404
450,5,50,0.064
451,5,50,0.101
452,5,50,0.459
453,5,50,0.11
454,5,50,0.076
455,5,50,0.636
456,5,50,0.096
457,5,50,0.264
458,5,50,0.065
459,5,50,0.09
0,10,51,0.133
1,10,51,0.789
2,10,51,0.458
3,10,51,0.094
4,10,51,0.097
5,10,51,0.096
6,10,51,0.121
7,10,51,0.102
8,10,51,0.13
9,10,51,4.741
10,10,52,0.596
11,10,52,0.262
12,10,52,0.249
13,10,52,0.089
14,10,52,0.129
15,10,52,0.199
16,10,52,0.125
17,10,52,0.929
18,10,52,0.125
19,10,52,0.138
20,10,53,0.186
21,10,53,0.12
22,10,53,3.793
23,10,53,0.153
24,10,53,0.124
25,10,53,0.264
26,10,53,0.122
27,10,53,0.135
28,10,53,0.248
29,10,53,0.636
30,10,54,0.114
31,10,54,0.254
32,10,54,5.157
33,10,54,0.37
34,10,54,0.121
35,10,54,0.113
36,10,54,0.202
37,10,54,0.167
38,10,54,0.139
39,10,54,0.104
40,10,55,0.762
41,10,55,0.218
42,10,55,0.504
43,10,55,0.297
44,10,55,0.155
45,10,55,0.15
46,10,55,0.133
47,10,55,1.902
48,10,55,0.101
49,10,55,4.876
50,10,56,5.515
51,10,56,0.1
52,10,56,5.288
53,10,56,0.191
54,10,56,0.111
55,10,56,0.26
56,10,56,4.07
57,10,56,0.1
58,10,56,0.147
59,10,56,0.116
60,10,57,0.124
61,10,57,0.158
62,10,57,0.27
63,10,57,0.2
64,10,57,0.225
65,10,57,0.228
66,10,57,0.453
67,10,57,0.169
68,10,57,0.176
69,10,57,0.326
70,10,58,0.37
71,10,58,0.236
72,10,58,3.879
73,10,58,0.322
74,10,58,0.127
75,10,58,0.136
76,10,58,0.146
77,10,58,0.84
78,10,58,0.1
79,10,58,0.254
80,10,59,0.371
81,10,59,0.134
82,10,59,0.134
83,10,59,0.123
84,10,59,0.562
85,10,59,0.128
86,10,59,0.36
87,10,59,0.093
88,10,59,4.858
89,10,59,0.46
90,10,60,2.182
91,10,60,249.428
92,10,60,0.171
93,10,60,0.197
94,10,60,0.128
95,10,60,0.129
96,10,60,0.13
97,10,60,0.935
98,10,60,4.516
99,10,60,0.098
0,1,51,0.127
1,1,51,0.047
2,1,51,0.031
3,1,51,0.029
4,1,51,0.065
5,1,51,0.178
6,1,51,0.066
7,1,51,0.489
8,1,51,0.054
9,1,51,0.028
10,1,52,0.073
11,1,52,0.047
12,1,52,0.054
13,1,52,0.085
14,1,52,0.636
15,1,52,0.129
16,1,52,0.03
17,1,52,0.059
18,1,52,0.043
19,1,52,0.123
20,1,53,0.037
21,1,53,0.078
22,1,53,0.254
23,1,53,0.14
24,1,53,0.065
25,1,53,0.068
26,1,53,0.233
27,1,53,0.189
28,1,53,0.095
29,1,53,0.087
30,1,54,0.046
31,1,54,0.044
32,1,54,0.065
33,1,54,0.05
34,1,54,0.125
35,1,54,0.215
36,1,54,0.236
37,1,54,0.03
38,1,54,0.115
39,1,54,0.08
40,1,55,0.198
41,1,55,0.047
42,1,55,0.414
43,1,55,0.355
44,1,55,0.033
45,1,55,0.235
46,1,55,0.07
47,1,55,0.055
48,1,55,0.096
49,1,55,0.081
50,1,56,0.068
51,1,56,0.355
52,1,56,0.042
53,1,56,0.07
54,1,56,0.043
55,1,56,0.1
56,1,56,0.515
57,1,56,0.16
58,1,56,0.055
59,1,56,0.058
60,1,57,0.046
61,1,57,0.033
62,1,57,0.04
63,1,57,0.091
64,1,57,0.049
65,1,57,0.083
66,1,57,0.051
67,1,57,0.142
68,1,57,0.104
69,1,57,0.269
70,1,58,0.072
71,1,58,0.071
72,1,58,0.051
73,1,58,0.051
74,1,58,0.058
75,1,58,0.056
76,1,58,0.071
77,1,58,0.196
78,1,58,0.055
79,1,58,0.083
80,1,59,0.082
81,1,59,0.053
82,1,59,0.044
83,1,59,0.079
84,1,59,0.088
85,1,59,0.206
86,1,59,0.051
87,1,59,0.137
88,1,59,0.106
89,1,59,0.068
90,1,60,0.086
91,1,60,0.144
92,1,60,0.065
93,1,60,0.039
94,1,60,0.07
95,1,60,0.049
96,1,60,0.243
97,1,60,0.031
98,1,60,0.057
99,1,60,0.09
0,15,51,0.212
1,15,51,0.211
2,15,51,5.95
3,15,51,0.178
4,15,51,0.157
5,15,51,0.115
6,15,51,0.153
7,15,51,0.136
8,15,51,0.151
9,15,51,0.141
10,15,52,0.3
11,15,52,0.149
12,15,52,0.182
13,15,52,0.162
14,15,52,0.132
15,15,52,0.181
16,15,52,0.139
17,15,52,0.187
18,15,52,0.137
19,15,52,0.294
20,15,53,0.208
21,15,53,0.168
22,15,53,0.195
23,15,53,0.122
24,15,53,0.167
25,15,53,0.157
26,15,53,0.18
27,15,53,0.135
28,15,53,0.133
29,15,53,1.285
30,15,54,5.177
31,15,54,0.46
32,15,54,0.187
33,15,54,0.121
34,15,54,0.138
35,15,54,0.321
36,15,54,0.355
37,15,54,4.557
38,15,54,0.21
39,15,54,0.152
40,15,55,0.141
41,15,55,0.163
42,15,55,0.199
43,15,55,0.166
44,15,55,0.496
45,15,55,0.169
46,15,55,0.182
47,15,55,0.219
48,15,55,0.161
49,15,55,0.174
50,15,56,2.061
51,15,56,0.169
52,15,56,1.104
53,15,56,1.295
54,15,56,0.289
55,15,56,2.596
56,15,56,0.13
57,15,56,0.693
58,15,56,0.253
59,15,56,0.198
60,15,57,0.199
61,15,57,0.176
62,15,57,0.118
63,15,57,5.774
64,15,57,0.169
65,15,57,0.168
66,15,57,0.23
67,15,57,0.153
68,15,57,0.247
69,15,57,0.206
70,15,58,0.173
71,15,58,0.161
72,15,58,8.402
73,15,58,0.2
74,15,58,10.151
75,15,58,0.579
76,15,58,0.186
77,15,58,0.148
78,15,58,0.254
79,15,58,0.288
80,15,59,0.401
81,15,59,0.196
82,15,59,0.177
83,15,59,0.292
84,15,59,0.326
85,15,59,0.304
86,15,59,0.299
87,15,59,0.215
88,15,59,0.158
89,15,59,0.25
90,15,60,8.213
91,15,60,0.505
92,15,60,1.084
93,15,60,0.15
94,15,60,0.178
95,15,60,0.171
96,15,60,0.156
97,15,60,0.245
98,15,60,0.164
99,15,60,1.819
0,5,51,0.087
1,5,51,0.398
2,5,51,0.683
3,5,51,0.05
4,5,51,0.744
5,5,51,0.076
6,5,51,0.077
7,5,51,0.099
8,5,51,0.073
9,5,51,0.1
10,5,52,0.067
11,5,52,0.12
12,5,52,0.06
13,5,52,0.106
14,5,52,0.048
15,5,52,0.225
16,5,52,0.054
17,5,52,0.079
18,5,52,0.086
19,5,52,0.063
20,5,53,0.087
21,5,53,0.076
22,5,53,0.097
23,5,53,0.578
24,5,53,0.199
25,5,53,0.093
26,5,53,0.066
27,5,53,1.261
28,5,53,0.101
29,5,53,1.424
30,5,54,19.217
31,5,54,0.071
32,5,54,0.084
33,5,54,0.083
34,5,54,0.463
35,5,54,0.124
36,5,54,0.188
37,5,54,0.111
38,5,54,0.094
39,5,54,0.133
40,5,55,3.715
41,5,55,0.076
42,5,55,0.074
43,5,55,0.069
44,5,55,0.071
45,5,55,0.645
46,5,55,0.11
47,5,55,0.093
48,5,55,0.117
49,5,55,0.109
50,5,56,0.091
51,5,56,2.156
52,5,56,0.064
53,5,56,0.114
54,5,56,0.14
55,5,56,0.831
56,5,56,0.094
57,5,56,1.374
58,5,56,0.071
59,5,56,0.106
60,5,57,0.951
61,5,57,0.085
62,5,57,1.477
63,5,57,0.294
64,5,57,0.089
65,5,57,0.262
66,5,57,0.067
67,5,57,0.116
68,5,57,0.135
69,5,57,0.11
70,5,58,3.339
71,5,58,0.245
72,5,58,0.081
73,5,58,1.818
74,5,58,0.086
75,5,58,0.109
76,5,58,0.776
77,5,58,0.155
78,5,58,0.061
79,5,58,0.179
80,5,59,0.103
81,5,59,0.099
82,5,59,0.066
83,5,59,9.01
84,5,59,0.336
85,5,59,0.154
86,5,59,0.067
87,5,59,0.491
88,5,59,0.265
89,5,59,0.178
90,5,60,0.084
91,5,60,0.117
92,5,60,0.062
93,5,60,0.14
94,5,60,0.163
95,5,60,0.092
96,5,60,0.118
97,5,60,0.066
98,5,60,0.841
99,5,60,0.242
0,10,61,0.31
1,10,61,0.382
2,10,61,0.131
3,10,61,0.196
4,10,61,0.198
5,10,61,0.965
6,10,61,0.546
7,10,61,0.149
8,10,61,0.139
9,10,61,0.119
10,10,62,0.086
11,10,62,1.337
12,10,62,0.384
13,10,62,0.792
14,10,62,0.13
15,10,62,0.238
16,10,62,0.147
17,10,62,0.729
18,10,62,0.152
19,10,62,0.157
20,10,63,0.102
21,10,63,0.223
22,10,63,0.248
23,10,63,0.107
24,10,63,0.138
25,10,63,0.523
26,10,63,1.575
27,10,63,0.14
28,10,63,0.646
29,10,63,0.178
30,10,64,0.174
31,10,64,62.909
32,10,64,0.165
33,10,64,0.144
34,10,64,0.235
35,10,64,0.204
36,10,64,0.455
37,10,64,0.148
38,10,64,0.14
39,10,64,0.139
40,10,65,0.124
41,10,65,0.145
42,10,65,0.092
43,10,65,0.172
44,10,65,0.128
45,10,65,0.259
46,10,65,0.211
47,10,65,0.089
48,10,65,0.172
49,10,65,0.201
50,10,66,0.381
51,10,66,0.16
52,10,66,0.226
53,10,66,0.187
54,10,66,3.062
55,10,66,0.098
56,10,66,171.64
57,10,66,0.122
58,10,66,0.135
59,10,66,0.2
60,10,67,0.146
61,10,67,48.56
62,10,67,0.204
63,10,67,0.194
64,10,67,0.33
65,10,67,0.174
66,10,67,0.174
67,10,67,0.155
68,10,67,0.284
69,10,67,0.137
70,10,68,3.836
71,10,68,11.554
72,10,68,0.218
73,10,68,0.126
74,10,68,0.163
75,10,68,0.864
76,10,68,16.896
77,10,68,0.127
78,10,68,6.866
79,10,68,0.195
80,10,69,0.119
81,10,69,0.212
82,10,69,0.277
83,10,69,0.128
84,10,69,0.343
85,10,69,3.261
86,10,69,0.145
0,15,61,0.221
1,15,61,0.211
2,15,61,0.17
3,15,61,0.386
4,15,61,0.218
5,15,61,3.7
6,15,61,0.208
7,15,61,0.214
8,15,61,4.669
9,15,61,3.675
10,15,62,0.177
11,15,62,0.156
12,15,62,0.18
13,15,62,0.145
14,15,62,0.926
15,15,62,0.435
16,15,62,0.177
17,15,62,0.19
18,15,62,0.287
19,15,62,0.134
20,15,63,0.158
21,15,63,2.268
22,15,63,0.191
23,15,63,0.19
24,15,63,0.184
25,15,63,0.2
26,15,63,0.189
27,15,63,17.267
28,15,63,0.205
29,15,63,0.417
30,15,64,0.408
31,15,64,277.276
32,15,64,0.147
33,15,64,0.174
34,15,64,0.209
35,15,64,0.623
36,15,64,0.186
37,15,64,0.885
38,15,64,0.576
39,15,64,0.194
40,15,65,0.194
41,15,65,0.212
42,15,65,0.241
43,15,65,0.347
44,15,65,0.2
45,15,65,0.542
46,15,65,3.12
47,15,65,0.657
48,15,65,0.442
49,15,65,0.588
50,15,66,0.467
51,15,66,0.35
52,15,66,9.497
53,15,66,0.238
54,15,66,0.483
55,15,66,0.189
56,15,66,0.52
57,15,66,0.207
58,15,66,0.176
59,15,66,0.992
60,15,67,0.299
61,15,67,0.188
62,15,67,0.795
63,15,67,0.166
64,15,67,83.099
65,15,67,0.187
66,15,67,0.172
67,15,67,0.298
68,15,67,0.329
69,15,67,0.59
70,15,68,0.193
71,15,68,0.125
72,15,68,0.207
73,15,68,0.13
74,15,68,0.26
75,15,68,0.859
76,15,68,0.186
77,15,68,0.226
78,15,68,0.196
79,15,68,0.171
80,15,69,2.402
81,15,69,0.17
82,15,69,16.743
83,15,69,0.258
84,15,69,0.207
85,15,69,0.3
86,15,69,5.346
87,15,69,0.252
88,15,69,0.273
89,15,69,0.26
90,15,70,0.401
91,15,70,29.16
92,15,70,0.165
93,15,70,0.201
94,15,70,5.144
95,15,70,0.164
96,15,70,0.169
97,15,70,0.204
98,15,70,0.325
99,15,70,0.511
0,1,61,0.067
1,1,61,0.096
2,1,61,0.084
3,1,61,0.127
4,1,61,0.122
5,1,61,0.147
6,1,61,0.284
7,1,61,0.125
8,1,61,0.032
9,1,61,0.06
10,1,62,0.031
11,1,62,0.039
12,1,62,0.086
13,1,62,0.158
14,1,62,0.279
15,1,62,0.126
16,1,62,0.076
17,1,62,0.149
18,1,62,0.338
19,1,62,0.066
20,1,63,0.058
21,1,63,0.07
22,1,63,0.064
23,1,63,0.094
24,1,63,0.211
25,1,63,0.465
26,1,63,0.097
27,1,63,0.104
28,1,63,0.339
29,1,63,0.085
30,1,64,0.056
31,1,64,0.097
32,1,64,2.896
33,1,64,0.096
34,1,64,0.376
35,1,64,0.06
36,1,64,0.101
37,1,64,0.139
38,1,64,0.075
39,1,64,0.062
40,1,65,0.057
41,1,65,0.071
42,1,65,0.078
43,1,65,0.091
44,1,65,0.085
45,1,65,0.479
46,1,65,0.563
47,1,65,0.416
48,1,65,0.205
49,1,65,0.035
50,1,66,0.123
51,1,66,0.305
52,1,66,0.252
53,1,66,0.114
54,1,66,0.115
55,1,66,0.079
56,1,66,0.128
57,1,66,0.156
58,1,66,0.086
59,1,66,0.065
60,1,67,0.126
61,1,67,0.088
62,1,67,0.159
63,1,67,0.188
64,1,67,0.281
65,1,67,0.517
66,1,67,0.048
67,1,67,0.126
68,1,67,0.077
69,1,67,0.08
70,1,68,0.125
71,1,68,0.084
72,1,68,0.072
73,1,68,0.729
74,1,68,0.108
75,1,68,0.202
76,1,68,0.136
77,1,68,0.09
78,1,68,0.086
79,1,68,0.064
80,1,69,0.056
81,1,69,0.111
82,1,69,0.152
83,1,69,0.073
84,1,69,0.082
85,1,69,0.229
86,1,69,0.055
87,1,69,0.1
88,1,69,0.173
89,1,69,0.144
90,1,70,0.052
91,1,70,0.102
92,1,70,0.081
93,1,70,0.078
94,1,70,0.036
95,1,70,0.111
96,1,70,0.233
97,1,70,0.091
98,1,70,0.071
99,1,70,0.102
0,5,61,0.209
1,5,61,0.347
2,5,61,0.11
3,5,61,0.352
4,5,61,0.196
5,5,61,0.103
6,5,61,5.913
7,5,61,0.058
8,5,61,0.266
9,5,61,0.082
10,5,62,1.199
11,5,62,0.047
12,5,62,0.123
13,5,62,0.127
14,5,62,2.086
15,5,62,0.31
16,5,62,0.11
17,5,62,0.074
18,5,62,0.86
19,5,62,0.216
20,5,63,10.92
21,5,63,0.082
22,5,63,0.117
23,5,63,0.186
24,5,63,0.076
25,5,63,0.076
26,5,63,0.108
27,5,63,0.084
28,5,63,0.109
29,5,63,35.123
30,5,64,0.099
31,5,64,0.229
32,5,64,0.15
33,5,64,0.301
34,5,64,0.097
35,5,64,57.821
36,5,64,0.215
37,5,64,0.881
38,5,64,0.091
39,5,64,0.074
40,5,65,0.11
41,5,65,0.157
42,5,65,0.097
43,5,65,0.065
44,5,65,0.579
45,5,65,1.037
46,5,65,0.072
47,5,65,2.265
48,5,65,4.479
49,5,65,1.07
50,5,66,0.311
51,5,66,15.373
52,5,66,0.213
53,5,66,1.845
54,5,66,0.471
55,5,66,1.166
56,5,66,0.102
57,5,66,0.145
58,5,66,0.403
59,5,66,2.736
60,5,67,0.135
61,5,67,0.129
62,5,67,0.1
63,5,67,0.132
64,5,67,0.078
65,5,67,0.246
66,5,67,0.704
67,5,67,0.165
68,5,67,16.485
69,5,67,33.02
70,5,68,3.223
71,5,68,0.1
72,5,68,0.077
73,5,68,115.371
74,5,68,0.16
75,5,68,0.151
76,5,68,0.174
77,5,68,2.423
78,5,68,0.107
79,5,68,1.026
80,5,69,0.123
81,5,69,0.076
82,5,69,0.18
83,5,69,10.956
84,5,69,0.078
85,5,69,1.878
86,5,69,0.063
87,5,69,0.776
88,5,69,0.396
89,5,69,8.972
90,5,70,0.099
91,5,70,0.179
92,5,70,7.878
93,5,70,0.833
94,5,70,0.956
95,5,70,0.124
96,5,70,9.749
97,5,70,0.83
98,5,70,0.116
99,5,70,0.058
0,10,71,0.306
1,10,71,1.333
2,10,71,0.211
3,10,71,0.13
4,10,71,7.794
5,10,71,0.155
6,10,71,0.127
7,10,71,0.155
8,10,71,4.557
9,10,71,41.042
10,10,72,0.5
11,10,72,0.153
12,10,72,0.196
13,10,72,88.97
14,10,72,0.238
15,10,72,0.156
16,10,72,0.203
17,10,72,2.491
18,10,72,1.813
19,10,72,10.284
20,10,73,0.604
21,10,73,0.219
22,10,73,20.621
23,10,73,0.107
24,10,73,0.232
25,10,73,1.226
26,10,73,0.399
27,10,73,1.145
28,10,73,5.782
29,10,73,0.239
30,10,74,0.234
31,10,74,0.512
32,10,74,0.184
33,10,74,0.987
34,10,74,0.178
35,10,74,0.143
36,10,74,0.789
37,10,74,0.202
38,10,74,0.239
39,10,74,0.189
40,10,75,0.151
41,10,75,14.775
42,10,75,0.167
43,10,75,71.77
44,10,75,0.29
45,10,75,0.16
46,10,75,7.913
47,10,75,0.13
48,10,75,53.036
49,10,75,0.115
0,15,71,3.159
1,15,71,0.357
2,15,71,0.875
3,15,71,0.217
4,15,71,0.234
5,15,71,0.712
6,15,71,0.239
7,15,71,0.18
8,15,71,0.924
9,15,71,0.198
10,15,72,0.246
11,15,72,0.463
12,15,72,27.768
0,1,71,0.07
1,1,71,0.074
2,1,71,0.102
3,1,71,0.903
4,1,71,0.054
5,1,71,0.038
6,1,71,0.324
7,1,71,0.102
8,1,71,0.059
9,1,71,0.743
10,1,72,0.07
11,1,72,0.079
12,1,72,0.108
13,1,72,0.047
14,1,72,0.091
15,1,72,0.171
16,1,72,0.068
17,1,72,0.066
18,1,72,0.083
19,1,72,0.062
20,1,73,0.125
21,1,73,0.111
22,1,73,0.218
23,1,73,0.092
24,1,73,0.068
25,1,73,1.138
26,1,73,0.056
27,1,73,1.281
28,1,73,0.042
29,1,73,0.116
30,1,74,0.153
31,1,74,0.086
32,1,74,0.512
33,1,74,0.521
34,1,74,1.51
35,1,74,0.108
36,1,74,0.097
37,1,74,0.597
38,1,74,0.058
39,1,74,0.124
40,1,75,0.089
41,1,75,0.318
42,1,75,0.062
43,1,75,0.119
44,1,75,0.109
45,1,75,0.219
46,1,75,0.182
47,1,75,0.063
48,1,75,0.077
49,1,75,0.067
0,5,71,0.127
1,5,71,0.088
2,5,71,0.076
3,5,71,1.58
4,5,71,0.25
5,5,71,0.101
6,5,71,44.652
7,5,71,0.805
8,5,71,0.153
9,5,71,6.981
10,5,72,0.158
11,5,72,0.144
12,5,72,0.639
13,5,72,0.206
14,5,72,0.698
15,5,72,1.628
16,5,72,0.127
17,5,72,1.731
18,5,72,0.365
19,5,72,9.914
20,5,73,0.886
21,5,73,0.227
22,5,73,0.167
23,5,73,0.072
24,5,73,0.2
25,5,73,0.094
26,5,73,0.268
27,5,73,0.126
28,5,73,0.157
29,5,73,0.169
30,5,74,5.509
31,5,74,89.524
32,5,74,0.287
33,5,74,0.448
34,5,74,0.116
35,5,74,0.122
36,5,74,0.353
37,5,74,0.256
38,5,74,0.196
39,5,74,0.113
40,5,75,1.427
41,5,75,30.187
42,5,75,0.926
43,5,75,0.136
44,5,75,2.021
45,5,75,1.63
46,5,75,0.089
47,5,75,0.243
48,5,75,0.17
49,5,75,1.495
0,10,76,0.332
1,10,76,0.171
2,10,76,0.12
3,10,76,0.872
4,10,76,0.632
5,10,76,7.75
6,10,76,0.322
7,10,76,0.228
8,10,76,0.275
9,10,76,0.155
10,10,77,16.56
11,10,77,0.268
12,10,77,0.266
0,15,76,0.226
1,15,76,0.406
2,15,76,0.211
3,15,76,0.193
4,15,76,34.366
5,15,76,0.708
6,15,76,1.281
7,15,76,7.954
8,15,76,0.431
9,15,76,0.343
10,15,77,1.923
11,15,77,5.13
12,15,77,0.323
13,15,77,0.307
14,15,77,0.209
15,15,77,0.332
16,15,77,0.33
17,15,77,0.182
18,15,77,94.543
19,15,77,0.188
20,15,78,0.99
21,15,78,4.452
22,15,78,1.356
23,15,78,0.226
24,15,78,0.746
25,15,78,0.255
26,15,78,0.199
27,15,78,12.502
28,15,78,0.25
29,15,78,0.236
0,1,76,0.088
1,1,76,0.102
2,1,76,0.065
3,1,76,0.063
4,1,76,0.167
5,1,76,0.324
6,1,76,0.078
7,1,76,0.071
8,1,76,0.04
9,1,76,0.06
10,1,77,1.071
11,1,77,0.159
12,1,77,0.086
13,1,77,0.116
14,1,77,0.282
15,1,77,0.94
16,1,77,0.129
17,1,77,0.08
18,1,77,0.07
19,1,77,0.075
20,1,78,0.125
21,1,78,0.074
22,1,78,0.051
23,1,78,0.066
24,1,78,0.101
25,1,78,0.152
26,1,78,0.054
27,1,78,0.041
28,1,78,0.4
29,1,78,0.175
0,10,79,0.506
1,10,79,0.211
2,10,79,59.596
3,10,79,155.639
4,10,79,0.262
5,10,79,0.381
6,10,79,0.275
7,10,79,0.44
8,10,79,0.129
9,10,79,0.278
10,10,80,1.944
11,10,80,0.264
12,10,80,0.303
0,15,79,0.415
1,15,79,0.401
2,15,79,1.276
3,15,79,0.456
4,15,79,0.288
5,15,79,4.774
6,15,79,3.446
7,15,79,0.213
8,15,79,0.269
9,15,79,0.198
10,15,80,158.385
11,15,80,0.21
12,15,80,1.307
13,15,80,0.374
14,15,80,2.315
15,15,80,0.232
16,15,80,14.165
17,15,80,1.085
18,15,80,0.194
19,15,80,0.364
0,1,79,0.122
1,1,79,0.076
2,1,79,0.06
3,1,79,0.097
4,1,79,0.074
5,1,79,0.298
6,1,79,0.188
7,1,79,0.228
8,1,79,0.143
9,1,79,0.083
10,1,80,0.14
11,1,80,0.078
12,1,80,0.09
13,1,80,0.813
14,1,80,0.099
15,1,80,0.071
16,1,80,0.085
17,1,80,0.063
18,1,80,0.103
19,1,80,0.06
0,10,81,16.734
1,10,81,1.646
2,10,81,0.11
3,10,81,0.907
4,10,81,0.539
5,10,81,2.912
6,10,81,0.123
7,10,81,30.373
8,10,81,0.31
9,10,81,0.196
10,10,82,0.174
11,10,82,0.144
12,10,82,0.133
13,10,82,1.278
14,10,82,0.199
15,10,82,0.128
16,10,82,0.204
17,10,82,0.148
18,10,82,5.517
19,10,82,0.169
0,15,81,40.246
1,15,81,2.289
2,15,81,0.588
3,15,81,0.196
4,15,81,4.923
5,15,81,0.18
6,15,81,0.203
7,15,81,10.194
8,15,81,2.529
9,15,81,0.272
10,15,82,0.323
11,15,82,0.351
12,15,82,0.214
13,15,82,0.571
14,15,82,1.011
15,15,82,0.371
16,15,82,0.18
17,15,82,0.362
18,15,82,0.456
19,15,82,0.595
0,1,81,0.111
1,1,81,0.177
2,1,81,1.041
3,1,81,0.241
4,1,81,0.099
5,1,81,0.2
6,1,81,0.087
7,1,81,0.233
8,1,81,0.073
9,1,81,0.092
10,1,82,0.405
11,1,82,0.089
12,1,82,0.187
13,1,82,1.448
14,1,82,0.332
15,1,82,0.539
16,1,82,0.844
17,1,82,0.45
18,1,82,0.162
19,1,82,0.11
0,10,83,0.483
1,10,83,0.166
2,10,83,0.755
3,10,83,0.165
4,10,83,0.169
5,10,83,0.426
6,10,83,9.018
7,10,83,12.278
8,10,83,20.183
9,10,83,0.254
10,10,84,0.628
11,10,84,0.302
12,10,84,0.139
13,10,84,0.358
14,10,84,0.228
15,10,84,2.947
16,10,84,0.37
17,10,84,0.167
18,10,84,0.291
19,10,84,17.561
0,1,83,0.564
1,1,83,0.117
2,1,83,0.121
3,1,83,3.211
4,1,83,0.043
5,1,83,0.098
6,1,83,1.812
7,1,83,0.78
8,1,83,0.289
9,1,83,0.108
10,1,84,0.321
11,1,84,0.21
12,1,84,0.316
13,1,84,0.329
14,1,84,0.341
15,1,84,0.538
16,1,84,0.086
17,1,84,0.212
18,1,84,0.914
19,1,84,0.098
0,5,83,0.137
1,5,83,0.445
2,5,83,0.313
3,5,83,0.136
4,5,83,17.395
5,5,83,0.094
6,5,83,0.243
7,5,83,0.088
8,5,83,87.3
9,5,83,0.111
10,5,84,0.146
11,5,84,0.099
12,5,84,0.236
13,5,84,0.111
0,10,85,0.278
1,10,85,50.807
2,10,85,7.098
3,10,85,0.133
4,10,85,78.145
5,10,85,0.159
6,10,85,258.015
7,10,85,0.249
8,10,85,0.295
9,10,85,0.104
10,10,86,0.409
11,10,86,1.228
12,10,86,5.732
13,10,86,0.327
14,10,86,0.157
15,10,86,21.27
16,10,86,0.833
17,10,86,0.333
18,10,86,0.213
19,10,86,0.176
0,1,85,0.071
1,1,85,0.101
2,1,85,0.216
3,1,85,0.875
4,1,85,0.109
5,1,85,0.093
6,1,85,0.103
7,1,85,0.396
8,1,85,0.128
9,1,85,0.551
10,1,86,0.068
11,1,86,0.079
12,1,86,0.123
13,1,86,0.183
14,1,86,0.098
15,1,86,0.073
16,1,86,0.655
17,1,86,0.11
18,1,86,0.067
19,1,86,0.045
0,1,87,0.083
1,1,87,0.422
2,1,87,0.156
3,1,87,0.074
4,1,87,0.142
5,1,87,0.342
6,1,87,0.503
7,1,87,0.123
8,1,87,0.285
9,1,87,0.143
10,1,88,0.094
11,1,88,0.612
12,1,88,0.322
13,1,88,0.044
14,1,88,0.509
15,1,88,0.086
16,1,88,7.884
17,1,88,0.083
18,1,88,0.132
19,1,88,0.082
0,5,87,7.947
1,5,87,0.362
2,5,87,0.1
3,5,87,0.095
4,5,87,33.665
5,5,87,0.173
6,5,87,1.047
7,5,87,5.597
8,5,87,4.857
9,5,87,0.18
10,5,88,0.355
11,5,88,0.178
12,5,88,0.171
13,5,88,0.239
14,5,88,1.887
15,5,88,42.005
16,5,88,0.127
17,5,88,0.077
18,5,88,0.093
19,5,88,4.433
0,15,89,0.254
1,15,89,0.272
2,15,89,0.268
3,15,89,0.231
4,15,89,0.556
5,15,89,334.805
6,15,89,0.339
7,15,89,0.229
8,15,89,0.453
9,15,89,0.317
10,15,90,0.274
11,15,90,0.554
12,15,90,0.241
13,15,90,0.552
14,15,90,0.627
15,15,90,2.589
16,15,90,0.278
17,15,90,1.423
18,15,90,75.905
19,15,90,0.267
0,1,89,0.142
1,1,89,0.047
2,1,89,0.483
3,1,89,0.273
4,1,89,0.494
5,1,89,0.11
6,1,89,0.204
7,1,89,0.761
8,1,89,0.175
9,1,89,0.073
10,1,90,0.066
11,1,90,0.161
12,1,90,0.12
13,1,90,0.13
14,1,90,0.044
15,1,90,0.322
16,1,90,0.256
17,1,90,0.233
18,1,90,0.184
19,1,90,0.147
0,15,91,3.603
1,15,91,0.356
2,15,91,0.476
3,15,91,1.992
4,15,91,0.332
5,15,91,4.591
6,15,91,153.614
7,15,91,0.574
8,15,91,1.608
9,15,91,0.242
0,1,91,0.314
1,1,91,0.129
2,1,91,0.535
3,1,91,0.26
4,1,91,0.656
5,1,91,0.813
6,1,91,0.045
7,1,91,0.048
8,1,91,0.104
9,1,91,0.122
0,5,91,0.204
1,5,91,0.362
2,5,91,0.068
3,5,91,9.077
4,5,91,19.937
5,5,91,0.325
6,5,91,0.104
7,5,91,0.445
8,5,91,0.803
9,5,91,0.2
0,10,92,0.295
1,10,92,115.474
2,10,92,1.353
3,10,92,1.179
4,10,92,0.454
5,10,92,0.116
6,10,92,2.256
7,10,92,0.341
8,10,92,0.168
9,10,92,0.111
0,1,92,1.627
1,1,92,0.183
2,1,92,0.136
3,1,92,0.114
4,1,92,0.111
5,1,92,0.286
6,1,92,0.065
7,1,92,3.191
8,1,92,0.281
9,1,92,0.671
0,5,92,0.117
1,5,92,247.284
2,5,92,0.123
3,5,92,0.969
4,5,92,0.125
5,5,92,0.068
6,5,92,0.152
7,5,92,0.464
8,5,92,0.193
9,5,92,109.776
0,15,93,0.337
1,15,93,0.621
2,15,93,0.609
3,15,93,33.169
4,15,93,0.235
5,15,93,0.217
6,15,93,0.258
7,15,93,1.751
8,15,93,0.532
9,15,93,0.241
0,1,93,0.124
1,1,93,0.052
2,1,93,0.169
3,1,93,0.096
4,1,93,0.27
5,1,93,0.066
6,1,93,0.114
7,1,93,0.089
8,1,93,0.06
9,1,93,0.109
0,5,93,0.186
1,5,93,94.958
2,5,93,0.142
3,5,93,1.375
4,5,93,0.12
5,5,93,0.072
6,5,93,0.164
7,5,93,0.285
8,5,93,0.149
9,5,93,0.089
0,1,94,0.535
1,1,94,0.269
2,1,94,3.264
3,1,94,1.414
4,1,94,0.372
5,1,94,3.705
6,1,94,0.66
7,1,94,0.104
8,1,94,0.298
9,1,94,0.13
0,5,94,0.223
1,5,94,0.132
2,5,94,0.123
3,5,94,0.111
4,5,94,4.327
5,5,94,0.144
6,5,94,0.226
7,5,94,0.201
8,5,94,0.136
9,5,94,12.206
0,15,95,0.523
1,15,95,0.697
2,15,95,0.447
3,15,95,0.4
4,15,95,1.057
5,15,95,81.66
6,15,95,0.891
7,15,95,0.437
8,15,95,0.254
9,15,95,0.372
0,1,95,0.82
1,1,95,0.048
2,1,95,0.346
3,1,95,0.35
4,1,95,0.884
5,1,95,0.106
6,1,95,0.106
7,1,95,0.084
8,1,95,0.2
9,1,95,0.156
0,15,96,0.293
1,15,96,0.325
2,15,96,0.285
3,15,96,0.472
4,15,96,0.321
5,15,96,0.254
6,15,96,0.215
7,15,96,0.247
8,15,96,2.658
9,15,96,0.265
0,1,96,0.291
1,1,96,0.114
2,1,96,0.11
3,1,96,0.147
4,1,96,0.078
5,1,96,1.022
6,1,96,0.113
7,1,96,1.374
8,1,96,1.255
9,1,96,0.924
0,5,96,0.3
1,5,96,0.124
2,5,96,0.205
3,5,96,0.323
4,5,96,26.545
5,5,96,0.485
6,5,96,0.293
7,5,96,0.346
8,5,96,0.07
9,5,96,21.568
0,10,97,8.838
1,10,97,0.415
2,10,97,0.158
3,10,97,96.272
4,10,97,0.157
5,10,97,24.765
6,10,97,0.147
7,10,97,0.224
8,10,97,0.287
9,10,97,0.195
0,1,97,0.134
1,1,97,0.113
2,1,97,0.314
3,1,97,0.085
4,1,97,0.133
5,1,97,0.246
6,1,97,0.148
7,1,97,0.197
8,1,97,0.077
9,1,97,0.092
0,10,98,0.215
1,10,98,0.369
2,10,98,0.967
3,10,98,0.542
4,10,98,0.904
5,10,98,0.534
6,10,98,0.248
7,10,98,0.348
8,10,98,7.517
9,10,98,1.725
0,15,98,0.963
1,15,98,0.367
2,15,98,1.451
3,15,98,47.603
4,15,98,27.734
5,15,98,34.52
6,15,98,0.281
7,15,98,0.836
8,15,98,15.46
9,15,98,6.691
0,1,98,0.495
1,1,98,1.089
2,1,98,0.152
3,1,98,0.052
4,1,98,0.384
5,1,98,0.104
6,1,98,0.085
7,1,98,0.202
8,1,98,0.083
9,1,98,0.144
0,1,99,0.156
1,1,99,0.61
2,1,99,0.168
3,1,99,0.418
4,1,99,0.122
5,1,99,0.721
6,1,99,0.086
7,1,99,0.053
8,1,99,0.108
9,1,99,0.25
0,5,99,0.246
1,5,99,3.51
2,5,99,0.556
3,5,99,1.171
4,5,99,0.271
5,5,99,46.262
6,5,99,0.195
7,5,99,1.218
8,5,99,0.142
9,5,99,0.228
0,10,110,12.837
1,10,110,26.735
2,10,110,0.26
3,10,110,0.791
4,10,110,125.526
5,10,110,0.18
6,10,110,43.072
7,10,110,0.403
8,10,110,0.257
9,10,110,0.204
0,1,110,0.146
1,1,110,0.489
2,1,110,0.111
3,1,110,0.084
4,1,110,0.138
5,1,110,0.096
6,1,110,0.221
7,1,110,0.165
8,1,110,1.437
9,1,110,0.147
0,15,110,0.678
1,15,110,0.356
2,15,110,0.621
3,15,110,4.303
4,15,110,1.917
5,15,110,18.995
6,15,110,1.703
7,15,110,1.801
8,15,110,1.957
9,15,110,0.784
0,1,111,0.21
1,1,111,0.189
2,1,111,0.091
3,1,111,0.459
4,1,111,0.317
5,1,111,0.301
6,1,111,0.144
7,1,111,0.053
8,1,111,0.164
9,1,111,0.989
0,15,111,0.261
1,15,111,14.106
2,15,111,0.435
3,15,111,0.425
4,15,111,0.411
5,15,111,0.434
6,15,111,0.645
7,15,111,0.574
8,15,111,0.517
9,15,111,0.86
0,1,112,0.446
1,1,112,0.779
2,1,112,0.323
3,1,112,0.056
4,1,112,0.17
5,1,112,0.322
6,1,112,0.133
7,1,112,0.146
8,1,112,0.053
9,1,112,2.901
0,1,113,0.15
1,1,113,0.167
2,1,113,1.259
3,1,113,0.333
4,1,113,0.055
5,1,113,0.154
6,1,113,0.707
7,1,113,0.057
8,1,113,0.115
9,1,113,0.056
0,5,113,0.185
1,5,113,0.093
2,5,113,0.22
3,5,113,0.27
4,5,113,22.096
5,5,113,23.4
6,5,113,4.055
7,5,113,0.115
8,5,113,0.452
9,5,113,0.24
0,10,114,0.266
1,10,114,1.251
2,10,114,10.293
3,10,114,0.319
4,10,114,2.142
5,10,114,22.405
6,10,114,33.194
7,10,114,7.254
8,10,114,0.473
9,10,114,0.342
0,1,114,0.213
1,1,114,0.09
2,1,114,0.163
3,1,114,0.082
4,1,114,7.046
5,1,114,1.59
6,1,114,2.973
7,1,114,0.073
8,1,114,0.521
9,1,114,0.077
0,1,115,0.075
1,1,115,0.062
2,1,115,0.161
3,1,115,0.425
4,1,115,0.091
5,1,115,0.113
6,1,115,0.174
7,1,115,0.606
8,1,115,0.476
9,1,115,0.136
0,5,115,0.162
1,5,115,0.252
2,5,115,1.293
3,5,115,0.203
4,5,115,0.138
5,5,115,0.091
6,5,115,7.266
7,5,115,0.436
8,5,115,1.052
9,5,115,0.281
0,1,116,2.776
1,1,116,0.131
2,1,116,1.27
3,1,116,0.058
4,1,116,0.135
5,1,116,1.607
6,1,116,0.55
7,1,116,0.143
8,1,116,0.183
9,1,116,0.093
0,1,117,1.141
1,1,117,0.313
2,1,117,0.117
3,1,117,0.115
4,1,117,0.19
5,1,117,0.273
6,1,117,2.092
7,1,117,0.106
8,1,117,0.342
9,1,117,0.501
0,1,118,0.659
1,1,118,0.065
2,1,118,0.132
3,1,118,0.109
4,1,118,0.121
5,1,118,0.469
6,1,118,0.829
7,1,118,0.092
8,1,118,0.152
9,1,118,0.296
0,15,118,0.351
1,15,118,0.516
2,15,118,0.283
3,15,118,0.309
4,15,118,4.825
5,15,118,1.028
6,15,118,45.046
7,15,118,0.336
8,15,118,0.274
9,15,118,20.997
0,1,119,0.647
1,1,119,0.592
2,1,119,0.172
3,1,119,0.092
4,1,119,0.411
5,1,119,2.659
6,1,119,0.169
7,1,119,0.175
8,1,119,0.353
9,1,119,0.15
0,15,119,1.112
1,15,119,2.521
2,15,119,0.239
3,15,119,0.645
4,15,119,0.606
5,15,119,219.813
6,15,119,0.585
7,15,119,0.756
8,15,119,0.375
9,15,119,70.989
0,1,120,0.191
1,1,120,0.132
2,1,120,1.283
3,1,120,1.253
4,1,120,0.191
5,1,120,0.153
6,1,120,0.424
7,1,120,1.036
8,1,120,4.76
9,1,120,0.096
0,5,120,0.87
1,5,120,0.085
2,5,120,0.231
3,5,120,0.251
4,5,120,0.353
5,5,120,0.211
6,5,120,0.276
7,5,120,22.729
8,5,120,96.2
9,5,120,2.931
0,10,121,0.458
1,10,121,0.682
2,10,121,0.261
3,10,121,0.232
4,10,121,0.311
5,10,121,4.779
6,10,121,3.331
7,10,121,0.314
8,10,121,1.004
9,10,121,0.327
0,1,121,0.078
1,1,121,0.48
2,1,121,0.162
3,1,121,0.301
4,1,121,0.666
5,1,121,0.157
6,1,121,0.362
7,1,121,0.168
8,1,121,0.098
9,1,121,0.168
0,1,122,0.187
1,1,122,0.139
2,1,122,0.172
3,1,122,0.299
4,1,122,0.07
5,1,122,0.101
6,1,122,0.197
7,1,122,0.117
8,1,122,0.131
9,1,122,0.14
0,15,122,0.279
1,15,122,0.957
2,15,122,0.232
3,15,122,56.958
4,15,122,0.841
5,15,122,0.432
6,15,122,0.295
7,15,122,0.346
8,15,122,0.638
9,15,122,8.866
0,5,122,0.335
1,5,122,0.291
2,5,122,84.788
3,5,122,30.95
4,5,122,0.12
5,5,122,0.089
6,5,122,0.163
7,5,122,0.084
8,5,122,0.206
9,5,122,0.411
0,1,123,0.143
1,1,123,0.326
2,1,123,0.097
3,1,123,0.104
4,1,123,0.128
5,1,123,1.066
6,1,123,0.23
7,1,123,0.142
8,1,123,0.478
9,1,123,0.23
0,1,124,0.213
1,1,124,1.304
2,1,124,0.186
3,1,124,0.858
4,1,124,0.223
5,1,124,0.156
6,1,124,0.396
7,1,124,0.271
8,1,124,0.225
9,1,124,0.841
0,5,124,0.099
1,5,124,0.217
2,5,124,0.293
3,5,124,0.729
4,5,124,0.805
5,5,124,22.201
6,5,124,1.259
7,5,124,0.159
8,5,124,0.354
9,5,124,0.9
0,1,125,0.102
1,1,125,0.351
2,1,125,0.132
3,1,125,0.111
4,1,125,0.247
5,1,125,0.099
6,1,125,0.135
7,1,125,0.581
8,1,125,0.141
9,1,125,0.063
