id,nb_var,size,time
0,1,101,0.211
1,1,101,0.096
2,1,101,0.21
3,1,101,0.267
4,1,101,0.128
5,1,101,0.158
6,1,101,0.143
7,1,101,0.078
8,1,101,0.777
9,1,101,0.416
10,1,102,1.157
11,1,102,0.232
12,1,102,0.204
13,1,102,0.879
14,1,102,0.161
15,1,102,0.353
16,1,102,0.275
17,1,102,0.456
18,1,102,0.221
19,1,102,0.111
0,5,101,0.183
1,5,101,0.428
2,5,101,2.886
3,5,101,0.264
4,5,101,2.112
5,5,101,8.99
6,5,101,0.49
7,5,101,0.747
8,5,101,103.133
9,5,101,0.174
10,5,102,0.738
11,5,102,1.292
0,1,100,0.121
1,1,100,0.249
2,1,100,0.125
3,1,100,0.128
4,1,100,0.269
5,1,100,0.808
6,1,100,0.139
7,1,100,0.106
8,1,100,0.409
9,1,100,0.458
0,5,100,22.026
1,5,100,0.168
2,5,100,8.485
3,5,100,0.276
4,5,100,0.28
5,5,100,0.155
6,5,100,0.179
7,5,100,0.246
8,5,100,0.146
9,5,100,0.609
0,10,10,0.043
1,10,10,0.029
2,10,10,0.076
3,10,10,0.026
4,10,10,0.024
5,10,10,0.025
6,10,11,0.032
7,10,11,0.058
8,10,11,0.033
9,10,11,0.03
10,10,11,0.03
11,10,11,0.034
12,10,11,0.029
13,10,11,0.031
14,10,11,0.032
15,10,11,0.029
16,10,12,0.035
17,10,12,0.032
18,10,12,0.228
19,10,12,0.043
20,10,12,0.03
21,10,12,0.031
22,10,12,0.033
23,10,12,0.03
24,10,12,0.033
25,10,12,0.031
26,10,13,0.032
27,10,13,0.032
28,10,13,0.034
29,10,13,0.082
30,10,13,0.087
31,10,13,0.039
32,10,13,0.036
33,10,13,0.044
34,10,13,0.036
35,10,13,0.03
36,10,14,0.116
37,10,14,0.033
38,10,14,0.035
39,10,14,0.037
40,10,14,0.035
41,10,14,0.037
42,10,14,0.041
43,10,14,0.034
44,10,14,0.036
45,10,14,0.035
46,10,15,0.037
47,10,15,0.036
48,10,15,0.036
49,10,15,0.04
50,10,15,0.046
51,10,15,0.038
52,10,15,0.037
53,10,15,0.037
54,10,15,0.036
55,10,15,0.036
56,10,16,0.044
57,10,16,0.047
58,10,16,0.037
59,10,16,0.034
60,10,16,0.107
61,10,16,0.044
62,10,16,0.035
63,10,16,0.038
64,10,16,0.077
65,10,16,0.041
66,10,17,0.045
67,10,17,0.037
68,10,17,0.043
69,10,17,0.041
70,10,17,0.04
71,10,17,0.044
72,10,17,0.041
73,10,17,0.052
74,10,17,0.061
75,10,17,0.039
76,10,18,0.05
77,10,18,0.043
78,10,18,0.04
79,10,18,0.044
80,10,18,0.043
81,10,18,0.039
82,10,18,0.042
83,10,18,0.054
84,10,18,0.055
85,10,18,0.044
86,10,19,0.05
87,10,19,0.051
88,10,19,0.045
89,10,19,0.052
90,10,19,0.048
91,10,19,0.043
92,10,19,0.045
93,10,19,0.041
94,10,19,0.038
95,10,19,0.04
96,10,20,0.047
97,10,20,0.056
98,10,20,0.068
99,10,20,0.047
100,10,20,0.052
101,10,20,0.046
102,10,20,0.045
103,10,20,0.048
104,10,20,0.05
105,10,20,0.043
106,10,21,0.057
107,10,21,0.048
108,10,21,0.057
109,10,21,0.053
110,10,21,0.056
111,10,21,0.054
112,10,21,0.048
113,10,21,0.058
114,10,21,0.055
115,10,21,0.055
116,10,22,0.078
117,10,22,0.056
118,10,22,0.055
119,10,22,0.05
120,10,22,0.055
121,10,22,0.065
122,10,22,0.054
123,10,22,0.058
124,10,22,0.062
125,10,22,0.056
126,10,23,0.058
127,10,23,0.063
128,10,23,0.063
129,10,23,0.06
130,10,23,0.067
131,10,23,0.056
132,10,23,0.056
133,10,23,0.073
134,10,23,0.06
135,10,23,0.052
136,10,24,0.072
137,10,24,0.1
138,10,24,0.109
139,10,24,0.056
140,10,24,0.058
141,10,24,0.057
142,10,24,0.058
143,10,24,0.063
144,10,24,0.064
145,10,24,0.067
146,10,25,0.054
147,10,25,0.073
148,10,25,0.073
149,10,25,0.063
150,10,25,0.066
151,10,25,0.05
152,10,25,0.054
153,10,25,0.055
154,10,25,0.053
155,10,25,0.051
156,10,26,0.06
157,10,26,0.062
158,10,26,0.064
159,10,26,0.15
160,10,26,0.067
161,10,26,0.055
162,10,26,0.055
163,10,26,0.063
164,10,26,0.07
165,10,26,0.079
166,10,27,0.068
167,10,27,0.068
168,10,27,0.084
169,10,27,0.061
170,10,27,0.073
171,10,27,0.051
172,10,27,0.061
173,10,27,0.063
174,10,27,0.072
175,10,27,0.128
176,10,28,0.07
177,10,28,0.066
178,10,28,0.071
179,10,28,0.077
180,10,28,0.071
181,10,28,0.08
182,10,28,0.072
183,10,28,0.15
184,10,28,0.053
185,10,28,0.056
186,10,29,0.066
187,10,29,0.117
188,10,29,0.065
189,10,29,0.097
190,10,29,0.06
191,10,29,0.077
192,10,29,0.061
193,10,29,0.127
194,10,29,0.084
195,10,29,0.1
196,10,30,0.148
197,10,30,0.077
198,10,30,0.132
199,10,30,0.066
200,10,30,0.072
201,10,30,0.094
202,10,30,0.099
203,10,30,0.072
204,10,30,0.222
205,10,30,0.078
206,10,31,0.102
207,10,31,0.078
208,10,31,0.066
209,10,31,0.084
210,10,31,0.07
211,10,31,0.139
212,10,31,0.094
213,10,31,0.077
214,10,31,0.06
215,10,31,0.077
216,10,32,0.078
217,10,32,0.077
218,10,32,0.072
219,10,32,0.083
220,10,32,0.109
221,10,32,0.083
222,10,32,0.084
223,10,32,0.125
224,10,32,0.088
225,10,32,0.083
226,10,33,0.099
227,10,33,0.083
228,10,33,0.071
229,10,33,0.089
230,10,33,0.104
231,10,33,0.077
232,10,33,0.091
233,10,33,0.349
234,10,33,0.063
235,10,33,0.098
236,10,34,0.425
237,10,34,0.094
238,10,34,0.508
239,10,34,0.129
240,10,34,0.082
241,10,34,0.092
242,10,34,0.187
243,10,34,0.096
244,10,34,0.091
245,10,34,0.08
246,10,35,0.086
247,10,35,0.068
248,10,35,0.108
249,10,35,0.137
250,10,35,0.11
251,10,35,0.079
252,10,35,0.115
253,10,35,0.099
254,10,35,0.083
255,10,35,0.089
256,10,36,0.102
257,10,36,0.101
258,10,36,0.083
259,10,36,0.07
260,10,36,0.145
261,10,36,0.142
262,10,36,0.117
263,10,36,0.087
264,10,36,0.135
265,10,36,0.094
266,10,37,0.097
267,10,37,0.065
268,10,37,0.069
269,10,37,0.096
270,10,37,0.081
271,10,37,0.246
272,10,37,0.169
273,10,37,0.102
274,10,37,0.105
275,10,37,0.083
276,10,38,0.098
277,10,38,0.105
278,10,38,0.102
279,10,38,0.115
280,10,38,0.116
281,10,38,0.193
282,10,38,0.107
283,10,38,0.107
284,10,38,0.09
285,10,38,0.118
286,10,39,0.102
287,10,39,0.065
288,10,39,0.086
289,10,39,0.095
290,10,39,0.09
291,10,39,0.121
292,10,39,0.104
293,10,39,0.188
294,10,39,0.13
295,10,39,0.088
296,10,40,0.179
297,10,40,0.088
298,10,40,0.116
299,10,40,0.109
300,10,40,0.101
301,10,40,0.117
302,10,40,0.108
303,10,40,0.095
304,10,40,0.179
305,10,40,0.199
306,10,41,0.106
307,10,41,0.111
308,10,41,0.088
309,10,41,0.141
310,10,41,0.127
311,10,41,0.096
312,10,41,0.093
313,10,41,0.112
314,10,41,0.116
315,10,41,0.114
316,10,42,0.099
317,10,42,0.129
318,10,42,0.114
319,10,42,0.112
320,10,42,0.122
321,10,42,0.105
322,10,42,0.111
323,10,42,0.117
324,10,42,0.084
325,10,42,0.186
326,10,43,0.104
327,10,43,0.125
328,10,43,0.097
329,10,43,0.155
330,10,43,0.13
331,10,43,0.098
332,10,43,0.121
333,10,43,0.107
334,10,43,0.085
335,10,43,0.146
336,10,44,0.107
337,10,44,0.127
338,10,44,0.093
339,10,44,0.193
340,10,44,0.138
341,10,44,0.117
342,10,44,0.178
343,10,44,0.101
344,10,44,0.122
345,10,44,0.351
346,10,45,0.12
347,10,45,0.372
348,10,45,0.099
349,10,45,0.138
350,10,45,0.095
351,10,45,0.119
352,10,45,0.133
353,10,45,0.105
354,10,45,0.186
355,10,45,4.127
356,10,46,0.568
357,10,46,0.101
358,10,46,0.099
359,10,46,0.113
360,10,46,1.087
361,10,46,0.115
362,10,46,0.132
363,10,46,0.407
364,10,46,0.108
365,10,46,0.213
366,10,47,0.176
367,10,47,0.356
368,10,47,0.09
369,10,47,0.186
370,10,47,0.253
371,10,47,0.259
372,10,47,0.151
373,10,47,0.142
374,10,47,0.094
375,10,47,0.13
376,10,48,0.134
377,10,48,0.101
378,10,48,0.176
379,10,48,0.136
380,10,48,0.244
381,10,48,0.181
382,10,48,0.096
383,10,48,0.132
384,10,48,0.086
385,10,48,0.14
386,10,49,0.158
387,10,49,8.295
388,10,49,0.355
389,10,49,0.219
390,10,49,0.179
391,10,49,0.364
392,10,49,0.131
393,10,49,0.288
394,10,49,0.139
395,10,49,0.113
396,10,50,0.174
397,10,50,1.347
398,10,50,0.337
399,10,50,0.456
400,10,50,0.142
401,10,50,0.123
402,10,50,0.127
403,10,50,0.163
404,10,50,0.2
405,10,50,0.123
0,1,2,0.015
1,1,2,0.005
2,1,2,0.005
3,1,2,0.004
4,1,2,0.005
5,1,2,0.005
6,1,3,0.007
7,1,3,0.006
8,1,3,0.005
9,1,3,0.005
10,1,3,0.006
11,1,3,0.006
12,1,3,0.007
13,1,3,0.005
14,1,3,0.005
15,1,3,0.005
16,1,4,0.006
17,1,4,0.007
18,1,4,0.007
19,1,4,0.006
20,1,4,0.007
21,1,4,0.007
22,1,4,0.006
23,1,4,0.006
24,1,4,0.008
25,1,4,0.006
26,1,5,0.006
27,1,5,0.008
28,1,5,0.008
29,1,5,0.008
30,1,5,0.008
31,1,5,0.008
32,1,5,0.008
33,1,5,0.009
34,1,5,0.008
35,1,5,0.008
36,1,6,0.009
37,1,6,0.009
38,1,6,0.009
39,1,6,0.008
40,1,6,0.008
41,1,6,0.009
42,1,6,0.01
43,1,6,0.009
44,1,6,0.008
45,1,6,0.009
46,1,7,0.011
47,1,7,0.009
48,1,7,0.011
49,1,7,0.009
50,1,7,0.009
51,1,7,0.01
52,1,7,0.009
53,1,7,0.012
54,1,7,0.01
55,1,7,0.012
56,1,8,0.011
57,1,8,0.01
58,1,8,0.012
59,1,8,0.011
60,1,8,0.013
61,1,8,0.01
62,1,8,0.009
63,1,8,0.012
64,1,8,0.011
65,1,8,0.012
66,1,9,0.015
67,1,9,0.014
68,1,9,0.015
69,1,9,0.013
70,1,9,0.011
71,1,9,0.014
72,1,9,0.012
73,1,9,0.013
74,1,9,0.015
75,1,9,0.016
76,1,10,0.013
77,1,10,0.013
78,1,10,0.016
79,1,10,0.016
80,1,10,0.014
81,1,10,0.012
82,1,10,0.011
83,1,10,0.012
84,1,10,0.015
85,1,10,0.012
86,1,11,0.021
87,1,11,0.015
88,1,11,0.016
89,1,11,0.017
90,1,11,0.016
91,1,11,0.013
92,1,11,0.014
93,1,11,0.015
94,1,11,0.016
95,1,11,0.016
96,1,12,0.015
97,1,12,0.017
98,1,12,0.016
99,1,12,0.017
100,1,12,0.017
101,1,12,0.016
102,1,12,0.015
103,1,12,0.017
104,1,12,0.016
105,1,12,0.014
106,1,13,0.021
107,1,13,0.017
108,1,13,0.014
109,1,13,0.017
110,1,13,0.018
111,1,13,0.016
112,1,13,0.019
113,1,13,0.018
114,1,13,0.019
115,1,13,0.019
116,1,14,0.021
117,1,14,0.021
118,1,14,0.02
119,1,14,0.021
120,1,14,0.019
121,1,14,0.018
122,1,14,0.026
123,1,14,0.016
124,1,14,0.018
125,1,14,0.018
126,1,15,0.02
127,1,15,0.014
128,1,15,0.016
129,1,15,0.014
130,1,15,0.021
131,1,15,0.02
132,1,15,0.022
133,1,15,0.025
134,1,15,0.02
135,1,15,0.029
136,1,16,0.024
137,1,16,0.028
138,1,16,0.019
139,1,16,0.021
140,1,16,0.013
141,1,16,0.027
142,1,16,0.023
143,1,16,0.029
144,1,16,0.024
145,1,16,0.022
146,1,17,0.02
147,1,17,0.02
148,1,17,0.023
149,1,17,0.018
150,1,17,0.017
151,1,17,0.027
152,1,17,0.014
153,1,17,0.021
154,1,17,0.023
155,1,17,0.025
156,1,18,0.019
157,1,18,0.023
158,1,18,0.024
159,1,18,0.027
160,1,18,0.022
161,1,18,0.03
162,1,18,0.022
163,1,18,0.025
164,1,18,0.024
165,1,18,0.019
166,1,19,0.029
167,1,19,0.023
168,1,19,0.023
169,1,19,0.025
170,1,19,0.02
171,1,19,0.018
172,1,19,0.018
173,1,19,0.02
174,1,19,0.02
175,1,19,0.023
176,1,20,0.029
177,1,20,0.022
178,1,20,0.025
179,1,20,0.016
180,1,20,0.028
181,1,20,0.022
182,1,20,0.021
183,1,20,0.027
184,1,20,0.034
185,1,20,0.026
186,1,21,0.025
187,1,21,0.025
188,1,21,0.022
189,1,21,0.063
190,1,21,0.023
191,1,21,0.023
192,1,21,0.028
193,1,21,0.018
194,1,21,0.019
195,1,21,0.028
196,1,22,0.028
197,1,22,0.029
198,1,22,0.029
199,1,22,0.029
200,1,22,0.024
201,1,22,0.029
202,1,22,0.02
203,1,22,0.031
204,1,22,0.021
205,1,22,0.028
206,1,23,0.03
207,1,23,0.036
208,1,23,0.035
209,1,23,0.031
210,1,23,0.031
211,1,23,0.028
212,1,23,0.03
213,1,23,0.034
214,1,23,0.031
215,1,23,0.03
216,1,24,0.023
217,1,24,0.031
218,1,24,0.026
219,1,24,0.035
220,1,24,0.039
221,1,24,0.035
222,1,24,0.032
223,1,24,0.035
224,1,24,0.03
225,1,24,0.033
226,1,25,0.02
227,1,25,0.047
228,1,25,0.054
229,1,25,0.03
230,1,25,0.038
231,1,25,0.042
232,1,25,0.046
233,1,25,0.034
234,1,25,0.046
235,1,25,0.038
236,1,26,0.03
237,1,26,0.085
238,1,26,0.034
239,1,26,0.028
240,1,26,0.036
241,1,26,0.026
242,1,26,0.029
243,1,26,0.037
244,1,26,0.043
245,1,26,0.034
246,1,27,0.033
247,1,27,0.037
248,1,27,0.026
249,1,27,0.037
250,1,27,0.028
251,1,27,0.033
252,1,27,0.03
253,1,27,0.034
254,1,27,0.039
255,1,27,0.027
256,1,28,0.02
257,1,28,0.025
258,1,28,0.025
259,1,28,0.064
260,1,28,0.041
261,1,28,0.039
262,1,28,0.038
263,1,28,0.049
264,1,28,0.036
265,1,28,0.047
266,1,29,0.04
267,1,29,0.037
268,1,29,0.05
269,1,29,0.027
270,1,29,0.041
271,1,29,0.075
272,1,29,0.04
273,1,29,0.02
274,1,29,0.029
275,1,29,0.032
276,1,30,0.04
277,1,30,0.04
278,1,30,0.027
279,1,30,0.048
280,1,30,0.022
281,1,30,0.042
282,1,30,0.06
283,1,30,0.051
284,1,30,0.06
285,1,30,0.037
286,1,31,0.056
287,1,31,0.032
288,1,31,0.044
289,1,31,0.048
290,1,31,0.033
291,1,31,0.031
292,1,31,0.055
293,1,31,0.052
294,1,31,0.037
295,1,31,0.024
296,1,32,0.044
297,1,32,0.045
298,1,32,0.045
299,1,32,0.04
300,1,32,0.041
301,1,32,0.04
302,1,32,0.048
303,1,32,0.061
304,1,32,0.039
305,1,32,0.038
306,1,33,0.043
307,1,33,0.041
308,1,33,0.07
309,1,33,0.036
310,1,33,0.03
311,1,33,0.041
312,1,33,0.046
313,1,33,0.045
314,1,33,0.062
315,1,33,0.035
316,1,34,0.026
317,1,34,0.041
318,1,34,0.026
319,1,34,0.056
320,1,34,0.04
321,1,34,0.067
322,1,34,0.193
323,1,34,0.034
324,1,34,0.04
325,1,34,0.061
326,1,35,0.06
327,1,35,0.045
328,1,35,0.046
329,1,35,0.05
330,1,35,0.035
331,1,35,0.043
332,1,35,0.082
333,1,35,0.035
334,1,35,0.101
335,1,35,0.037
336,1,36,0.024
337,1,36,0.038
338,1,36,0.035
339,1,36,0.04
340,1,36,0.046
341,1,36,0.052
342,1,36,0.042
343,1,36,0.061
344,1,36,0.049
345,1,36,0.04
346,1,37,0.044
347,1,37,0.052
348,1,37,0.045
349,1,37,0.047
350,1,37,0.046
351,1,37,0.05
352,1,37,0.04
353,1,37,0.041
354,1,37,0.051
355,1,37,0.058
356,1,38,0.051
357,1,38,0.062
358,1,38,0.042
359,1,38,0.076
360,1,38,0.046
361,1,38,0.045
362,1,38,0.071
363,1,38,0.14
364,1,38,0.038
365,1,38,0.048
366,1,39,0.05
367,1,39,0.35
368,1,39,0.037
369,1,39,0.053
370,1,39,0.041
371,1,39,0.06
372,1,39,0.055
373,1,39,0.044
374,1,39,0.044
375,1,39,0.042
376,1,40,0.034
377,1,40,0.05
378,1,40,0.05
379,1,40,0.213
380,1,40,0.048
381,1,40,0.058
382,1,40,0.069
383,1,40,0.076
384,1,40,0.056
385,1,40,0.039
386,1,41,0.042
387,1,41,0.047
388,1,41,0.046
389,1,41,0.04
390,1,41,0.081
391,1,41,0.046
392,1,41,0.059
393,1,41,0.052
394,1,41,0.085
395,1,41,0.073
396,1,42,0.093
397,1,42,0.096
398,1,42,0.056
399,1,42,0.041
400,1,42,0.062
401,1,42,0.07
402,1,42,0.125
403,1,42,0.087
404,1,42,0.051
405,1,42,0.235
406,1,43,0.08
407,1,43,0.14
408,1,43,0.043
409,1,43,0.05
410,1,43,0.069
411,1,43,0.081
412,1,43,0.615
413,1,43,0.084
414,1,43,0.043
415,1,43,0.141
416,1,44,0.053
417,1,44,0.064
418,1,44,0.051
419,1,44,0.127
420,1,44,0.103
421,1,44,0.067
422,1,44,0.067
423,1,44,0.081
424,1,44,0.049
425,1,44,0.043
426,1,45,0.095
427,1,45,0.099
428,1,45,0.049
429,1,45,0.071
430,1,45,0.052
431,1,45,0.051
432,1,45,0.071
433,1,45,0.037
434,1,45,0.029
435,1,45,0.058
436,1,46,0.058
437,1,46,0.05
438,1,46,0.11
439,1,46,0.082
440,1,46,0.042
441,1,46,0.063
442,1,46,0.076
443,1,46,0.053
444,1,46,0.059
445,1,46,0.051
446,1,47,0.061
447,1,47,0.068
448,1,47,0.067
449,1,47,0.056
450,1,47,0.159
451,1,47,0.045
452,1,47,0.044
453,1,47,0.077
454,1,47,0.029
455,1,47,0.046
456,1,48,0.371
457,1,48,0.076
458,1,48,0.066
459,1,48,0.052
460,1,48,0.057
461,1,48,0.072
462,1,48,0.174
463,1,48,0.101
464,1,48,0.057
465,1,48,0.059
466,1,49,0.074
467,1,49,0.599
468,1,49,0.069
469,1,49,0.04
470,1,49,0.149
471,1,49,0.069
472,1,49,0.097
473,1,49,0.056
474,1,49,0.079
475,1,49,0.08
476,1,50,0.044
477,1,50,0.217
478,1,50,0.117
479,1,50,0.106
480,1,50,0.175
481,1,50,0.063
482,1,50,0.159
483,1,50,0.052
484,1,50,0.137
485,1,50,0.043
0,15,16,0.071
1,15,17,0.069
2,15,17,0.058
3,15,17,0.055
4,15,17,0.063
5,15,17,0.058
6,15,17,0.051
7,15,17,0.06
8,15,17,0.068
9,15,17,0.054
10,15,17,0.053
11,15,18,0.054
12,15,18,0.062
13,15,18,0.055
14,15,18,0.07
15,15,18,0.055
16,15,18,5.581
17,15,18,0.074
18,15,18,0.054
19,15,18,0.07
20,15,18,0.056
21,15,19,0.072
22,15,19,0.062
23,15,19,0.06
24,15,19,0.065
25,15,19,0.067
26,15,19,0.12
27,15,19,0.071
28,15,19,0.057
29,15,19,0.062
30,15,19,0.057
31,15,20,0.064
32,15,20,0.056
33,15,20,0.065
34,15,20,0.059
35,15,20,0.057
36,15,20,0.06
37,15,20,0.062
38,15,20,0.061
39,15,20,0.059
40,15,20,0.065
41,15,21,0.066
42,15,21,0.081
43,15,21,0.085
44,15,21,0.063
45,15,21,0.073
46,15,21,0.068
47,15,21,0.066
48,15,21,3.819
49,15,21,0.075
50,15,21,0.077
51,15,22,0.074
52,15,22,0.074
53,15,22,0.067
54,15,22,0.068
55,15,22,0.063
56,15,22,0.071
57,15,22,0.064
58,15,22,0.067
59,15,22,0.069
60,15,22,0.065
61,15,23,0.069
62,15,23,0.07
63,15,23,0.072
64,15,23,0.068
65,15,23,0.073
66,15,23,0.069
67,15,23,0.07
68,15,23,0.066
69,15,23,0.069
70,15,23,0.074
71,15,24,0.078
72,15,24,0.088
73,15,24,0.071
74,15,24,0.071
75,15,24,0.071
76,15,24,0.07
77,15,24,0.067
78,15,24,0.069
79,15,24,0.066
80,15,24,0.068
81,15,25,0.071
82,15,25,0.086
83,15,25,0.074
84,15,25,0.069
85,15,25,0.08
86,15,25,0.09
87,15,25,0.075
88,15,25,0.075
89,15,25,0.077
90,15,25,0.076
91,15,26,0.109
92,15,26,0.078
93,15,26,0.116
94,15,26,0.192
95,15,26,0.09
96,15,26,0.084
97,15,26,0.084
98,15,26,0.086
99,15,26,0.074
100,15,26,0.086
101,15,27,0.09
102,15,27,0.077
103,15,27,0.095
104,15,27,0.726
105,15,27,0.094
106,15,27,0.08
107,15,27,0.077
108,15,27,0.079
109,15,27,0.132
110,15,27,0.088
111,15,28,0.074
112,15,28,3.924
113,15,28,0.081
114,15,28,0.078
115,15,28,0.075
116,15,28,0.081
117,15,28,0.097
118,15,28,0.079
119,15,28,0.078
120,15,28,0.084
121,15,29,0.081
122,15,29,0.086
123,15,29,0.106
124,15,29,0.101
125,15,29,0.094
126,15,29,0.169
127,15,29,0.075
128,15,29,0.104
129,15,29,0.082
130,15,29,0.09
131,15,30,0.088
132,15,30,0.09
133,15,30,0.097
134,15,30,0.083
135,15,30,0.09
136,15,30,0.086
137,15,30,0.096
138,15,30,0.086
139,15,30,0.089
140,15,30,0.084
141,15,31,0.104
142,15,31,0.087
143,15,31,0.096
144,15,31,0.158
145,15,31,0.082
146,15,31,0.108
147,15,31,0.1
148,15,31,0.126
149,15,31,0.109
150,15,31,0.082
151,15,32,0.138
152,15,32,0.084
153,15,32,0.098
154,15,32,0.092
155,15,32,0.102
156,15,32,0.09
157,15,32,0.094
158,15,32,0.216
159,15,32,0.103
160,15,32,0.114
161,15,33,0.11
162,15,33,0.091
163,15,33,0.102
164,15,33,0.093
165,15,33,0.443
166,15,33,0.106
167,15,33,0.084
168,15,33,0.095
169,15,33,0.123
170,15,33,0.097
171,15,34,0.191
172,15,34,0.161
173,15,34,0.1
174,15,34,0.233
175,15,34,0.115
176,15,34,0.118
177,15,34,0.091
178,15,34,0.091
179,15,34,0.133
180,15,34,0.185
181,15,35,8.142
182,15,35,0.118
183,15,35,0.108
184,15,35,0.098
185,15,35,0.107
186,15,35,0.092
187,15,35,0.11
188,15,35,0.103
189,15,35,0.447
190,15,35,0.094
191,15,36,0.119
192,15,36,0.102
193,15,36,0.093
194,15,36,0.103
195,15,36,0.119
196,15,36,0.132
197,15,36,0.141
198,15,36,0.109
199,15,36,0.225
200,15,36,0.113
201,15,37,0.109
202,15,37,0.365
203,15,37,0.093
204,15,37,0.117
205,15,37,0.116
206,15,37,0.136
207,15,37,0.086
208,15,37,0.131
209,15,37,0.127
210,15,37,0.098
211,15,38,0.116
212,15,38,0.149
213,15,38,0.13
214,15,38,0.132
215,15,38,0.114
216,15,38,0.117
217,15,38,0.138
218,15,38,0.151
219,15,38,0.158
220,15,38,0.187
221,15,39,0.214
222,15,39,0.131
223,15,39,0.172
224,15,39,0.138
225,15,39,0.125
226,15,39,0.132
227,15,39,0.096
228,15,39,0.385
229,15,39,0.118
230,15,39,0.104
231,15,40,0.126
232,15,40,0.107
233,15,40,0.137
234,15,40,0.113
235,15,40,0.123
236,15,40,0.115
237,15,40,0.105
238,15,40,0.143
239,15,40,0.154
240,15,40,0.135
241,15,41,0.129
242,15,41,0.136
243,15,41,0.114
244,15,41,0.122
245,15,41,0.128
246,15,41,0.134
247,15,41,0.119
248,15,41,0.28
249,15,41,0.098
250,15,41,0.279
251,15,42,0.155
252,15,42,0.137
253,15,42,0.143
254,15,42,0.118
255,15,42,0.118
256,15,42,0.565
257,15,42,0.158
258,15,42,0.115
259,15,42,0.242
260,15,42,0.141
261,15,43,0.114
262,15,43,0.206
263,15,43,0.142
264,15,43,0.361
265,15,43,0.135
266,15,43,0.207
267,15,43,0.121
268,15,43,0.312
269,15,43,4.001
270,15,43,0.166
271,15,44,0.145
272,15,44,0.106
273,15,44,0.224
274,15,44,0.149
275,15,44,0.225
276,15,44,0.14
277,15,44,0.127
278,15,44,0.197
279,15,44,0.148
280,15,44,0.558
281,15,45,0.166
282,15,45,0.171
283,15,45,0.158
284,15,45,0.132
285,15,45,0.096
286,15,45,0.14
287,15,45,0.123
288,15,45,1.853
289,15,45,0.14
290,15,45,0.152
291,15,46,0.122
292,15,46,0.14
293,15,46,0.165
294,15,46,0.177
295,15,46,0.177
296,15,46,0.339
297,15,46,0.175
298,15,46,0.11
299,15,46,13.707
300,15,46,0.763
301,15,47,0.111
302,15,47,0.119
303,15,47,0.214
304,15,47,0.15
305,15,47,9.091
306,15,47,0.145
307,15,47,0.464
308,15,47,0.237
309,15,47,0.148
310,15,47,0.239
311,15,48,0.302
312,15,48,0.259
313,15,48,0.136
314,15,48,0.153
315,15,48,0.287
316,15,48,0.151
317,15,48,0.126
318,15,48,0.505
319,15,48,2.383
320,15,48,0.634
321,15,49,0.135
322,15,49,0.117
323,15,49,10.663
324,15,49,1.931
325,15,49,0.227
326,15,49,0.213
327,15,49,0.173
328,15,49,0.17
329,15,49,0.185
330,15,49,0.114
331,15,50,0.14
332,15,50,0.153
333,15,50,0.166
334,15,50,0.155
335,15,50,0.268
336,15,50,0.134
337,15,50,0.135
338,15,50,0.19
339,15,50,0.142
340,15,50,1.316
0,5,5,0.022
1,5,5,0.011
2,5,5,0.01
3,5,5,0.01
4,5,5,0.009
5,5,5,0.009
6,5,5,0.01
7,5,5,0.009
8,5,5,0.008
9,5,5,0.009
10,5,6,0.012
11,5,6,0.011
12,5,6,0.011
13,5,6,0.011
14,5,6,0.011
15,5,6,0.011
16,5,6,0.011
17,5,6,0.012
18,5,6,0.011
19,5,6,0.013
20,5,7,0.016
21,5,7,0.012
22,5,7,0.011
23,5,7,0.013
24,5,7,0.013
25,5,7,0.013
26,5,7,0.013
27,5,7,0.014
28,5,7,0.014
29,5,7,0.013
30,5,8,0.014
31,5,8,0.014
32,5,8,0.015
33,5,8,0.014
34,5,8,0.014
35,5,8,0.014
36,5,8,0.016
37,5,8,0.014
38,5,8,0.015
39,5,8,0.014
40,5,9,0.016
41,5,9,0.015
42,5,9,0.015
43,5,9,0.019
44,5,9,0.015
45,5,9,0.016
46,5,9,0.016
47,5,9,0.016
48,5,9,0.016
49,5,9,0.015
50,5,10,0.017
51,5,10,0.014
52,5,10,0.017
53,5,10,0.018
54,5,10,0.023
55,5,10,0.019
56,5,10,0.017
57,5,10,0.016
58,5,10,0.018
59,5,10,0.018
60,5,11,0.019
61,5,11,0.02
62,5,11,0.018
63,5,11,0.018
64,5,11,0.016
65,5,11,0.018
66,5,11,0.019
67,5,11,0.023
68,5,11,0.024
69,5,11,0.019
70,5,12,0.018
71,5,12,0.021
72,5,12,0.02
73,5,12,0.019
74,5,12,0.022
75,5,12,0.021
76,5,12,0.02
77,5,12,0.02
78,5,12,0.02
79,5,12,0.019
80,5,13,0.027
81,5,13,0.021
82,5,13,0.022
83,5,13,0.019
84,5,13,0.019
85,5,13,0.026
86,5,13,0.021
87,5,13,0.019
88,5,13,0.021
89,5,13,0.029
90,5,14,0.024
91,5,14,0.032
92,5,14,0.029
93,5,14,0.021
94,5,14,0.028
95,5,14,0.141
96,5,14,0.026
97,5,14,0.035
98,5,14,0.033
99,5,14,0.022
100,5,15,0.02
101,5,15,0.024
102,5,15,0.027
103,5,15,0.031
104,5,15,0.025
105,5,15,0.026
106,5,15,0.029
107,5,15,0.033
108,5,15,0.022
109,5,15,0.023
110,5,16,0.031
111,5,16,0.027
112,5,16,0.028
113,5,16,0.03
114,5,16,0.029
115,5,16,0.03
116,5,16,0.032
117,5,16,0.028
118,5,16,0.031
119,5,16,0.023
120,5,17,0.04
121,5,17,0.028
122,5,17,0.027
123,5,17,0.033
124,5,17,0.026
125,5,17,0.031
126,5,17,0.028
127,5,17,0.036
128,5,17,0.05
129,5,17,0.032
130,5,18,0.026
131,5,18,0.026
132,5,18,0.038
133,5,18,0.032
134,5,18,0.027
135,5,18,0.035
136,5,18,0.036
137,5,18,0.036
138,5,18,0.025
139,5,18,0.023
140,5,19,0.027
141,5,19,0.023
142,5,19,0.045
143,5,19,0.034
144,5,19,0.031
145,5,19,0.03
146,5,19,0.03
147,5,19,0.027
148,5,19,0.029
149,5,19,0.051
150,5,20,0.04
151,5,20,0.033
152,5,20,0.04
153,5,20,0.039
154,5,20,0.038
155,5,20,0.04
156,5,20,0.03
157,5,20,0.041
158,5,20,0.036
159,5,20,0.036
160,5,21,0.036
161,5,21,0.032
162,5,21,0.04
163,5,21,0.028
164,5,21,0.038
165,5,21,0.033
166,5,21,0.038
167,5,21,0.034
168,5,21,0.033
169,5,21,0.044
170,5,22,0.031
171,5,22,0.051
172,5,22,0.033
173,5,22,0.045
174,5,22,0.053
175,5,22,0.031
176,5,22,0.028
177,5,22,0.035
178,5,22,0.042
179,5,22,0.051
180,5,23,0.033
181,5,23,0.056
182,5,23,0.045
183,5,23,0.041
184,5,23,0.048
185,5,23,0.035
186,5,23,0.058
187,5,23,0.041
188,5,23,0.039
189,5,23,0.062
190,5,24,0.057
191,5,24,0.049
192,5,24,0.062
193,5,24,0.037
194,5,24,0.05
195,5,24,0.039
196,5,24,0.039
197,5,24,0.047
198,5,24,0.038
199,5,24,0.047
200,5,25,0.061
201,5,25,0.05
202,5,25,0.056
203,5,25,0.043
204,5,25,0.037
205,5,25,0.044
206,5,25,0.032
207,5,25,0.072
208,5,25,0.052
209,5,25,0.049
210,5,26,0.038
211,5,26,0.057
212,5,26,0.041
213,5,26,0.025
214,5,26,0.061
215,5,26,0.049
216,5,26,0.05
217,5,26,0.036
218,5,26,0.038
219,5,26,0.042
220,5,27,0.051
221,5,27,0.056
222,5,27,0.047
223,5,27,0.047
224,5,27,0.061
225,5,27,0.053
226,5,27,0.047
227,5,27,0.044
228,5,27,0.066
229,5,27,0.053
230,5,28,0.064
231,5,28,0.05
232,5,28,0.044
233,5,28,0.054
234,5,28,0.061
235,5,28,0.091
236,5,28,0.079
237,5,28,0.045
238,5,28,0.038
239,5,28,0.074
240,5,29,0.03
241,5,29,0.117
242,5,29,0.061
243,5,29,0.028
244,5,29,0.086
245,5,29,0.054
246,5,29,0.042
247,5,29,0.092
248,5,29,0.234
249,5,29,0.052
250,5,30,0.051
251,5,30,0.05
252,5,30,0.056
253,5,30,0.045
254,5,30,0.054
255,5,30,0.051
256,5,30,0.08
257,5,30,0.119
258,5,30,0.642
259,5,30,0.056
260,5,31,0.034
261,5,31,0.038
262,5,31,0.06
263,5,31,0.065
264,5,31,0.047
265,5,31,0.058
266,5,31,0.051
267,5,31,0.045
268,5,31,0.052
269,5,31,0.045
270,5,32,0.05
271,5,32,0.058
272,5,32,0.053
273,5,32,0.06
274,5,32,0.062
275,5,32,0.043
276,5,32,0.2
277,5,32,0.045
278,5,32,0.066
279,5,32,0.061
280,5,33,0.107
281,5,33,0.304
282,5,33,0.044
283,5,33,0.061
284,5,33,0.088
285,5,33,0.048
286,5,33,0.059
287,5,33,0.088
288,5,33,0.052
289,5,33,0.061
290,5,34,0.062
291,5,34,0.071
292,5,34,0.089
293,5,34,0.077
294,5,34,0.062
295,5,34,0.048
296,5,34,0.053
297,5,34,0.074
298,5,34,0.12
299,5,34,0.073
300,5,35,0.069
301,5,35,0.043
302,5,35,0.056
303,5,35,0.058
304,5,35,0.056
305,5,35,0.131
306,5,35,0.057
307,5,35,0.054
308,5,35,0.071
309,5,35,0.197
310,5,36,0.036
311,5,36,0.093
312,5,36,0.066
313,5,36,0.057
314,5,36,0.2
315,5,36,0.064
316,5,36,0.073
317,5,36,0.058
318,5,36,0.068
319,5,36,0.069
320,5,37,0.17
321,5,37,0.084
322,5,37,0.242
323,5,37,0.067
324,5,37,0.136
325,5,37,0.102
326,5,37,0.059
327,5,37,0.095
328,5,37,0.08
329,5,37,0.066
330,5,38,0.213
331,5,38,0.06
332,5,38,0.053
333,5,38,0.058
334,5,38,0.094
335,5,38,0.071
336,5,38,0.051
337,5,38,0.111
338,5,38,0.057
339,5,38,0.443
340,5,39,0.08
341,5,39,0.081
342,5,39,0.077
343,5,39,0.149
344,5,39,0.099
345,5,39,0.073
346,5,39,0.077
347,5,39,0.068
348,5,39,0.442
349,5,39,0.074
350,5,40,0.068
351,5,40,0.821
352,5,40,0.823
353,5,40,0.058
354,5,40,0.072
355,5,40,1.539
356,5,40,0.395
357,5,40,0.079
358,5,40,0.791
359,5,40,0.081
360,5,41,0.069
361,5,41,0.098
362,5,41,0.531
363,5,41,0.099
364,5,41,0.082
365,5,41,0.061
366,5,41,0.053
367,5,41,0.069
368,5,41,0.078
369,5,41,0.155
370,5,42,0.287
371,5,42,0.083
372,5,42,0.071
373,5,42,0.171
374,5,42,0.149
375,5,42,0.074
376,5,42,0.07
377,5,42,0.065
378,5,42,0.102
379,5,42,0.295
380,5,43,0.144
381,5,43,0.061
382,5,43,0.055
383,5,43,1.386
384,5,43,0.259
385,5,43,0.151
386,5,43,0.066
387,5,43,1.003
388,5,43,0.215
389,5,43,0.062
390,5,44,0.075
391,5,44,0.061
392,5,44,0.103
393,5,44,0.076
394,5,44,0.069
395,5,44,0.051
396,5,44,0.274
397,5,44,0.238
398,5,44,0.062
399,5,44,0.101
400,5,45,0.076
401,5,45,0.093
402,5,45,0.431
403,5,45,0.729
404,5,45,0.075
405,5,45,0.073
406,5,45,0.114
407,5,45,0.069
408,5,45,0.109
409,5,45,10.344
410,5,46,0.161
411,5,46,0.094
412,5,46,0.101
413,5,46,0.055
414,5,46,0.239
415,5,46,0.094
416,5,46,0.152
417,5,46,0.234
418,5,46,0.085
419,5,46,0.147
420,5,47,0.79
421,5,47,0.066
422,5,47,0.14
423,5,47,0.144
424,5,47,3.541
425,5,47,0.091
426,5,47,0.076
427,5,47,0.274
428,5,47,0.156
429,5,47,0.072
430,5,48,0.061
431,5,48,0.108
432,5,48,0.507
433,5,48,0.086
434,5,48,1.562
435,5,48,0.102
436,5,48,0.061
437,5,48,0.073
438,5,48,0.118
439,5,48,0.091
440,5,49,0.175
441,5,49,0.244
442,5,49,0.372
443,5,49,0.078
444,5,49,0.139
445,5,49,1.529
446,5,49,0.057
447,5,49,0.184
448,5,49,3.414
449,5,49,0.092
450,5,50,0.192
451,5,50,0.257
452,5,50,0.074
453,5,50,0.106
454,5,50,0.113
455,5,50,0.071
456,5,50,0.057
457,5,50,0.113
458,5,50,3.722
459,5,50,0.349
0,10,51,0.122
1,10,51,0.15
2,10,51,0.252
3,10,51,0.114
4,10,51,29.946
5,10,51,0.146
6,10,51,0.122
7,10,51,0.124
8,10,51,0.11
9,10,51,0.136
10,10,52,11.397
11,10,52,0.224
12,10,52,0.117
13,10,52,0.187
14,10,52,0.225
15,10,52,0.79
16,10,52,0.37
17,10,52,1.142
18,10,52,0.11
19,10,52,0.16
20,10,53,0.101
21,10,53,0.153
22,10,53,0.124
23,10,53,0.119
24,10,53,0.133
25,10,53,0.124
26,10,53,0.125
27,10,53,0.108
28,10,53,0.116
29,10,53,0.252
30,10,54,0.124
31,10,54,0.239
32,10,54,0.388
33,10,54,0.144
34,10,54,0.098
35,10,54,0.148
36,10,54,0.126
37,10,54,0.255
38,10,54,0.155
39,10,54,0.718
40,10,55,0.41
41,10,55,0.137
42,10,55,0.313
43,10,55,0.295
44,10,55,0.102
45,10,55,0.221
46,10,55,0.119
47,10,55,4.339
48,10,55,0.775
49,10,55,0.214
50,10,56,0.111
51,10,56,0.087
52,10,56,0.157
53,10,56,0.161
54,10,56,0.333
55,10,56,0.083
56,10,56,0.201
57,10,56,0.506
58,10,56,0.203
59,10,56,0.115
60,10,57,0.156
61,10,57,0.137
62,10,57,0.283
63,10,57,0.156
64,10,57,0.145
65,10,57,0.659
66,10,57,3.153
67,10,57,0.123
68,10,57,0.297
69,10,57,7.896
70,10,58,0.517
71,10,58,0.068
72,10,58,0.162
73,10,58,0.146
74,10,58,0.19
75,10,58,0.724
76,10,58,0.298
77,10,58,0.397
78,10,58,0.426
79,10,58,0.213
80,10,59,0.966
81,10,59,0.985
82,10,59,0.126
83,10,59,0.167
84,10,59,0.305
85,10,59,0.191
86,10,59,0.162
87,10,59,0.112
88,10,59,0.7
89,10,59,0.136
90,10,60,0.569
91,10,60,0.143
92,10,60,0.091
93,10,60,0.125
94,10,60,0.336
95,10,60,0.132
96,10,60,0.885
97,10,60,0.407
98,10,60,0.187
99,10,60,0.377
0,1,51,0.078
1,1,51,0.075
2,1,51,0.061
3,1,51,0.03
4,1,51,0.297
5,1,51,0.044
6,1,51,0.059
7,1,51,0.056
8,1,51,0.114
9,1,51,0.073
10,1,52,0.071
11,1,52,0.072
12,1,52,0.138
13,1,52,0.06
14,1,52,0.066
15,1,52,0.053
16,1,52,0.067
17,1,52,0.052
18,1,52,0.067
19,1,52,0.062
20,1,53,0.073
21,1,53,0.042
22,1,53,0.129
23,1,53,0.084
24,1,53,0.052
25,1,53,0.042
26,1,53,0.076
27,1,53,0.126
28,1,53,1.109
29,1,53,0.038
30,1,54,0.083
31,1,54,0.046
32,1,54,0.07
33,1,54,0.641
34,1,54,0.244
35,1,54,0.068
36,1,54,0.045
37,1,54,0.125
38,1,54,0.102
39,1,54,0.049
40,1,55,0.056
41,1,55,0.065
42,1,55,0.088
43,1,55,0.088
44,1,55,0.08
45,1,55,0.135
46,1,55,0.136
47,1,55,0.087
48,1,55,0.093
49,1,55,0.075
50,1,56,0.077
51,1,56,0.052
52,1,56,0.029
53,1,56,0.074
54,1,56,0.063
55,1,56,0.099
56,1,56,0.072
57,1,56,0.091
58,1,56,0.304
59,1,56,0.065
60,1,57,0.052
61,1,57,0.091
62,1,57,0.067
63,1,57,0.456
64,1,57,0.138
65,1,57,0.056
66,1,57,0.078
67,1,57,0.081
68,1,57,0.143
69,1,57,0.326
70,1,58,0.09
71,1,58,0.058
72,1,58,0.075
73,1,58,0.213
74,1,58,0.067
75,1,58,0.058
76,1,58,0.246
77,1,58,0.049
78,1,58,0.137
79,1,58,0.068
80,1,59,0.083
81,1,59,0.06
82,1,59,0.08
83,1,59,0.087
84,1,59,0.168
85,1,59,0.077
86,1,59,0.088
87,1,59,0.051
88,1,59,0.069
89,1,59,0.332
90,1,60,0.05
91,1,60,0.085
92,1,60,0.576
93,1,60,0.312
94,1,60,0.061
95,1,60,0.067
96,1,60,0.083
97,1,60,0.066
98,1,60,0.067
99,1,60,0.069
0,15,51,0.178
1,15,51,0.398
2,15,51,0.984
3,15,51,0.16
4,15,51,0.165
5,15,51,0.16
6,15,51,0.218
7,15,51,0.151
8,15,51,0.813
9,15,51,0.891
10,15,52,0.665
11,15,52,0.148
12,15,52,4.105
13,15,52,0.193
14,15,52,0.383
15,15,52,0.196
16,15,52,0.243
17,15,52,0.168
18,15,52,0.356
19,15,52,0.142
20,15,53,0.324
21,15,53,0.193
22,15,53,0.186
23,15,53,0.366
24,15,53,6.872
25,15,53,0.198
26,15,53,0.725
27,15,53,0.174
28,15,53,0.16
29,15,53,0.196
30,15,54,0.174
31,15,54,0.222
32,15,54,0.422
33,15,54,0.187
34,15,54,0.212
35,15,54,0.353
36,15,54,1.965
37,15,54,0.154
38,15,54,0.147
39,15,54,0.237
40,15,55,0.235
41,15,55,0.152
42,15,55,0.804
43,15,55,0.181
44,15,55,2.183
45,15,55,0.193
46,15,55,0.171
47,15,55,1.09
48,15,55,2.75
49,15,55,0.175
50,15,56,0.158
51,15,56,0.158
52,15,56,0.152
53,15,56,0.237
54,15,56,0.12
55,15,56,0.155
56,15,56,0.175
57,15,56,5.99
58,15,56,0.211
59,15,56,0.211
60,15,57,0.151
61,15,57,0.219
62,15,57,0.275
63,15,57,0.152
64,15,57,0.228
65,15,57,0.177
66,15,57,0.174
67,15,57,0.189
68,15,57,0.193
69,15,57,0.431
70,15,58,0.518
71,15,58,0.573
72,15,58,0.185
73,15,58,0.167
74,15,58,0.266
75,15,58,0.15
76,15,58,0.224
77,15,58,0.142
78,15,58,0.176
79,15,58,0.188
80,15,59,0.19
81,15,59,20.777
82,15,59,0.208
83,15,59,0.284
84,15,59,0.164
85,15,59,0.199
86,15,59,0.185
87,15,59,0.157
88,15,59,0.181
89,15,59,0.303
90,15,60,0.188
91,15,60,0.231
92,15,60,0.274
93,15,60,4.941
94,15,60,0.151
95,15,60,0.287
96,15,60,0.163
97,15,60,0.194
98,15,60,0.174
99,15,60,1.619
0,5,51,0.08
1,5,51,0.097
2,5,51,0.437
3,5,51,0.489
4,5,51,0.119
5,5,51,0.207
6,5,51,1.487
7,5,51,0.128
8,5,51,0.123
9,5,51,0.096
10,5,52,0.288
11,5,52,0.11
12,5,52,0.187
13,5,52,0.182
14,5,52,0.18
15,5,52,0.059
16,5,52,0.095
17,5,52,0.219
18,5,52,0.257
19,5,52,0.171
20,5,53,2.815
21,5,53,0.239
22,5,53,0.106
23,5,53,15.316
24,5,53,0.119
25,5,53,0.097
26,5,53,0.24
27,5,53,0.376
28,5,53,0.141
29,5,53,2.886
30,5,54,0.123
31,5,54,0.093
32,5,54,0.301
33,5,54,0.147
34,5,54,0.115
35,5,54,0.088
36,5,54,4.794
37,5,54,0.088
38,5,54,0.274
39,5,54,0.074
40,5,55,0.225
41,5,55,2.186
42,5,55,0.587
43,5,55,0.086
44,5,55,0.146
45,5,55,0.177
46,5,55,0.086
47,5,55,0.234
48,5,55,0.66
49,5,55,1.096
50,5,56,0.088
51,5,56,0.108
52,5,56,0.327
53,5,56,0.147
54,5,56,0.063
55,5,56,0.394
56,5,56,0.234
57,5,56,0.112
58,5,56,0.074
59,5,56,0.072
60,5,57,0.095
61,5,57,0.105
62,5,57,0.21
63,5,57,0.129
64,5,57,0.11
65,5,57,0.868
66,5,57,8.149
67,5,57,0.082
68,5,57,0.113
69,5,57,0.12
70,5,58,10.587
71,5,58,0.42
72,5,58,0.157
73,5,58,0.148
74,5,58,0.172
75,5,58,0.1
76,5,58,2.816
77,5,58,0.114
78,5,58,0.06
79,5,58,0.502
80,5,59,0.146
81,5,59,0.29
82,5,59,0.111
83,5,59,0.165
84,5,59,0.238
85,5,59,0.453
86,5,59,0.081
87,5,59,8.413
88,5,59,0.201
89,5,59,0.087
90,5,60,0.118
91,5,60,0.101
92,5,60,0.106
93,5,60,0.077
94,5,60,0.104
95,5,60,0.055
96,5,60,0.162
97,5,60,0.359
98,5,60,0.126
99,5,60,0.207
0,10,61,1.599
1,10,61,1.487
2,10,61,0.152
3,10,61,0.107
4,10,61,0.139
5,10,61,1.895
6,10,61,0.211
7,10,61,0.247
8,10,61,0.674
9,10,61,0.177
10,10,62,0.132
11,10,62,0.576
12,10,62,0.143
13,10,62,24.049
14,10,62,0.366
15,10,62,0.114
16,10,62,0.17
17,10,62,0.719
18,10,62,0.184
19,10,62,0.157
20,10,63,0.119
21,10,63,7.845
22,10,63,1.198
23,10,63,0.123
24,10,63,0.303
25,10,63,0.138
26,10,63,0.631
27,10,63,1.471
28,10,63,0.186
29,10,63,0.136
30,10,64,1.333
31,10,64,6.514
32,10,64,30.454
33,10,64,0.155
34,10,64,0.352
35,10,64,0.391
36,10,64,0.504
37,10,64,1.395
38,10,64,17.088
39,10,64,0.116
40,10,65,3.016
41,10,65,2.649
42,10,65,0.369
43,10,65,0.227
44,10,65,0.226
45,10,65,0.147
46,10,65,0.23
47,10,65,0.185
48,10,65,3.136
49,10,65,0.134
50,10,66,0.194
51,10,66,1.404
52,10,66,21.339
53,10,66,3.132
54,10,66,0.581
55,10,66,0.856
56,10,66,0.265
57,10,66,0.165
58,10,66,1.005
59,10,66,0.319
60,10,67,0.265
61,10,67,0.964
62,10,67,0.321
63,10,67,0.602
64,10,67,0.158
65,10,67,0.333
66,10,67,0.373
67,10,67,0.844
68,10,67,0.259
69,10,67,0.2
70,10,68,0.986
71,10,68,0.253
72,10,68,0.183
73,10,68,0.412
74,10,68,0.123
75,10,68,1.28
76,10,68,8.93
77,10,68,4.637
78,10,68,2.541
79,10,68,2.737
80,10,69,0.254
81,10,69,0.459
82,10,69,0.145
83,10,69,0.364
84,10,69,0.165
85,10,69,0.254
86,10,69,0.239
87,10,69,0.263
88,10,69,0.578
89,10,69,0.153
90,10,70,0.157
91,10,70,0.239
92,10,70,0.236
93,10,70,0.189
94,10,70,0.27
95,10,70,0.307
96,10,70,55.91
97,10,70,0.836
98,10,70,0.501
99,10,70,0.131
0,15,61,0.211
1,15,61,0.219
2,15,61,0.573
3,15,61,0.225
4,15,61,0.206
5,15,61,0.215
6,15,61,0.157
7,15,61,0.197
8,15,61,0.15
9,15,61,0.285
10,15,62,0.292
11,15,62,0.282
12,15,62,0.228
13,15,62,0.419
14,15,62,0.166
15,15,62,0.223
16,15,62,1.085
17,15,62,18.463
18,15,62,0.179
19,15,62,0.18
20,15,63,0.269
21,15,63,0.119
22,15,63,0.554
23,15,63,13.397
24,15,63,0.186
25,15,63,0.157
26,15,63,0.191
27,15,63,0.282
28,15,63,0.39
29,15,63,0.38
30,15,64,0.288
31,15,64,0.131
32,15,64,0.274
33,15,64,0.224
34,15,64,0.151
35,15,64,0.162
36,15,64,0.2
37,15,64,0.336
38,15,64,0.192
39,15,64,0.211
40,15,65,0.695
41,15,65,1.424
42,15,65,0.213
43,15,65,0.223
44,15,65,2.054
45,15,65,0.422
46,15,65,0.269
47,15,65,0.136
48,15,65,0.341
49,15,65,0.254
50,15,66,0.68
51,15,66,0.202
52,15,66,0.403
53,15,66,0.162
54,15,66,0.194
55,15,66,2.358
56,15,66,0.258
57,15,66,0.418
58,15,66,0.996
59,15,66,0.301
60,15,67,0.23
61,15,67,3.88
62,15,67,0.86
63,15,67,0.467
64,15,67,0.413
65,15,67,0.189
66,15,67,0.146
67,15,67,0.189
68,15,67,0.219
69,15,67,0.17
70,15,68,0.192
71,15,68,1.175
72,15,68,0.198
73,15,68,0.182
74,15,68,0.219
75,15,68,0.223
76,15,68,0.225
77,15,68,0.236
78,15,68,1.06
79,15,68,0.248
80,15,69,0.266
81,15,69,1.091
82,15,69,0.413
83,15,69,0.194
84,15,69,1.339
85,15,69,0.236
86,15,69,0.194
87,15,69,0.44
88,15,69,0.309
89,15,69,0.205
90,15,70,0.797
91,15,70,0.189
92,15,70,0.63
93,15,70,3.546
94,15,70,0.222
95,15,70,0.373
96,15,70,0.138
97,15,70,5.542
98,15,70,0.248
99,15,70,0.584
0,1,61,0.1
1,1,61,0.066
2,1,61,0.092
3,1,61,0.039
4,1,61,0.088
5,1,61,0.07
6,1,61,0.038
7,1,61,0.085
8,1,61,0.052
9,1,61,0.155
10,1,62,0.058
11,1,62,0.041
12,1,62,0.352
13,1,62,0.057
14,1,62,0.136
15,1,62,0.068
16,1,62,0.079
17,1,62,0.081
18,1,62,0.121
19,1,62,0.035
20,1,63,0.068
21,1,63,0.067
22,1,63,0.064
23,1,63,0.854
24,1,63,0.032
25,1,63,0.54
26,1,63,0.126
27,1,63,0.125
28,1,63,0.401
29,1,63,0.142
30,1,64,0.113
31,1,64,0.069
32,1,64,0.092
33,1,64,0.074
34,1,64,0.057
35,1,64,0.196
36,1,64,0.079
37,1,64,0.078
38,1,64,0.068
39,1,64,0.191
40,1,65,0.086
41,1,65,0.075
42,1,65,0.092
43,1,65,0.069
44,1,65,0.112
45,1,65,0.105
46,1,65,0.04
47,1,65,0.085
48,1,65,0.057
49,1,65,0.113
50,1,66,0.111
51,1,66,0.058
52,1,66,0.091
53,1,66,0.616
54,1,66,0.135
55,1,66,0.062
56,1,66,0.088
57,1,66,0.114
58,1,66,0.11
59,1,66,0.04
60,1,67,0.067
61,1,67,0.261
62,1,67,0.19
63,1,67,0.195
64,1,67,0.04
65,1,67,0.046
66,1,67,0.208
67,1,67,0.125
68,1,67,0.076
69,1,67,0.075
70,1,68,0.19
71,1,68,0.566
72,1,68,0.581
73,1,68,0.166
74,1,68,0.062
75,1,68,0.094
76,1,68,0.117
77,1,68,0.209
78,1,68,0.085
79,1,68,0.092
80,1,69,0.094
81,1,69,0.284
82,1,69,0.058
83,1,69,0.091
84,1,69,0.226
85,1,69,0.72
86,1,69,0.064
87,1,69,0.092
88,1,69,0.075
89,1,69,0.1
90,1,70,0.444
91,1,70,0.1
92,1,70,0.093
93,1,70,0.139
94,1,70,0.109
95,1,70,0.15
96,1,70,0.125
97,1,70,0.18
98,1,70,0.269
99,1,70,0.133
0,5,61,0.12
1,5,61,0.189
2,5,61,0.053
3,5,61,0.27
4,5,61,2.888
5,5,61,0.792
6,5,61,0.802
7,5,61,0.496
8,5,61,0.142
9,5,61,0.095
10,5,62,0.231
11,5,62,0.61
12,5,62,0.099
13,5,62,0.075
14,5,62,0.123
15,5,62,3.643
16,5,62,0.088
17,5,62,0.199
18,5,62,0.261
19,5,62,0.251
20,5,63,0.079
21,5,63,0.119
22,5,63,0.911
23,5,63,0.407
24,5,63,0.133
25,5,63,0.633
26,5,63,1.229
27,5,63,0.069
28,5,63,0.093
29,5,63,0.292
30,5,64,0.134
31,5,64,0.407
32,5,64,0.214
33,5,64,0.244
34,5,64,0.238
35,5,64,0.116
36,5,64,0.482
37,5,64,1.927
38,5,64,0.162
39,5,64,0.407
40,5,65,0.222
41,5,65,0.13
42,5,65,123.147
43,5,65,3.124
44,5,65,0.347
45,5,65,0.126
46,5,65,0.619
47,5,65,7.337
48,5,65,0.128
49,5,65,0.192
50,5,66,4.4
51,5,66,0.375
52,5,66,54.328
53,5,66,0.167
54,5,66,0.859
55,5,66,0.136
56,5,66,2.567
57,5,66,0.138
58,5,66,0.164
59,5,66,0.542
60,5,67,0.169
61,5,67,0.225
62,5,67,0.144
63,5,67,0.068
64,5,67,0.142
65,5,67,0.18
66,5,67,0.149
67,5,67,0.236
68,5,67,0.072
69,5,67,0.079
70,5,68,0.325
71,5,68,0.099
72,5,68,0.059
0,10,71,0.159
1,10,71,0.309
2,10,71,0.331
3,10,71,0.319
4,10,71,0.181
5,10,71,0.433
6,10,71,145.013
7,10,71,0.231
8,10,71,0.161
9,10,71,0.157
10,10,72,0.213
11,10,72,0.191
0,15,71,0.414
1,15,71,2.394
2,15,71,0.174
3,15,71,0.736
4,15,71,0.338
5,15,71,0.509
6,15,71,0.391
7,15,71,0.774
8,15,71,0.308
9,15,71,76.531
10,15,72,0.327
11,15,72,0.36
12,15,72,1.253
13,15,72,1.439
14,15,72,0.234
15,15,72,0.235
16,15,72,0.216
17,15,72,0.445
18,15,72,0.244
19,15,72,0.851
20,15,73,0.214
21,15,73,0.284
22,15,73,0.66
23,15,73,0.212
24,15,73,1.493
25,15,73,1.757
26,15,73,0.212
27,15,73,0.256
28,15,73,4.378
29,15,73,0.833
30,15,74,0.383
31,15,74,0.327
32,15,74,0.239
33,15,74,0.404
34,15,74,0.299
35,15,74,1.148
36,15,74,0.348
37,15,74,4.219
38,15,74,0.221
39,15,74,4.4
40,15,75,0.343
41,15,75,0.153
42,15,75,0.229
43,15,75,0.45
44,15,75,0.666
45,15,75,0.345
46,15,75,0.198
47,15,75,0.421
48,15,75,26.287
49,15,75,0.646
0,1,71,0.081
1,1,71,0.102
2,1,71,0.086
3,1,71,0.55
4,1,71,0.277
5,1,71,0.203
6,1,71,0.069
7,1,71,0.14
8,1,71,0.07
9,1,71,0.165
10,1,72,0.35
11,1,72,0.411
12,1,72,0.127
13,1,72,0.151
14,1,72,0.079
15,1,72,0.057
16,1,72,0.275
17,1,72,0.207
18,1,72,0.071
19,1,72,0.963
20,1,73,0.088
21,1,73,0.08
22,1,73,0.077
23,1,73,0.364
24,1,73,0.05
25,1,73,0.062
26,1,73,0.726
27,1,73,0.038
28,1,73,0.224
29,1,73,0.068
30,1,74,0.197
31,1,74,0.097
32,1,74,0.058
33,1,74,2.158
34,1,74,0.082
35,1,74,0.219
36,1,74,0.698
37,1,74,0.081
38,1,74,0.121
39,1,74,0.074
40,1,75,0.077
41,1,75,0.056
42,1,75,0.166
43,1,75,0.066
44,1,75,0.24
45,1,75,0.06
46,1,75,2.954
47,1,75,0.095
48,1,75,0.068
49,1,75,0.356
0,5,71,0.26
1,5,71,0.564
2,5,71,11.664
3,5,71,0.174
4,5,71,15.218
5,5,71,0.77
6,5,71,0.205
7,5,71,1.85
8,5,71,0.514
9,5,71,0.356
10,5,72,0.102
11,5,72,0.177
12,5,72,1.266
13,5,72,0.196
14,5,72,0.096
15,5,72,0.096
16,5,72,0.472
17,5,72,0.104
18,5,72,0.133
19,5,72,4.465
20,5,73,0.234
21,5,73,0.177
22,5,73,0.08
23,5,73,0.71
24,5,73,2.011
25,5,73,0.222
26,5,73,0.161
27,5,73,0.124
28,5,73,1.363
29,5,73,5.629
30,5,74,0.24
31,5,74,0.074
32,5,74,0.131
33,5,74,0.24
34,5,74,0.968
35,5,74,0.13
36,5,74,0.131
37,5,74,0.311
38,5,74,0.105
39,5,74,0.142
40,5,75,0.09
41,5,75,0.346
42,5,75,2.701
43,5,75,0.059
44,5,75,0.747
45,5,75,1.36
46,5,75,0.08
47,5,75,0.152
48,5,75,2.672
49,5,75,157.074
0,10,76,0.526
1,10,76,0.373
2,10,76,2.623
3,10,76,0.103
4,10,76,0.162
5,10,76,0.309
6,10,76,34.031
7,10,76,0.446
8,10,76,0.693
9,10,76,0.154
10,10,77,4.558
11,10,77,0.157
12,10,77,0.814
13,10,77,15.86
14,10,77,0.367
15,10,77,0.345
16,10,77,0.559
17,10,77,0.25
18,10,77,0.22
19,10,77,0.167
20,10,78,2.621
21,10,78,0.346
22,10,78,0.159
23,10,78,0.193
24,10,78,1.182
25,10,78,0.241
26,10,78,0.182
27,10,78,0.152
28,10,78,0.181
29,10,78,0.215
0,15,76,0.343
1,15,76,0.249
2,15,76,0.195
3,15,76,0.813
4,15,76,0.427
5,15,76,0.364
6,15,76,0.362
7,15,76,0.323
8,15,76,0.322
9,15,76,0.236
10,15,77,0.394
11,15,77,0.231
0,1,76,0.06
1,1,76,0.103
2,1,76,0.072
3,1,76,0.131
4,1,76,0.081
5,1,76,0.287
6,1,76,0.101
7,1,76,0.203
8,1,76,0.101
9,1,76,0.355
10,1,77,0.975
11,1,77,0.039
12,1,77,0.129
13,1,77,0.159
14,1,77,0.076
15,1,77,0.472
16,1,77,0.075
17,1,77,0.1
18,1,77,0.202
19,1,77,0.161
20,1,78,0.073
21,1,78,0.986
22,1,78,0.415
23,1,78,0.126
24,1,78,0.064
25,1,78,0.095
26,1,78,0.068
27,1,78,0.128
28,1,78,0.087
29,1,78,0.066
0,10,79,4.326
1,10,79,7.592
2,10,79,0.203
3,10,79,0.347
4,10,79,0.5
5,10,79,28.674
6,10,79,0.2
7,10,79,0.426
8,10,79,0.201
9,10,79,0.092
10,10,80,0.255
11,10,80,0.318
12,10,80,0.173
13,10,80,0.398
14,10,80,0.229
15,10,80,0.181
16,10,80,0.336
17,10,80,0.194
18,10,80,2.489
19,10,80,2.444
0,15,79,115.605
1,15,79,0.234
2,15,79,5.944
3,15,79,1.082
4,15,79,3.062
5,15,79,1.887
6,15,79,0.297
7,15,79,1.806
8,15,79,0.363
9,15,79,0.542
10,15,80,0.266
11,15,80,0.217
12,15,80,2.682
13,15,80,1.152
14,15,80,0.912
15,15,80,4.163
16,15,80,1.132
17,15,80,0.311
18,15,80,0.948
19,15,80,0.316
0,1,79,0.107
1,1,79,0.117
2,1,79,0.097
3,1,79,0.134
4,1,79,0.201
5,1,79,0.252
6,1,79,0.14
7,1,79,0.637
8,1,79,0.075
9,1,79,0.178
10,1,80,0.107
11,1,80,0.338
12,1,80,0.362
13,1,80,0.351
14,1,80,0.074
15,1,80,0.076
16,1,80,0.3
17,1,80,0.076
18,1,80,0.053
19,1,80,0.068
0,15,81,0.272
1,15,81,0.227
2,15,81,33.851
3,15,81,1.559
4,15,81,0.221
5,15,81,149.002
6,15,81,0.614
7,15,81,0.512
8,15,81,0.258
9,15,81,15.936
10,15,82,1.527
11,15,82,0.5
12,15,82,2.454
13,15,82,0.721
14,15,82,1.116
15,15,82,1.549
16,15,82,43.19
17,15,82,6.281
18,15,82,7.972
19,15,82,3.538
0,1,81,0.34
1,1,81,0.805
2,1,81,0.109
3,1,81,0.321
4,1,81,0.111
5,1,81,0.086
6,1,81,0.131
7,1,81,0.448
8,1,81,0.115
9,1,81,0.205
10,1,82,0.08
11,1,82,0.413
12,1,82,0.066
13,1,82,0.439
14,1,82,0.094
15,1,82,0.887
16,1,82,0.092
17,1,82,0.042
18,1,82,0.108
19,1,82,0.043
0,5,81,0.287
1,5,81,0.121
2,5,81,0.979
3,5,81,0.997
4,5,81,0.126
5,5,81,0.626
6,5,81,0.149
7,5,81,1.502
8,5,81,0.148
9,5,81,8.986
10,5,82,63.198
11,5,82,0.111
12,5,82,0.145
13,5,82,0.249
14,5,82,0.135
15,5,82,0.105
16,5,82,1.686
17,5,82,0.567
18,5,82,0.123
19,5,82,0.434
0,10,83,0.909
1,10,83,0.209
2,10,83,0.143
3,10,83,0.529
4,10,83,0.207
5,10,83,0.284
6,10,83,11.53
7,10,83,0.23
8,10,83,0.236
9,10,83,2.107
10,10,84,0.4
11,10,84,0.129
0,1,83,0.341
1,1,83,0.45
2,1,83,0.106
3,1,83,0.108
4,1,83,0.642
5,1,83,0.123
6,1,83,0.212
7,1,83,0.065
8,1,83,0.486
9,1,83,0.098
10,1,84,0.085
11,1,84,0.433
12,1,84,0.117
13,1,84,0.099
14,1,84,0.15
15,1,84,1.017
16,1,84,0.067
17,1,84,0.063
18,1,84,0.04
19,1,84,0.081
0,5,83,217.958
1,5,83,0.226
2,5,83,0.623
3,5,83,0.181
4,5,83,0.575
5,5,83,2.475
6,5,83,0.137
7,5,83,0.636
8,5,83,0.102
9,5,83,0.145
10,5,84,0.245
11,5,84,0.112
12,5,84,0.519
13,5,84,0.343
14,5,84,0.178
15,5,84,0.156
16,5,84,0.17
17,5,84,0.299
18,5,84,0.331
19,5,84,0.541
0,10,85,2.251
1,10,85,0.267
2,10,85,100.38
3,10,85,0.954
4,10,85,0.536
5,10,85,0.967
6,10,85,15.959
7,10,85,0.202
8,10,85,0.903
9,10,85,1.102
10,10,86,1.269
11,10,86,0.529
12,10,86,0.373
13,10,86,0.275
14,10,86,97.769
15,10,86,0.517
16,10,86,0.304
17,10,86,0.831
18,10,86,0.197
19,10,86,0.209
0,15,85,0.411
1,15,85,0.229
2,15,85,0.437
3,15,85,0.222
4,15,85,0.643
5,15,85,0.193
6,15,85,2.272
7,15,85,0.323
8,15,85,0.963
9,15,85,0.432
10,15,86,0.239
11,15,86,0.366
0,1,85,0.186
1,1,85,0.065
2,1,85,0.097
3,1,85,0.109
4,1,85,0.104
5,1,85,0.787
6,1,85,0.121
7,1,85,0.122
8,1,85,0.409
9,1,85,0.371
10,1,86,0.225
11,1,86,0.149
12,1,86,0.076
13,1,86,0.124
14,1,86,0.111
15,1,86,0.093
16,1,86,0.307
17,1,86,0.071
18,1,86,0.942
19,1,86,0.073
0,5,85,0.212
1,5,85,0.151
2,5,85,0.103
3,5,85,0.54
4,5,85,1.881
5,5,85,1.913
6,5,85,0.113
7,5,85,0.17
8,5,85,0.966
9,5,85,5.783
10,5,86,0.585
11,5,86,0.217
12,5,86,0.297
13,5,86,0.228
14,5,86,0.24
15,5,86,0.148
16,5,86,0.124
17,5,86,297.925
18,5,86,0.355
19,5,86,0.156
0,10,87,0.887
1,10,87,0.193
2,10,87,0.229
3,10,87,0.257
4,10,87,4.1
5,10,87,2.278
6,10,87,0.389
7,10,87,1.518
8,10,87,5.38
9,10,87,0.91
10,10,88,0.95
11,10,88,0.699
12,10,88,0.204
13,10,88,1.622
14,10,88,0.545
15,10,88,0.176
16,10,88,0.4
17,10,88,10.34
18,10,88,524.029
19,10,88,1.616
0,1,87,0.182
1,1,87,0.362
2,1,87,0.115
3,1,87,0.094
4,1,87,0.145
5,1,87,0.15
6,1,87,0.369
7,1,87,0.115
8,1,87,0.048
9,1,87,0.272
10,1,88,0.082
11,1,88,0.305
12,1,88,0.141
13,1,88,0.719
14,1,88,0.07
15,1,88,0.13
16,1,88,0.585
17,1,88,0.096
18,1,88,0.081
19,1,88,0.537
0,5,87,98.773
1,5,87,0.134
2,5,87,0.258
3,5,87,0.085
4,5,87,0.278
5,5,87,0.149
6,5,87,1.811
7,5,87,0.183
8,5,87,0.375
9,5,87,0.121
10,5,88,0.273
11,5,88,0.165
12,5,88,73.049
13,5,88,0.148
14,5,88,0.223
15,5,88,2.616
16,5,88,0.934
17,5,88,2.67
18,5,88,147.663
19,5,88,6.797
0,10,89,0.15
1,10,89,0.211
2,10,89,8.412
3,10,89,0.998
4,10,89,0.164
5,10,89,18.516
6,10,89,6.03
7,10,89,0.128
8,10,89,0.151
9,10,89,0.2
10,10,90,0.366
11,10,90,1.117
0,15,89,2.777
1,15,89,0.196
2,15,89,3.688
3,15,89,2.066
4,15,89,0.895
5,15,89,0.528
6,15,89,2.742
7,15,89,3.213
8,15,89,0.271
9,15,89,0.282
10,15,90,0.364
11,15,90,0.375
0,1,89,0.936
1,1,89,0.047
2,1,89,0.253
3,1,89,0.417
4,1,89,0.419
5,1,89,0.792
6,1,89,0.098
7,1,89,0.124
8,1,89,0.133
9,1,89,0.321
10,1,90,0.051
11,1,90,0.336
12,1,90,0.109
13,1,90,0.107
14,1,90,0.094
15,1,90,0.12
16,1,90,0.045
17,1,90,1.487
18,1,90,0.183
19,1,90,0.103
0,5,89,0.472
1,5,89,0.722
2,5,89,0.467
3,5,89,6.092
4,5,89,0.205
5,5,89,1.472
6,5,89,87.877
7,5,89,0.283
8,5,89,5.4
9,5,89,0.524
10,5,90,18.038
11,5,90,0.08
0,15,91,2.374
1,15,91,0.51
2,15,91,0.371
3,15,91,0.207
4,15,91,0.823
5,15,91,8.189
6,15,91,0.308
7,15,91,0.374
8,15,91,3.135
9,15,91,0.285
0,1,91,0.183
1,1,91,0.093
2,1,91,0.08
3,1,91,0.127
4,1,91,0.203
5,1,91,0.183
6,1,91,0.332
7,1,91,0.06
8,1,91,0.167
9,1,91,1.008
0,15,92,1.436
1,15,92,0.251
2,15,92,4.702
3,15,92,7.466
4,15,92,78.644
5,15,92,19.584
6,15,92,0.379
7,15,92,0.342
8,15,92,2.414
9,15,92,0.648
0,1,92,0.299
1,1,92,1.286
2,1,92,0.086
3,1,92,0.134
4,1,92,0.108
5,1,92,0.136
6,1,92,0.387
7,1,92,0.494
8,1,92,0.281
9,1,92,2.795
0,5,92,0.497
1,5,92,2.099
2,5,92,0.178
3,5,92,3.646
4,5,92,0.136
5,5,92,0.741
6,5,92,0.125
7,5,92,0.082
8,5,92,0.179
9,5,92,0.149
0,10,93,0.359
1,10,93,0.253
2,10,93,3.24
3,10,93,0.184
4,10,93,3.906
5,10,93,0.206
6,10,93,0.632
7,10,93,0.385
8,10,93,0.289
9,10,93,0.764
0,1,93,0.118
1,1,93,1.906
2,1,93,0.101
3,1,93,0.102
4,1,93,0.118
5,1,93,0.111
6,1,93,0.292
7,1,93,0.246
8,1,93,1.599
9,1,93,0.652
0,1,94,0.313
1,1,94,0.073
2,1,94,0.098
3,1,94,1.112
4,1,94,0.101
5,1,94,0.094
6,1,94,0.96
7,1,94,0.453
8,1,94,0.168
9,1,94,0.189
0,5,94,20.821
1,5,94,0.2
2,5,94,0.306
3,5,94,200.675
4,5,94,0.127
5,5,94,5.33
6,5,94,0.247
7,5,94,5.104
8,5,94,0.476
9,5,94,1.546
0,10,95,2.966
1,10,95,2.075
2,10,95,0.578
3,10,95,0.117
4,10,95,1.051
5,10,95,0.188
6,10,95,0.391
7,10,95,47.488
8,10,95,0.192
9,10,95,210.412
0,1,95,0.433
1,1,95,0.05
2,1,95,0.383
3,1,95,0.961
4,1,95,1.385
5,1,95,0.471
6,1,95,0.815
7,1,95,0.073
8,1,95,0.342
9,1,95,1.37
0,5,95,27.414
1,5,95,23.89
2,5,95,0.608
3,5,95,5.038
4,5,95,23.142
5,5,95,0.581
6,5,95,0.403
7,5,95,0.304
8,5,95,0.283
9,5,95,0.765
0,15,96,0.533
1,15,96,180.422
2,15,96,0.5
3,15,96,15.396
4,15,96,0.737
5,15,96,0.374
6,15,96,0.373
7,15,96,0.579
8,15,96,3.322
9,15,96,0.394
0,1,96,0.109
1,1,96,0.048
2,1,96,0.158
3,1,96,0.113
4,1,96,0.41
5,1,96,0.252
6,1,96,0.096
7,1,96,0.307
8,1,96,0.136
9,1,96,0.211
0,5,96,0.226
1,5,96,0.32
2,5,96,0.283
3,5,96,0.268
4,5,96,0.514
5,5,96,0.145
6,5,96,0.326
7,5,96,82.891
8,5,96,0.097
9,5,96,0.114
0,10,97,2.344
1,10,97,29.158
2,10,97,0.55
3,10,97,0.65
4,10,97,0.322
5,10,97,7.345
6,10,97,1.035
7,10,97,0.212
8,10,97,0.879
9,10,97,48.587
0,15,97,0.294
1,15,97,0.394
2,15,97,7.303
3,15,97,0.299
4,15,97,5.812
5,15,97,238.778
6,15,97,0.282
7,15,97,0.267
8,15,97,0.344
9,15,97,0.534
0,1,97,0.137
1,1,97,0.334
2,1,97,1.006
3,1,97,0.056
4,1,97,0.33
5,1,97,0.088
6,1,97,0.146
7,1,97,0.136
8,1,97,0.392
9,1,97,0.548
0,5,97,0.183
1,5,97,0.919
2,5,97,0.75
3,5,97,0.228
4,5,97,0.183
5,5,97,25.057
6,5,97,0.378
7,5,97,0.147
8,5,97,0.297
9,5,97,41.443
0,15,98,0.624
1,15,98,35.275
2,15,98,0.441
3,15,98,0.449
4,15,98,0.627
5,15,98,1.987
6,15,98,1.113
7,15,98,0.353
8,15,98,9.138
9,15,98,5.919
0,1,98,0.113
1,1,98,0.393
2,1,98,0.234
3,1,98,0.797
4,1,98,0.151
5,1,98,0.059
6,1,98,0.117
7,1,98,0.048
8,1,98,0.551
9,1,98,1.144
0,5,98,0.21
1,5,98,0.757
2,5,98,0.162
3,5,98,0.591
4,5,98,0.273
5,5,98,0.088
6,5,98,0.167
7,5,98,0.579
8,5,98,4.789
9,5,98,0.55
0,15,99,1.076
1,15,99,3.781
2,15,99,0.644
3,15,99,0.246
4,15,99,5.26
5,15,99,2.443
6,15,99,0.387
7,15,99,8.79
8,15,99,70.774
9,15,99,0.358
0,1,99,1.744
1,1,99,0.464
2,1,99,0.895
3,1,99,0.274
4,1,99,0.364
5,1,99,0.213
6,1,99,0.074
7,1,99,0.092
8,1,99,0.09
9,1,99,0.108
0,5,99,0.159
1,5,99,0.264
2,5,99,0.16
3,5,99,164.705
4,5,99,0.176
5,5,99,0.577
6,5,99,0.222
7,5,99,0.383
8,5,99,10.753
9,5,99,0.109
0,1,100,0.121
1,1,100,0.249
2,1,100,0.125
3,1,100,0.128
4,1,100,0.269
5,1,100,0.808
6,1,100,0.139
7,1,100,0.106
8,1,100,0.409
9,1,100,0.458
0,5,100,22.026
1,5,100,0.168
2,5,100,8.485
3,5,100,0.276
4,5,100,0.28
5,5,100,0.155
6,5,100,0.179
7,5,100,0.246
8,5,100,0.146
9,5,100,0.609
0,10,10,0.043
1,10,10,0.029
2,10,10,0.076
3,10,10,0.026
4,10,10,0.024
5,10,10,0.025
6,10,11,0.032
7,10,11,0.058
8,10,11,0.033
9,10,11,0.03
10,10,11,0.03
11,10,11,0.034
12,10,11,0.029
13,10,11,0.031
14,10,11,0.032
15,10,11,0.029
16,10,12,0.035
17,10,12,0.032
18,10,12,0.228
19,10,12,0.043
20,10,12,0.03
21,10,12,0.031
22,10,12,0.033
23,10,12,0.03
24,10,12,0.033
25,10,12,0.031
26,10,13,0.032
27,10,13,0.032
28,10,13,0.034
29,10,13,0.082
30,10,13,0.087
31,10,13,0.039
32,10,13,0.036
33,10,13,0.044
34,10,13,0.036
35,10,13,0.03
36,10,14,0.116
37,10,14,0.033
38,10,14,0.035
39,10,14,0.037
40,10,14,0.035
41,10,14,0.037
42,10,14,0.041
43,10,14,0.034
44,10,14,0.036
45,10,14,0.035
46,10,15,0.037
47,10,15,0.036
48,10,15,0.036
49,10,15,0.04
50,10,15,0.046
51,10,15,0.038
52,10,15,0.037
53,10,15,0.037
54,10,15,0.036
55,10,15,0.036
56,10,16,0.044
57,10,16,0.047
58,10,16,0.037
59,10,16,0.034
60,10,16,0.107
61,10,16,0.044
62,10,16,0.035
63,10,16,0.038
64,10,16,0.077
65,10,16,0.041
66,10,17,0.045
67,10,17,0.037
68,10,17,0.043
69,10,17,0.041
70,10,17,0.04
71,10,17,0.044
72,10,17,0.041
73,10,17,0.052
74,10,17,0.061
75,10,17,0.039
76,10,18,0.05
77,10,18,0.043
78,10,18,0.04
79,10,18,0.044
80,10,18,0.043
81,10,18,0.039
82,10,18,0.042
83,10,18,0.054
84,10,18,0.055
85,10,18,0.044
86,10,19,0.05
87,10,19,0.051
88,10,19,0.045
89,10,19,0.052
90,10,19,0.048
91,10,19,0.043
92,10,19,0.045
93,10,19,0.041
94,10,19,0.038
95,10,19,0.04
96,10,20,0.047
97,10,20,0.056
98,10,20,0.068
99,10,20,0.047
100,10,20,0.052
101,10,20,0.046
102,10,20,0.045
103,10,20,0.048
104,10,20,0.05
105,10,20,0.043
106,10,21,0.057
107,10,21,0.048
108,10,21,0.057
109,10,21,0.053
110,10,21,0.056
111,10,21,0.054
112,10,21,0.048
113,10,21,0.058
114,10,21,0.055
115,10,21,0.055
116,10,22,0.078
117,10,22,0.056
118,10,22,0.055
119,10,22,0.05
120,10,22,0.055
121,10,22,0.065
122,10,22,0.054
123,10,22,0.058
124,10,22,0.062
125,10,22,0.056
126,10,23,0.058
127,10,23,0.063
128,10,23,0.063
129,10,23,0.06
130,10,23,0.067
131,10,23,0.056
132,10,23,0.056
133,10,23,0.073
134,10,23,0.06
135,10,23,0.052
136,10,24,0.072
137,10,24,0.1
138,10,24,0.109
139,10,24,0.056
140,10,24,0.058
141,10,24,0.057
142,10,24,0.058
143,10,24,0.063
144,10,24,0.064
145,10,24,0.067
146,10,25,0.054
147,10,25,0.073
148,10,25,0.073
149,10,25,0.063
150,10,25,0.066
151,10,25,0.05
152,10,25,0.054
153,10,25,0.055
154,10,25,0.053
155,10,25,0.051
156,10,26,0.06
157,10,26,0.062
158,10,26,0.064
159,10,26,0.15
160,10,26,0.067
161,10,26,0.055
162,10,26,0.055
163,10,26,0.063
164,10,26,0.07
165,10,26,0.079
166,10,27,0.068
167,10,27,0.068
168,10,27,0.084
169,10,27,0.061
170,10,27,0.073
171,10,27,0.051
172,10,27,0.061
173,10,27,0.063
174,10,27,0.072
175,10,27,0.128
176,10,28,0.07
177,10,28,0.066
178,10,28,0.071
179,10,28,0.077
180,10,28,0.071
181,10,28,0.08
182,10,28,0.072
183,10,28,0.15
184,10,28,0.053
185,10,28,0.056
186,10,29,0.066
187,10,29,0.117
188,10,29,0.065
189,10,29,0.097
190,10,29,0.06
191,10,29,0.077
192,10,29,0.061
193,10,29,0.127
194,10,29,0.084
195,10,29,0.1
196,10,30,0.148
197,10,30,0.077
198,10,30,0.132
199,10,30,0.066
200,10,30,0.072
201,10,30,0.094
202,10,30,0.099
203,10,30,0.072
204,10,30,0.222
205,10,30,0.078
206,10,31,0.102
207,10,31,0.078
208,10,31,0.066
209,10,31,0.084
210,10,31,0.07
211,10,31,0.139
212,10,31,0.094
213,10,31,0.077
214,10,31,0.06
215,10,31,0.077
216,10,32,0.078
217,10,32,0.077
218,10,32,0.072
219,10,32,0.083
220,10,32,0.109
221,10,32,0.083
222,10,32,0.084
223,10,32,0.125
224,10,32,0.088
225,10,32,0.083
226,10,33,0.099
227,10,33,0.083
228,10,33,0.071
229,10,33,0.089
230,10,33,0.104
231,10,33,0.077
232,10,33,0.091
233,10,33,0.349
234,10,33,0.063
235,10,33,0.098
236,10,34,0.425
237,10,34,0.094
238,10,34,0.508
239,10,34,0.129
240,10,34,0.082
241,10,34,0.092
242,10,34,0.187
243,10,34,0.096
244,10,34,0.091
245,10,34,0.08
246,10,35,0.086
247,10,35,0.068
248,10,35,0.108
249,10,35,0.137
250,10,35,0.11
251,10,35,0.079
252,10,35,0.115
253,10,35,0.099
254,10,35,0.083
255,10,35,0.089
256,10,36,0.102
257,10,36,0.101
258,10,36,0.083
259,10,36,0.07
260,10,36,0.145
261,10,36,0.142
262,10,36,0.117
263,10,36,0.087
264,10,36,0.135
265,10,36,0.094
266,10,37,0.097
267,10,37,0.065
268,10,37,0.069
269,10,37,0.096
270,10,37,0.081
271,10,37,0.246
272,10,37,0.169
273,10,37,0.102
274,10,37,0.105
275,10,37,0.083
276,10,38,0.098
277,10,38,0.105
278,10,38,0.102
279,10,38,0.115
280,10,38,0.116
281,10,38,0.193
282,10,38,0.107
283,10,38,0.107
284,10,38,0.09
285,10,38,0.118
286,10,39,0.102
287,10,39,0.065
288,10,39,0.086
289,10,39,0.095
290,10,39,0.09
291,10,39,0.121
292,10,39,0.104
293,10,39,0.188
294,10,39,0.13
295,10,39,0.088
296,10,40,0.179
297,10,40,0.088
298,10,40,0.116
299,10,40,0.109
300,10,40,0.101
301,10,40,0.117
302,10,40,0.108
303,10,40,0.095
304,10,40,0.179
305,10,40,0.199
306,10,41,0.106
307,10,41,0.111
308,10,41,0.088
309,10,41,0.141
310,10,41,0.127
311,10,41,0.096
312,10,41,0.093
313,10,41,0.112
314,10,41,0.116
315,10,41,0.114
316,10,42,0.099
317,10,42,0.129
318,10,42,0.114
319,10,42,0.112
320,10,42,0.122
321,10,42,0.105
322,10,42,0.111
323,10,42,0.117
324,10,42,0.084
325,10,42,0.186
326,10,43,0.104
327,10,43,0.125
328,10,43,0.097
329,10,43,0.155
330,10,43,0.13
331,10,43,0.098
332,10,43,0.121
333,10,43,0.107
334,10,43,0.085
335,10,43,0.146
336,10,44,0.107
337,10,44,0.127
338,10,44,0.093
339,10,44,0.193
340,10,44,0.138
341,10,44,0.117
342,10,44,0.178
343,10,44,0.101
344,10,44,0.122
345,10,44,0.351
346,10,45,0.12
347,10,45,0.372
348,10,45,0.099
349,10,45,0.138
350,10,45,0.095
351,10,45,0.119
352,10,45,0.133
353,10,45,0.105
354,10,45,0.186
355,10,45,4.127
356,10,46,0.568
357,10,46,0.101
358,10,46,0.099
359,10,46,0.113
360,10,46,1.087
361,10,46,0.115
362,10,46,0.132
363,10,46,0.407
364,10,46,0.108
365,10,46,0.213
366,10,47,0.176
367,10,47,0.356
368,10,47,0.09
369,10,47,0.186
370,10,47,0.253
371,10,47,0.259
372,10,47,0.151
373,10,47,0.142
374,10,47,0.094
375,10,47,0.13
376,10,48,0.134
377,10,48,0.101
378,10,48,0.176
379,10,48,0.136
380,10,48,0.244
381,10,48,0.181
382,10,48,0.096
383,10,48,0.132
384,10,48,0.086
385,10,48,0.14
386,10,49,0.158
387,10,49,8.295
388,10,49,0.355
389,10,49,0.219
390,10,49,0.179
391,10,49,0.364
392,10,49,0.131
393,10,49,0.288
394,10,49,0.139
395,10,49,0.113
396,10,50,0.174
397,10,50,1.347
398,10,50,0.337
399,10,50,0.456
400,10,50,0.142
401,10,50,0.123
402,10,50,0.127
403,10,50,0.163
404,10,50,0.2
405,10,50,0.123
0,1,2,0.015
1,1,2,0.005
2,1,2,0.005
3,1,2,0.004
4,1,2,0.005
5,1,2,0.005
6,1,3,0.007
7,1,3,0.006
8,1,3,0.005
9,1,3,0.005
10,1,3,0.006
11,1,3,0.006
12,1,3,0.007
13,1,3,0.005
14,1,3,0.005
15,1,3,0.005
16,1,4,0.006
17,1,4,0.007
18,1,4,0.007
19,1,4,0.006
20,1,4,0.007
21,1,4,0.007
22,1,4,0.006
23,1,4,0.006
24,1,4,0.008
25,1,4,0.006
26,1,5,0.006
27,1,5,0.008
28,1,5,0.008
29,1,5,0.008
30,1,5,0.008
31,1,5,0.008
32,1,5,0.008
33,1,5,0.009
34,1,5,0.008
35,1,5,0.008
36,1,6,0.009
37,1,6,0.009
38,1,6,0.009
39,1,6,0.008
40,1,6,0.008
41,1,6,0.009
42,1,6,0.01
43,1,6,0.009
44,1,6,0.008
45,1,6,0.009
46,1,7,0.011
47,1,7,0.009
48,1,7,0.011
49,1,7,0.009
50,1,7,0.009
51,1,7,0.01
52,1,7,0.009
53,1,7,0.012
54,1,7,0.01
55,1,7,0.012
56,1,8,0.011
57,1,8,0.01
58,1,8,0.012
59,1,8,0.011
60,1,8,0.013
61,1,8,0.01
62,1,8,0.009
63,1,8,0.012
64,1,8,0.011
65,1,8,0.012
66,1,9,0.015
67,1,9,0.014
68,1,9,0.015
69,1,9,0.013
70,1,9,0.011
71,1,9,0.014
72,1,9,0.012
73,1,9,0.013
74,1,9,0.015
75,1,9,0.016
76,1,10,0.013
77,1,10,0.013
78,1,10,0.016
79,1,10,0.016
80,1,10,0.014
81,1,10,0.012
82,1,10,0.011
83,1,10,0.012
84,1,10,0.015
85,1,10,0.012
86,1,11,0.021
87,1,11,0.015
88,1,11,0.016
89,1,11,0.017
90,1,11,0.016
91,1,11,0.013
92,1,11,0.014
93,1,11,0.015
94,1,11,0.016
95,1,11,0.016
96,1,12,0.015
97,1,12,0.017
98,1,12,0.016
99,1,12,0.017
100,1,12,0.017
101,1,12,0.016
102,1,12,0.015
103,1,12,0.017
104,1,12,0.016
105,1,12,0.014
106,1,13,0.021
107,1,13,0.017
108,1,13,0.014
109,1,13,0.017
110,1,13,0.018
111,1,13,0.016
112,1,13,0.019
113,1,13,0.018
114,1,13,0.019
115,1,13,0.019
116,1,14,0.021
117,1,14,0.021
118,1,14,0.02
119,1,14,0.021
120,1,14,0.019
121,1,14,0.018
122,1,14,0.026
123,1,14,0.016
124,1,14,0.018
125,1,14,0.018
126,1,15,0.02
127,1,15,0.014
128,1,15,0.016
129,1,15,0.014
130,1,15,0.021
131,1,15,0.02
132,1,15,0.022
133,1,15,0.025
134,1,15,0.02
135,1,15,0.029
136,1,16,0.024
137,1,16,0.028
138,1,16,0.019
139,1,16,0.021
140,1,16,0.013
141,1,16,0.027
142,1,16,0.023
143,1,16,0.029
144,1,16,0.024
145,1,16,0.022
146,1,17,0.02
147,1,17,0.02
148,1,17,0.023
149,1,17,0.018
150,1,17,0.017
151,1,17,0.027
152,1,17,0.014
153,1,17,0.021
154,1,17,0.023
155,1,17,0.025
156,1,18,0.019
157,1,18,0.023
158,1,18,0.024
159,1,18,0.027
160,1,18,0.022
161,1,18,0.03
162,1,18,0.022
163,1,18,0.025
164,1,18,0.024
165,1,18,0.019
166,1,19,0.029
167,1,19,0.023
168,1,19,0.023
169,1,19,0.025
170,1,19,0.02
171,1,19,0.018
172,1,19,0.018
173,1,19,0.02
174,1,19,0.02
175,1,19,0.023
176,1,20,0.029
177,1,20,0.022
178,1,20,0.025
179,1,20,0.016
180,1,20,0.028
181,1,20,0.022
182,1,20,0.021
183,1,20,0.027
184,1,20,0.034
185,1,20,0.026
186,1,21,0.025
187,1,21,0.025
188,1,21,0.022
189,1,21,0.063
190,1,21,0.023
191,1,21,0.023
192,1,21,0.028
193,1,21,0.018
194,1,21,0.019
195,1,21,0.028
196,1,22,0.028
197,1,22,0.029
198,1,22,0.029
199,1,22,0.029
200,1,22,0.024
201,1,22,0.029
202,1,22,0.02
203,1,22,0.031
204,1,22,0.021
205,1,22,0.028
206,1,23,0.03
207,1,23,0.036
208,1,23,0.035
209,1,23,0.031
210,1,23,0.031
211,1,23,0.028
212,1,23,0.03
213,1,23,0.034
214,1,23,0.031
215,1,23,0.03
216,1,24,0.023
217,1,24,0.031
218,1,24,0.026
219,1,24,0.035
220,1,24,0.039
221,1,24,0.035
222,1,24,0.032
223,1,24,0.035
224,1,24,0.03
225,1,24,0.033
226,1,25,0.02
227,1,25,0.047
228,1,25,0.054
229,1,25,0.03
230,1,25,0.038
231,1,25,0.042
232,1,25,0.046
233,1,25,0.034
234,1,25,0.046
235,1,25,0.038
236,1,26,0.03
237,1,26,0.085
238,1,26,0.034
239,1,26,0.028
240,1,26,0.036
241,1,26,0.026
242,1,26,0.029
243,1,26,0.037
244,1,26,0.043
245,1,26,0.034
246,1,27,0.033
247,1,27,0.037
248,1,27,0.026
249,1,27,0.037
250,1,27,0.028
251,1,27,0.033
252,1,27,0.03
253,1,27,0.034
254,1,27,0.039
255,1,27,0.027
256,1,28,0.02
257,1,28,0.025
258,1,28,0.025
259,1,28,0.064
260,1,28,0.041
261,1,28,0.039
262,1,28,0.038
263,1,28,0.049
264,1,28,0.036
265,1,28,0.047
266,1,29,0.04
267,1,29,0.037
268,1,29,0.05
269,1,29,0.027
270,1,29,0.041
271,1,29,0.075
272,1,29,0.04
273,1,29,0.02
274,1,29,0.029
275,1,29,0.032
276,1,30,0.04
277,1,30,0.04
278,1,30,0.027
279,1,30,0.048
280,1,30,0.022
281,1,30,0.042
282,1,30,0.06
283,1,30,0.051
284,1,30,0.06
285,1,30,0.037
286,1,31,0.056
287,1,31,0.032
288,1,31,0.044
289,1,31,0.048
290,1,31,0.033
291,1,31,0.031
292,1,31,0.055
293,1,31,0.052
294,1,31,0.037
295,1,31,0.024
296,1,32,0.044
297,1,32,0.045
298,1,32,0.045
299,1,32,0.04
300,1,32,0.041
301,1,32,0.04
302,1,32,0.048
303,1,32,0.061
304,1,32,0.039
305,1,32,0.038
306,1,33,0.043
307,1,33,0.041
308,1,33,0.07
309,1,33,0.036
310,1,33,0.03
311,1,33,0.041
312,1,33,0.046
313,1,33,0.045
314,1,33,0.062
315,1,33,0.035
316,1,34,0.026
317,1,34,0.041
318,1,34,0.026
319,1,34,0.056
320,1,34,0.04
321,1,34,0.067
322,1,34,0.193
323,1,34,0.034
324,1,34,0.04
325,1,34,0.061
326,1,35,0.06
327,1,35,0.045
328,1,35,0.046
329,1,35,0.05
330,1,35,0.035
331,1,35,0.043
332,1,35,0.082
333,1,35,0.035
334,1,35,0.101
335,1,35,0.037
336,1,36,0.024
337,1,36,0.038
338,1,36,0.035
339,1,36,0.04
340,1,36,0.046
341,1,36,0.052
342,1,36,0.042
343,1,36,0.061
344,1,36,0.049
345,1,36,0.04
346,1,37,0.044
347,1,37,0.052
348,1,37,0.045
349,1,37,0.047
350,1,37,0.046
351,1,37,0.05
352,1,37,0.04
353,1,37,0.041
354,1,37,0.051
355,1,37,0.058
356,1,38,0.051
357,1,38,0.062
358,1,38,0.042
359,1,38,0.076
360,1,38,0.046
361,1,38,0.045
362,1,38,0.071
363,1,38,0.14
364,1,38,0.038
365,1,38,0.048
366,1,39,0.05
367,1,39,0.35
368,1,39,0.037
369,1,39,0.053
370,1,39,0.041
371,1,39,0.06
372,1,39,0.055
373,1,39,0.044
374,1,39,0.044
375,1,39,0.042
376,1,40,0.034
377,1,40,0.05
378,1,40,0.05
379,1,40,0.213
380,1,40,0.048
381,1,40,0.058
382,1,40,0.069
383,1,40,0.076
384,1,40,0.056
385,1,40,0.039
386,1,41,0.042
387,1,41,0.047
388,1,41,0.046
389,1,41,0.04
390,1,41,0.081
391,1,41,0.046
392,1,41,0.059
393,1,41,0.052
394,1,41,0.085
395,1,41,0.073
396,1,42,0.093
397,1,42,0.096
398,1,42,0.056
399,1,42,0.041
400,1,42,0.062
401,1,42,0.07
402,1,42,0.125
403,1,42,0.087
404,1,42,0.051
405,1,42,0.235
406,1,43,0.08
407,1,43,0.14
408,1,43,0.043
409,1,43,0.05
410,1,43,0.069
411,1,43,0.081
412,1,43,0.615
413,1,43,0.084
414,1,43,0.043
415,1,43,0.141
416,1,44,0.053
417,1,44,0.064
418,1,44,0.051
419,1,44,0.127
420,1,44,0.103
421,1,44,0.067
422,1,44,0.067
423,1,44,0.081
424,1,44,0.049
425,1,44,0.043
426,1,45,0.095
427,1,45,0.099
428,1,45,0.049
429,1,45,0.071
430,1,45,0.052
431,1,45,0.051
432,1,45,0.071
433,1,45,0.037
434,1,45,0.029
435,1,45,0.058
436,1,46,0.058
437,1,46,0.05
438,1,46,0.11
439,1,46,0.082
440,1,46,0.042
441,1,46,0.063
442,1,46,0.076
443,1,46,0.053
444,1,46,0.059
445,1,46,0.051
446,1,47,0.061
447,1,47,0.068
448,1,47,0.067
449,1,47,0.056
450,1,47,0.159
451,1,47,0.045
452,1,47,0.044
453,1,47,0.077
454,1,47,0.029
455,1,47,0.046
456,1,48,0.371
457,1,48,0.076
458,1,48,0.066
459,1,48,0.052
460,1,48,0.057
461,1,48,0.072
462,1,48,0.174
463,1,48,0.101
464,1,48,0.057
465,1,48,0.059
466,1,49,0.074
467,1,49,0.599
468,1,49,0.069
469,1,49,0.04
470,1,49,0.149
471,1,49,0.069
472,1,49,0.097
473,1,49,0.056
474,1,49,0.079
475,1,49,0.08
476,1,50,0.044
477,1,50,0.217
478,1,50,0.117
479,1,50,0.106
480,1,50,0.175
481,1,50,0.063
482,1,50,0.159
483,1,50,0.052
484,1,50,0.137
485,1,50,0.043
0,15,16,0.071
1,15,17,0.069
2,15,17,0.058
3,15,17,0.055
4,15,17,0.063
5,15,17,0.058
6,15,17,0.051
7,15,17,0.06
8,15,17,0.068
9,15,17,0.054
10,15,17,0.053
11,15,18,0.054
12,15,18,0.062
13,15,18,0.055
14,15,18,0.07
15,15,18,0.055
16,15,18,5.581
17,15,18,0.074
18,15,18,0.054
19,15,18,0.07
20,15,18,0.056
21,15,19,0.072
22,15,19,0.062
23,15,19,0.06
24,15,19,0.065
25,15,19,0.067
26,15,19,0.12
27,15,19,0.071
28,15,19,0.057
29,15,19,0.062
30,15,19,0.057
31,15,20,0.064
32,15,20,0.056
33,15,20,0.065
34,15,20,0.059
35,15,20,0.057
36,15,20,0.06
37,15,20,0.062
38,15,20,0.061
39,15,20,0.059
40,15,20,0.065
41,15,21,0.066
42,15,21,0.081
43,15,21,0.085
44,15,21,0.063
45,15,21,0.073
46,15,21,0.068
47,15,21,0.066
48,15,21,3.819
49,15,21,0.075
50,15,21,0.077
51,15,22,0.074
52,15,22,0.074
53,15,22,0.067
54,15,22,0.068
55,15,22,0.063
56,15,22,0.071
57,15,22,0.064
58,15,22,0.067
59,15,22,0.069
60,15,22,0.065
61,15,23,0.069
62,15,23,0.07
63,15,23,0.072
64,15,23,0.068
65,15,23,0.073
66,15,23,0.069
67,15,23,0.07
68,15,23,0.066
69,15,23,0.069
70,15,23,0.074
71,15,24,0.078
72,15,24,0.088
73,15,24,0.071
74,15,24,0.071
75,15,24,0.071
76,15,24,0.07
77,15,24,0.067
78,15,24,0.069
79,15,24,0.066
80,15,24,0.068
81,15,25,0.071
82,15,25,0.086
83,15,25,0.074
84,15,25,0.069
85,15,25,0.08
86,15,25,0.09
87,15,25,0.075
88,15,25,0.075
89,15,25,0.077
90,15,25,0.076
91,15,26,0.109
92,15,26,0.078
93,15,26,0.116
94,15,26,0.192
95,15,26,0.09
96,15,26,0.084
97,15,26,0.084
98,15,26,0.086
99,15,26,0.074
100,15,26,0.086
101,15,27,0.09
102,15,27,0.077
103,15,27,0.095
104,15,27,0.726
105,15,27,0.094
106,15,27,0.08
107,15,27,0.077
108,15,27,0.079
109,15,27,0.132
110,15,27,0.088
111,15,28,0.074
112,15,28,3.924
113,15,28,0.081
114,15,28,0.078
115,15,28,0.075
116,15,28,0.081
117,15,28,0.097
118,15,28,0.079
119,15,28,0.078
120,15,28,0.084
121,15,29,0.081
122,15,29,0.086
123,15,29,0.106
124,15,29,0.101
125,15,29,0.094
126,15,29,0.169
127,15,29,0.075
128,15,29,0.104
129,15,29,0.082
130,15,29,0.09
131,15,30,0.088
132,15,30,0.09
133,15,30,0.097
134,15,30,0.083
135,15,30,0.09
136,15,30,0.086
137,15,30,0.096
138,15,30,0.086
139,15,30,0.089
140,15,30,0.084
141,15,31,0.104
142,15,31,0.087
143,15,31,0.096
144,15,31,0.158
145,15,31,0.082
146,15,31,0.108
147,15,31,0.1
148,15,31,0.126
149,15,31,0.109
150,15,31,0.082
151,15,32,0.138
152,15,32,0.084
153,15,32,0.098
154,15,32,0.092
155,15,32,0.102
156,15,32,0.09
157,15,32,0.094
158,15,32,0.216
159,15,32,0.103
160,15,32,0.114
161,15,33,0.11
162,15,33,0.091
163,15,33,0.102
164,15,33,0.093
165,15,33,0.443
166,15,33,0.106
167,15,33,0.084
168,15,33,0.095
169,15,33,0.123
170,15,33,0.097
171,15,34,0.191
172,15,34,0.161
173,15,34,0.1
174,15,34,0.233
175,15,34,0.115
176,15,34,0.118
177,15,34,0.091
178,15,34,0.091
179,15,34,0.133
180,15,34,0.185
181,15,35,8.142
182,15,35,0.118
183,15,35,0.108
184,15,35,0.098
185,15,35,0.107
186,15,35,0.092
187,15,35,0.11
188,15,35,0.103
189,15,35,0.447
190,15,35,0.094
191,15,36,0.119
192,15,36,0.102
193,15,36,0.093
194,15,36,0.103
195,15,36,0.119
196,15,36,0.132
197,15,36,0.141
198,15,36,0.109
199,15,36,0.225
200,15,36,0.113
201,15,37,0.109
202,15,37,0.365
203,15,37,0.093
204,15,37,0.117
205,15,37,0.116
206,15,37,0.136
207,15,37,0.086
208,15,37,0.131
209,15,37,0.127
210,15,37,0.098
211,15,38,0.116
212,15,38,0.149
213,15,38,0.13
214,15,38,0.132
215,15,38,0.114
216,15,38,0.117
217,15,38,0.138
218,15,38,0.151
219,15,38,0.158
220,15,38,0.187
221,15,39,0.214
222,15,39,0.131
223,15,39,0.172
224,15,39,0.138
225,15,39,0.125
226,15,39,0.132
227,15,39,0.096
228,15,39,0.385
229,15,39,0.118
230,15,39,0.104
231,15,40,0.126
232,15,40,0.107
233,15,40,0.137
234,15,40,0.113
235,15,40,0.123
236,15,40,0.115
237,15,40,0.105
238,15,40,0.143
239,15,40,0.154
240,15,40,0.135
241,15,41,0.129
242,15,41,0.136
243,15,41,0.114
244,15,41,0.122
245,15,41,0.128
246,15,41,0.134
247,15,41,0.119
248,15,41,0.28
249,15,41,0.098
250,15,41,0.279
251,15,42,0.155
252,15,42,0.137
253,15,42,0.143
254,15,42,0.118
255,15,42,0.118
256,15,42,0.565
257,15,42,0.158
258,15,42,0.115
259,15,42,0.242
260,15,42,0.141
261,15,43,0.114
262,15,43,0.206
263,15,43,0.142
264,15,43,0.361
265,15,43,0.135
266,15,43,0.207
267,15,43,0.121
268,15,43,0.312
269,15,43,4.001
270,15,43,0.166
271,15,44,0.145
272,15,44,0.106
273,15,44,0.224
274,15,44,0.149
275,15,44,0.225
276,15,44,0.14
277,15,44,0.127
278,15,44,0.197
279,15,44,0.148
280,15,44,0.558
281,15,45,0.166
282,15,45,0.171
283,15,45,0.158
284,15,45,0.132
285,15,45,0.096
286,15,45,0.14
287,15,45,0.123
288,15,45,1.853
289,15,45,0.14
290,15,45,0.152
291,15,46,0.122
292,15,46,0.14
293,15,46,0.165
294,15,46,0.177
295,15,46,0.177
296,15,46,0.339
297,15,46,0.175
298,15,46,0.11
299,15,46,13.707
300,15,46,0.763
301,15,47,0.111
302,15,47,0.119
303,15,47,0.214
304,15,47,0.15
305,15,47,9.091
306,15,47,0.145
307,15,47,0.464
308,15,47,0.237
309,15,47,0.148
310,15,47,0.239
311,15,48,0.302
312,15,48,0.259
313,15,48,0.136
314,15,48,0.153
315,15,48,0.287
316,15,48,0.151
317,15,48,0.126
318,15,48,0.505
319,15,48,2.383
320,15,48,0.634
321,15,49,0.135
322,15,49,0.117
323,15,49,10.663
324,15,49,1.931
325,15,49,0.227
326,15,49,0.213
327,15,49,0.173
328,15,49,0.17
329,15,49,0.185
330,15,49,0.114
331,15,50,0.14
332,15,50,0.153
333,15,50,0.166
334,15,50,0.155
335,15,50,0.268
336,15,50,0.134
337,15,50,0.135
338,15,50,0.19
339,15,50,0.142
340,15,50,1.316
0,5,5,0.022
1,5,5,0.011
2,5,5,0.01
3,5,5,0.01
4,5,5,0.009
5,5,5,0.009
6,5,5,0.01
7,5,5,0.009
8,5,5,0.008
9,5,5,0.009
10,5,6,0.012
11,5,6,0.011
12,5,6,0.011
13,5,6,0.011
14,5,6,0.011
15,5,6,0.011
16,5,6,0.011
17,5,6,0.012
18,5,6,0.011
19,5,6,0.013
20,5,7,0.016
21,5,7,0.012
22,5,7,0.011
23,5,7,0.013
24,5,7,0.013
25,5,7,0.013
26,5,7,0.013
27,5,7,0.014
28,5,7,0.014
29,5,7,0.013
30,5,8,0.014
31,5,8,0.014
32,5,8,0.015
33,5,8,0.014
34,5,8,0.014
35,5,8,0.014
36,5,8,0.016
37,5,8,0.014
38,5,8,0.015
39,5,8,0.014
40,5,9,0.016
41,5,9,0.015
42,5,9,0.015
43,5,9,0.019
44,5,9,0.015
45,5,9,0.016
46,5,9,0.016
47,5,9,0.016
48,5,9,0.016
49,5,9,0.015
50,5,10,0.017
51,5,10,0.014
52,5,10,0.017
53,5,10,0.018
54,5,10,0.023
55,5,10,0.019
56,5,10,0.017
57,5,10,0.016
58,5,10,0.018
59,5,10,0.018
60,5,11,0.019
61,5,11,0.02
62,5,11,0.018
63,5,11,0.018
64,5,11,0.016
65,5,11,0.018
66,5,11,0.019
67,5,11,0.023
68,5,11,0.024
69,5,11,0.019
70,5,12,0.018
71,5,12,0.021
72,5,12,0.02
73,5,12,0.019
74,5,12,0.022
75,5,12,0.021
76,5,12,0.02
77,5,12,0.02
78,5,12,0.02
79,5,12,0.019
80,5,13,0.027
81,5,13,0.021
82,5,13,0.022
83,5,13,0.019
84,5,13,0.019
85,5,13,0.026
86,5,13,0.021
87,5,13,0.019
88,5,13,0.021
89,5,13,0.029
90,5,14,0.024
91,5,14,0.032
92,5,14,0.029
93,5,14,0.021
94,5,14,0.028
95,5,14,0.141
96,5,14,0.026
97,5,14,0.035
98,5,14,0.033
99,5,14,0.022
100,5,15,0.02
101,5,15,0.024
102,5,15,0.027
103,5,15,0.031
104,5,15,0.025
105,5,15,0.026
106,5,15,0.029
107,5,15,0.033
108,5,15,0.022
109,5,15,0.023
110,5,16,0.031
111,5,16,0.027
112,5,16,0.028
113,5,16,0.03
114,5,16,0.029
115,5,16,0.03
116,5,16,0.032
117,5,16,0.028
118,5,16,0.031
119,5,16,0.023
120,5,17,0.04
121,5,17,0.028
122,5,17,0.027
123,5,17,0.033
124,5,17,0.026
125,5,17,0.031
126,5,17,0.028
127,5,17,0.036
128,5,17,0.05
129,5,17,0.032
130,5,18,0.026
131,5,18,0.026
132,5,18,0.038
133,5,18,0.032
134,5,18,0.027
135,5,18,0.035
136,5,18,0.036
137,5,18,0.036
138,5,18,0.025
139,5,18,0.023
140,5,19,0.027
141,5,19,0.023
142,5,19,0.045
143,5,19,0.034
144,5,19,0.031
145,5,19,0.03
146,5,19,0.03
147,5,19,0.027
148,5,19,0.029
149,5,19,0.051
150,5,20,0.04
151,5,20,0.033
152,5,20,0.04
153,5,20,0.039
154,5,20,0.038
155,5,20,0.04
156,5,20,0.03
157,5,20,0.041
158,5,20,0.036
159,5,20,0.036
160,5,21,0.036
161,5,21,0.032
162,5,21,0.04
163,5,21,0.028
164,5,21,0.038
165,5,21,0.033
166,5,21,0.038
167,5,21,0.034
168,5,21,0.033
169,5,21,0.044
170,5,22,0.031
171,5,22,0.051
172,5,22,0.033
173,5,22,0.045
174,5,22,0.053
175,5,22,0.031
176,5,22,0.028
177,5,22,0.035
178,5,22,0.042
179,5,22,0.051
180,5,23,0.033
181,5,23,0.056
182,5,23,0.045
183,5,23,0.041
184,5,23,0.048
185,5,23,0.035
186,5,23,0.058
187,5,23,0.041
188,5,23,0.039
189,5,23,0.062
190,5,24,0.057
191,5,24,0.049
192,5,24,0.062
193,5,24,0.037
194,5,24,0.05
195,5,24,0.039
196,5,24,0.039
197,5,24,0.047
198,5,24,0.038
199,5,24,0.047
200,5,25,0.061
201,5,25,0.05
202,5,25,0.056
203,5,25,0.043
204,5,25,0.037
205,5,25,0.044
206,5,25,0.032
207,5,25,0.072
208,5,25,0.052
209,5,25,0.049
210,5,26,0.038
211,5,26,0.057
212,5,26,0.041
213,5,26,0.025
214,5,26,0.061
215,5,26,0.049
216,5,26,0.05
217,5,26,0.036
218,5,26,0.038
219,5,26,0.042
220,5,27,0.051
221,5,27,0.056
222,5,27,0.047
223,5,27,0.047
224,5,27,0.061
225,5,27,0.053
226,5,27,0.047
227,5,27,0.044
228,5,27,0.066
229,5,27,0.053
230,5,28,0.064
231,5,28,0.05
232,5,28,0.044
233,5,28,0.054
234,5,28,0.061
235,5,28,0.091
236,5,28,0.079
237,5,28,0.045
238,5,28,0.038
239,5,28,0.074
240,5,29,0.03
241,5,29,0.117
242,5,29,0.061
243,5,29,0.028
244,5,29,0.086
245,5,29,0.054
246,5,29,0.042
247,5,29,0.092
248,5,29,0.234
249,5,29,0.052
250,5,30,0.051
251,5,30,0.05
252,5,30,0.056
253,5,30,0.045
254,5,30,0.054
255,5,30,0.051
256,5,30,0.08
257,5,30,0.119
258,5,30,0.642
259,5,30,0.056
260,5,31,0.034
261,5,31,0.038
262,5,31,0.06
263,5,31,0.065
264,5,31,0.047
265,5,31,0.058
266,5,31,0.051
267,5,31,0.045
268,5,31,0.052
269,5,31,0.045
270,5,32,0.05
271,5,32,0.058
272,5,32,0.053
273,5,32,0.06
274,5,32,0.062
275,5,32,0.043
276,5,32,0.2
277,5,32,0.045
278,5,32,0.066
279,5,32,0.061
280,5,33,0.107
281,5,33,0.304
282,5,33,0.044
283,5,33,0.061
284,5,33,0.088
285,5,33,0.048
286,5,33,0.059
287,5,33,0.088
288,5,33,0.052
289,5,33,0.061
290,5,34,0.062
291,5,34,0.071
292,5,34,0.089
293,5,34,0.077
294,5,34,0.062
295,5,34,0.048
296,5,34,0.053
297,5,34,0.074
298,5,34,0.12
299,5,34,0.073
300,5,35,0.069
301,5,35,0.043
302,5,35,0.056
303,5,35,0.058
304,5,35,0.056
305,5,35,0.131
306,5,35,0.057
307,5,35,0.054
308,5,35,0.071
309,5,35,0.197
310,5,36,0.036
311,5,36,0.093
312,5,36,0.066
313,5,36,0.057
314,5,36,0.2
315,5,36,0.064
316,5,36,0.073
317,5,36,0.058
318,5,36,0.068
319,5,36,0.069
320,5,37,0.17
321,5,37,0.084
322,5,37,0.242
323,5,37,0.067
324,5,37,0.136
325,5,37,0.102
326,5,37,0.059
327,5,37,0.095
328,5,37,0.08
329,5,37,0.066
330,5,38,0.213
331,5,38,0.06
332,5,38,0.053
333,5,38,0.058
334,5,38,0.094
335,5,38,0.071
336,5,38,0.051
337,5,38,0.111
338,5,38,0.057
339,5,38,0.443
340,5,39,0.08
341,5,39,0.081
342,5,39,0.077
343,5,39,0.149
344,5,39,0.099
345,5,39,0.073
346,5,39,0.077
347,5,39,0.068
348,5,39,0.442
349,5,39,0.074
350,5,40,0.068
351,5,40,0.821
352,5,40,0.823
353,5,40,0.058
354,5,40,0.072
355,5,40,1.539
356,5,40,0.395
357,5,40,0.079
358,5,40,0.791
359,5,40,0.081
360,5,41,0.069
361,5,41,0.098
362,5,41,0.531
363,5,41,0.099
364,5,41,0.082
365,5,41,0.061
366,5,41,0.053
367,5,41,0.069
368,5,41,0.078
369,5,41,0.155
370,5,42,0.287
371,5,42,0.083
372,5,42,0.071
373,5,42,0.171
374,5,42,0.149
375,5,42,0.074
376,5,42,0.07
377,5,42,0.065
378,5,42,0.102
379,5,42,0.295
380,5,43,0.144
381,5,43,0.061
382,5,43,0.055
383,5,43,1.386
384,5,43,0.259
385,5,43,0.151
386,5,43,0.066
387,5,43,1.003
388,5,43,0.215
389,5,43,0.062
390,5,44,0.075
391,5,44,0.061
392,5,44,0.103
393,5,44,0.076
394,5,44,0.069
395,5,44,0.051
396,5,44,0.274
397,5,44,0.238
398,5,44,0.062
399,5,44,0.101
400,5,45,0.076
401,5,45,0.093
402,5,45,0.431
403,5,45,0.729
404,5,45,0.075
405,5,45,0.073
406,5,45,0.114
407,5,45,0.069
408,5,45,0.109
409,5,45,10.344
410,5,46,0.161
411,5,46,0.094
412,5,46,0.101
413,5,46,0.055
414,5,46,0.239
415,5,46,0.094
416,5,46,0.152
417,5,46,0.234
418,5,46,0.085
419,5,46,0.147
420,5,47,0.79
421,5,47,0.066
422,5,47,0.14
423,5,47,0.144
424,5,47,3.541
425,5,47,0.091
426,5,47,0.076
427,5,47,0.274
428,5,47,0.156
429,5,47,0.072
430,5,48,0.061
431,5,48,0.108
432,5,48,0.507
433,5,48,0.086
434,5,48,1.562
435,5,48,0.102
436,5,48,0.061
437,5,48,0.073
438,5,48,0.118
439,5,48,0.091
440,5,49,0.175
441,5,49,0.244
442,5,49,0.372
443,5,49,0.078
444,5,49,0.139
445,5,49,1.529
446,5,49,0.057
447,5,49,0.184
448,5,49,3.414
449,5,49,0.092
450,5,50,0.192
451,5,50,0.257
452,5,50,0.074
453,5,50,0.106
454,5,50,0.113
455,5,50,0.071
456,5,50,0.057
457,5,50,0.113
458,5,50,3.722
459,5,50,0.349
0,10,51,0.122
1,10,51,0.15
2,10,51,0.252
3,10,51,0.114
4,10,51,29.946
5,10,51,0.146
6,10,51,0.122
7,10,51,0.124
8,10,51,0.11
9,10,51,0.136
10,10,52,11.397
11,10,52,0.224
12,10,52,0.117
13,10,52,0.187
14,10,52,0.225
15,10,52,0.79
16,10,52,0.37
17,10,52,1.142
18,10,52,0.11
19,10,52,0.16
20,10,53,0.101
21,10,53,0.153
22,10,53,0.124
23,10,53,0.119
24,10,53,0.133
25,10,53,0.124
26,10,53,0.125
27,10,53,0.108
28,10,53,0.116
29,10,53,0.252
30,10,54,0.124
31,10,54,0.239
32,10,54,0.388
33,10,54,0.144
34,10,54,0.098
35,10,54,0.148
36,10,54,0.126
37,10,54,0.255
38,10,54,0.155
39,10,54,0.718
40,10,55,0.41
41,10,55,0.137
42,10,55,0.313
43,10,55,0.295
44,10,55,0.102
45,10,55,0.221
46,10,55,0.119
47,10,55,4.339
48,10,55,0.775
49,10,55,0.214
50,10,56,0.111
51,10,56,0.087
52,10,56,0.157
53,10,56,0.161
54,10,56,0.333
55,10,56,0.083
56,10,56,0.201
57,10,56,0.506
58,10,56,0.203
59,10,56,0.115
60,10,57,0.156
61,10,57,0.137
62,10,57,0.283
63,10,57,0.156
64,10,57,0.145
65,10,57,0.659
66,10,57,3.153
67,10,57,0.123
68,10,57,0.297
69,10,57,7.896
70,10,58,0.517
71,10,58,0.068
72,10,58,0.162
73,10,58,0.146
74,10,58,0.19
75,10,58,0.724
76,10,58,0.298
77,10,58,0.397
78,10,58,0.426
79,10,58,0.213
80,10,59,0.966
81,10,59,0.985
82,10,59,0.126
83,10,59,0.167
84,10,59,0.305
85,10,59,0.191
86,10,59,0.162
87,10,59,0.112
88,10,59,0.7
89,10,59,0.136
90,10,60,0.569
91,10,60,0.143
92,10,60,0.091
93,10,60,0.125
94,10,60,0.336
95,10,60,0.132
96,10,60,0.885
97,10,60,0.407
98,10,60,0.187
99,10,60,0.377
0,1,51,0.078
1,1,51,0.075
2,1,51,0.061
3,1,51,0.03
4,1,51,0.297
5,1,51,0.044
6,1,51,0.059
7,1,51,0.056
8,1,51,0.114
9,1,51,0.073
10,1,52,0.071
11,1,52,0.072
12,1,52,0.138
13,1,52,0.06
14,1,52,0.066
15,1,52,0.053
16,1,52,0.067
17,1,52,0.052
18,1,52,0.067
19,1,52,0.062
20,1,53,0.073
21,1,53,0.042
22,1,53,0.129
23,1,53,0.084
24,1,53,0.052
25,1,53,0.042
26,1,53,0.076
27,1,53,0.126
28,1,53,1.109
29,1,53,0.038
30,1,54,0.083
31,1,54,0.046
32,1,54,0.07
33,1,54,0.641
34,1,54,0.244
35,1,54,0.068
36,1,54,0.045
37,1,54,0.125
38,1,54,0.102
39,1,54,0.049
40,1,55,0.056
41,1,55,0.065
42,1,55,0.088
43,1,55,0.088
44,1,55,0.08
45,1,55,0.135
46,1,55,0.136
47,1,55,0.087
48,1,55,0.093
49,1,55,0.075
50,1,56,0.077
51,1,56,0.052
52,1,56,0.029
53,1,56,0.074
54,1,56,0.063
55,1,56,0.099
56,1,56,0.072
57,1,56,0.091
58,1,56,0.304
59,1,56,0.065
60,1,57,0.052
61,1,57,0.091
62,1,57,0.067
63,1,57,0.456
64,1,57,0.138
65,1,57,0.056
66,1,57,0.078
67,1,57,0.081
68,1,57,0.143
69,1,57,0.326
70,1,58,0.09
71,1,58,0.058
72,1,58,0.075
73,1,58,0.213
74,1,58,0.067
75,1,58,0.058
76,1,58,0.246
77,1,58,0.049
78,1,58,0.137
79,1,58,0.068
80,1,59,0.083
81,1,59,0.06
82,1,59,0.08
83,1,59,0.087
84,1,59,0.168
85,1,59,0.077
86,1,59,0.088
87,1,59,0.051
88,1,59,0.069
89,1,59,0.332
90,1,60,0.05
91,1,60,0.085
92,1,60,0.576
93,1,60,0.312
94,1,60,0.061
95,1,60,0.067
96,1,60,0.083
97,1,60,0.066
98,1,60,0.067
99,1,60,0.069
0,15,51,0.178
1,15,51,0.398
2,15,51,0.984
3,15,51,0.16
4,15,51,0.165
5,15,51,0.16
6,15,51,0.218
7,15,51,0.151
8,15,51,0.813
9,15,51,0.891
10,15,52,0.665
11,15,52,0.148
12,15,52,4.105
13,15,52,0.193
14,15,52,0.383
15,15,52,0.196
16,15,52,0.243
17,15,52,0.168
18,15,52,0.356
19,15,52,0.142
20,15,53,0.324
21,15,53,0.193
22,15,53,0.186
23,15,53,0.366
24,15,53,6.872
25,15,53,0.198
26,15,53,0.725
27,15,53,0.174
28,15,53,0.16
29,15,53,0.196
30,15,54,0.174
31,15,54,0.222
32,15,54,0.422
33,15,54,0.187
34,15,54,0.212
35,15,54,0.353
36,15,54,1.965
37,15,54,0.154
38,15,54,0.147
39,15,54,0.237
40,15,55,0.235
41,15,55,0.152
42,15,55,0.804
43,15,55,0.181
44,15,55,2.183
45,15,55,0.193
46,15,55,0.171
47,15,55,1.09
48,15,55,2.75
49,15,55,0.175
50,15,56,0.158
51,15,56,0.158
52,15,56,0.152
53,15,56,0.237
54,15,56,0.12
55,15,56,0.155
56,15,56,0.175
57,15,56,5.99
58,15,56,0.211
59,15,56,0.211
60,15,57,0.151
61,15,57,0.219
62,15,57,0.275
63,15,57,0.152
64,15,57,0.228
65,15,57,0.177
66,15,57,0.174
67,15,57,0.189
68,15,57,0.193
69,15,57,0.431
70,15,58,0.518
71,15,58,0.573
72,15,58,0.185
73,15,58,0.167
74,15,58,0.266
75,15,58,0.15
76,15,58,0.224
77,15,58,0.142
78,15,58,0.176
79,15,58,0.188
80,15,59,0.19
81,15,59,20.777
82,15,59,0.208
83,15,59,0.284
84,15,59,0.164
85,15,59,0.199
86,15,59,0.185
87,15,59,0.157
88,15,59,0.181
89,15,59,0.303
90,15,60,0.188
91,15,60,0.231
92,15,60,0.274
93,15,60,4.941
94,15,60,0.151
95,15,60,0.287
96,15,60,0.163
97,15,60,0.194
98,15,60,0.174
99,15,60,1.619
0,5,51,0.08
1,5,51,0.097
2,5,51,0.437
3,5,51,0.489
4,5,51,0.119
5,5,51,0.207
6,5,51,1.487
7,5,51,0.128
8,5,51,0.123
9,5,51,0.096
10,5,52,0.288
11,5,52,0.11
12,5,52,0.187
13,5,52,0.182
14,5,52,0.18
15,5,52,0.059
16,5,52,0.095
17,5,52,0.219
18,5,52,0.257
19,5,52,0.171
20,5,53,2.815
21,5,53,0.239
22,5,53,0.106
23,5,53,15.316
24,5,53,0.119
25,5,53,0.097
26,5,53,0.24
27,5,53,0.376
28,5,53,0.141
29,5,53,2.886
30,5,54,0.123
31,5,54,0.093
32,5,54,0.301
33,5,54,0.147
34,5,54,0.115
35,5,54,0.088
36,5,54,4.794
37,5,54,0.088
38,5,54,0.274
39,5,54,0.074
40,5,55,0.225
41,5,55,2.186
42,5,55,0.587
43,5,55,0.086
44,5,55,0.146
45,5,55,0.177
46,5,55,0.086
47,5,55,0.234
48,5,55,0.66
49,5,55,1.096
50,5,56,0.088
51,5,56,0.108
52,5,56,0.327
53,5,56,0.147
54,5,56,0.063
55,5,56,0.394
56,5,56,0.234
57,5,56,0.112
58,5,56,0.074
59,5,56,0.072
60,5,57,0.095
61,5,57,0.105
62,5,57,0.21
63,5,57,0.129
64,5,57,0.11
65,5,57,0.868
66,5,57,8.149
67,5,57,0.082
68,5,57,0.113
69,5,57,0.12
70,5,58,10.587
71,5,58,0.42
72,5,58,0.157
73,5,58,0.148
74,5,58,0.172
75,5,58,0.1
76,5,58,2.816
77,5,58,0.114
78,5,58,0.06
79,5,58,0.502
80,5,59,0.146
81,5,59,0.29
82,5,59,0.111
83,5,59,0.165
84,5,59,0.238
85,5,59,0.453
86,5,59,0.081
87,5,59,8.413
88,5,59,0.201
89,5,59,0.087
90,5,60,0.118
91,5,60,0.101
92,5,60,0.106
93,5,60,0.077
94,5,60,0.104
95,5,60,0.055
96,5,60,0.162
97,5,60,0.359
98,5,60,0.126
99,5,60,0.207
0,10,61,1.599
1,10,61,1.487
2,10,61,0.152
3,10,61,0.107
4,10,61,0.139
5,10,61,1.895
6,10,61,0.211
7,10,61,0.247
8,10,61,0.674
9,10,61,0.177
10,10,62,0.132
11,10,62,0.576
12,10,62,0.143
13,10,62,24.049
14,10,62,0.366
15,10,62,0.114
16,10,62,0.17
17,10,62,0.719
18,10,62,0.184
19,10,62,0.157
20,10,63,0.119
21,10,63,7.845
22,10,63,1.198
23,10,63,0.123
24,10,63,0.303
25,10,63,0.138
26,10,63,0.631
27,10,63,1.471
28,10,63,0.186
29,10,63,0.136
30,10,64,1.333
31,10,64,6.514
32,10,64,30.454
33,10,64,0.155
34,10,64,0.352
35,10,64,0.391
36,10,64,0.504
37,10,64,1.395
38,10,64,17.088
39,10,64,0.116
40,10,65,3.016
41,10,65,2.649
42,10,65,0.369
43,10,65,0.227
44,10,65,0.226
45,10,65,0.147
46,10,65,0.23
47,10,65,0.185
48,10,65,3.136
49,10,65,0.134
50,10,66,0.194
51,10,66,1.404
52,10,66,21.339
53,10,66,3.132
54,10,66,0.581
55,10,66,0.856
56,10,66,0.265
57,10,66,0.165
58,10,66,1.005
59,10,66,0.319
60,10,67,0.265
61,10,67,0.964
62,10,67,0.321
63,10,67,0.602
64,10,67,0.158
65,10,67,0.333
66,10,67,0.373
67,10,67,0.844
68,10,67,0.259
69,10,67,0.2
70,10,68,0.986
71,10,68,0.253
72,10,68,0.183
73,10,68,0.412
74,10,68,0.123
75,10,68,1.28
76,10,68,8.93
77,10,68,4.637
78,10,68,2.541
79,10,68,2.737
80,10,69,0.254
81,10,69,0.459
82,10,69,0.145
83,10,69,0.364
84,10,69,0.165
85,10,69,0.254
86,10,69,0.239
87,10,69,0.263
88,10,69,0.578
89,10,69,0.153
90,10,70,0.157
91,10,70,0.239
92,10,70,0.236
93,10,70,0.189
94,10,70,0.27
95,10,70,0.307
96,10,70,55.91
97,10,70,0.836
98,10,70,0.501
99,10,70,0.131
0,15,61,0.211
1,15,61,0.219
2,15,61,0.573
3,15,61,0.225
4,15,61,0.206
5,15,61,0.215
6,15,61,0.157
7,15,61,0.197
8,15,61,0.15
9,15,61,0.285
10,15,62,0.292
11,15,62,0.282
12,15,62,0.228
13,15,62,0.419
14,15,62,0.166
15,15,62,0.223
16,15,62,1.085
17,15,62,18.463
18,15,62,0.179
19,15,62,0.18
20,15,63,0.269
21,15,63,0.119
22,15,63,0.554
23,15,63,13.397
24,15,63,0.186
25,15,63,0.157
26,15,63,0.191
27,15,63,0.282
28,15,63,0.39
29,15,63,0.38
30,15,64,0.288
31,15,64,0.131
32,15,64,0.274
33,15,64,0.224
34,15,64,0.151
35,15,64,0.162
36,15,64,0.2
37,15,64,0.336
38,15,64,0.192
39,15,64,0.211
40,15,65,0.695
41,15,65,1.424
42,15,65,0.213
43,15,65,0.223
44,15,65,2.054
45,15,65,0.422
46,15,65,0.269
47,15,65,0.136
48,15,65,0.341
49,15,65,0.254
50,15,66,0.68
51,15,66,0.202
52,15,66,0.403
53,15,66,0.162
54,15,66,0.194
55,15,66,2.358
56,15,66,0.258
57,15,66,0.418
58,15,66,0.996
59,15,66,0.301
60,15,67,0.23
61,15,67,3.88
62,15,67,0.86
63,15,67,0.467
64,15,67,0.413
65,15,67,0.189
66,15,67,0.146
67,15,67,0.189
68,15,67,0.219
69,15,67,0.17
70,15,68,0.192
71,15,68,1.175
72,15,68,0.198
73,15,68,0.182
74,15,68,0.219
75,15,68,0.223
76,15,68,0.225
77,15,68,0.236
78,15,68,1.06
79,15,68,0.248
80,15,69,0.266
81,15,69,1.091
82,15,69,0.413
83,15,69,0.194
84,15,69,1.339
85,15,69,0.236
86,15,69,0.194
87,15,69,0.44
88,15,69,0.309
89,15,69,0.205
90,15,70,0.797
91,15,70,0.189
92,15,70,0.63
93,15,70,3.546
94,15,70,0.222
95,15,70,0.373
96,15,70,0.138
97,15,70,5.542
98,15,70,0.248
99,15,70,0.584
0,1,61,0.1
1,1,61,0.066
2,1,61,0.092
3,1,61,0.039
4,1,61,0.088
5,1,61,0.07
6,1,61,0.038
7,1,61,0.085
8,1,61,0.052
9,1,61,0.155
10,1,62,0.058
11,1,62,0.041
12,1,62,0.352
13,1,62,0.057
14,1,62,0.136
15,1,62,0.068
16,1,62,0.079
17,1,62,0.081
18,1,62,0.121
19,1,62,0.035
20,1,63,0.068
21,1,63,0.067
22,1,63,0.064
23,1,63,0.854
24,1,63,0.032
25,1,63,0.54
26,1,63,0.126
27,1,63,0.125
28,1,63,0.401
29,1,63,0.142
30,1,64,0.113
31,1,64,0.069
32,1,64,0.092
33,1,64,0.074
34,1,64,0.057
35,1,64,0.196
36,1,64,0.079
37,1,64,0.078
38,1,64,0.068
39,1,64,0.191
40,1,65,0.086
41,1,65,0.075
42,1,65,0.092
43,1,65,0.069
44,1,65,0.112
45,1,65,0.105
46,1,65,0.04
47,1,65,0.085
48,1,65,0.057
49,1,65,0.113
50,1,66,0.111
51,1,66,0.058
52,1,66,0.091
53,1,66,0.616
54,1,66,0.135
55,1,66,0.062
56,1,66,0.088
57,1,66,0.114
58,1,66,0.11
59,1,66,0.04
60,1,67,0.067
61,1,67,0.261
62,1,67,0.19
63,1,67,0.195
64,1,67,0.04
65,1,67,0.046
66,1,67,0.208
67,1,67,0.125
68,1,67,0.076
69,1,67,0.075
70,1,68,0.19
71,1,68,0.566
72,1,68,0.581
73,1,68,0.166
74,1,68,0.062
75,1,68,0.094
76,1,68,0.117
77,1,68,0.209
78,1,68,0.085
79,1,68,0.092
80,1,69,0.094
81,1,69,0.284
82,1,69,0.058
83,1,69,0.091
84,1,69,0.226
85,1,69,0.72
86,1,69,0.064
87,1,69,0.092
88,1,69,0.075
89,1,69,0.1
90,1,70,0.444
91,1,70,0.1
92,1,70,0.093
93,1,70,0.139
94,1,70,0.109
95,1,70,0.15
96,1,70,0.125
97,1,70,0.18
98,1,70,0.269
99,1,70,0.133
0,5,61,0.12
1,5,61,0.189
2,5,61,0.053
3,5,61,0.27
4,5,61,2.888
5,5,61,0.792
6,5,61,0.802
7,5,61,0.496
8,5,61,0.142
9,5,61,0.095
10,5,62,0.231
11,5,62,0.61
12,5,62,0.099
13,5,62,0.075
14,5,62,0.123
15,5,62,3.643
16,5,62,0.088
17,5,62,0.199
18,5,62,0.261
19,5,62,0.251
20,5,63,0.079
21,5,63,0.119
22,5,63,0.911
23,5,63,0.407
24,5,63,0.133
25,5,63,0.633
26,5,63,1.229
27,5,63,0.069
28,5,63,0.093
29,5,63,0.292
30,5,64,0.134
31,5,64,0.407
32,5,64,0.214
33,5,64,0.244
34,5,64,0.238
35,5,64,0.116
36,5,64,0.482
37,5,64,1.927
38,5,64,0.162
39,5,64,0.407
40,5,65,0.222
41,5,65,0.13
42,5,65,123.147
43,5,65,3.124
44,5,65,0.347
45,5,65,0.126
46,5,65,0.619
47,5,65,7.337
48,5,65,0.128
49,5,65,0.192
50,5,66,4.4
51,5,66,0.375
52,5,66,54.328
53,5,66,0.167
54,5,66,0.859
55,5,66,0.136
56,5,66,2.567
57,5,66,0.138
58,5,66,0.164
59,5,66,0.542
60,5,67,0.169
61,5,67,0.225
62,5,67,0.144
63,5,67,0.068
64,5,67,0.142
65,5,67,0.18
66,5,67,0.149
67,5,67,0.236
68,5,67,0.072
69,5,67,0.079
70,5,68,0.325
71,5,68,0.099
72,5,68,0.059
0,10,71,0.159
1,10,71,0.309
2,10,71,0.331
3,10,71,0.319
4,10,71,0.181
5,10,71,0.433
6,10,71,145.013
7,10,71,0.231
8,10,71,0.161
9,10,71,0.157
10,10,72,0.213
11,10,72,0.191
0,15,71,0.414
1,15,71,2.394
2,15,71,0.174
3,15,71,0.736
4,15,71,0.338
5,15,71,0.509
6,15,71,0.391
7,15,71,0.774
8,15,71,0.308
9,15,71,76.531
10,15,72,0.327
11,15,72,0.36
12,15,72,1.253
13,15,72,1.439
14,15,72,0.234
15,15,72,0.235
16,15,72,0.216
17,15,72,0.445
18,15,72,0.244
19,15,72,0.851
20,15,73,0.214
21,15,73,0.284
22,15,73,0.66
23,15,73,0.212
24,15,73,1.493
25,15,73,1.757
26,15,73,0.212
27,15,73,0.256
28,15,73,4.378
29,15,73,0.833
30,15,74,0.383
31,15,74,0.327
32,15,74,0.239
33,15,74,0.404
34,15,74,0.299
35,15,74,1.148
36,15,74,0.348
37,15,74,4.219
38,15,74,0.221
39,15,74,4.4
40,15,75,0.343
41,15,75,0.153
42,15,75,0.229
43,15,75,0.45
44,15,75,0.666
45,15,75,0.345
46,15,75,0.198
47,15,75,0.421
48,15,75,26.287
49,15,75,0.646
0,1,71,0.081
1,1,71,0.102
2,1,71,0.086
3,1,71,0.55
4,1,71,0.277
5,1,71,0.203
6,1,71,0.069
7,1,71,0.14
8,1,71,0.07
9,1,71,0.165
10,1,72,0.35
11,1,72,0.411
12,1,72,0.127
13,1,72,0.151
14,1,72,0.079
15,1,72,0.057
16,1,72,0.275
17,1,72,0.207
18,1,72,0.071
19,1,72,0.963
20,1,73,0.088
21,1,73,0.08
22,1,73,0.077
23,1,73,0.364
24,1,73,0.05
25,1,73,0.062
26,1,73,0.726
27,1,73,0.038
28,1,73,0.224
29,1,73,0.068
30,1,74,0.197
31,1,74,0.097
32,1,74,0.058
33,1,74,2.158
34,1,74,0.082
35,1,74,0.219
36,1,74,0.698
37,1,74,0.081
38,1,74,0.121
39,1,74,0.074
40,1,75,0.077
41,1,75,0.056
42,1,75,0.166
43,1,75,0.066
44,1,75,0.24
45,1,75,0.06
46,1,75,2.954
47,1,75,0.095
48,1,75,0.068
49,1,75,0.356
0,5,71,0.26
1,5,71,0.564
2,5,71,11.664
3,5,71,0.174
4,5,71,15.218
5,5,71,0.77
6,5,71,0.205
7,5,71,1.85
8,5,71,0.514
9,5,71,0.356
10,5,72,0.102
11,5,72,0.177
12,5,72,1.266
13,5,72,0.196
14,5,72,0.096
15,5,72,0.096
16,5,72,0.472
17,5,72,0.104
18,5,72,0.133
19,5,72,4.465
20,5,73,0.234
21,5,73,0.177
22,5,73,0.08
23,5,73,0.71
24,5,73,2.011
25,5,73,0.222
26,5,73,0.161
27,5,73,0.124
28,5,73,1.363
29,5,73,5.629
30,5,74,0.24
31,5,74,0.074
32,5,74,0.131
33,5,74,0.24
34,5,74,0.968
35,5,74,0.13
36,5,74,0.131
37,5,74,0.311
38,5,74,0.105
39,5,74,0.142
40,5,75,0.09
41,5,75,0.346
42,5,75,2.701
43,5,75,0.059
44,5,75,0.747
45,5,75,1.36
46,5,75,0.08
47,5,75,0.152
48,5,75,2.672
49,5,75,157.074
0,10,76,0.526
1,10,76,0.373
2,10,76,2.623
3,10,76,0.103
4,10,76,0.162
5,10,76,0.309
6,10,76,34.031
7,10,76,0.446
8,10,76,0.693
9,10,76,0.154
10,10,77,4.558
11,10,77,0.157
12,10,77,0.814
13,10,77,15.86
14,10,77,0.367
15,10,77,0.345
16,10,77,0.559
17,10,77,0.25
18,10,77,0.22
19,10,77,0.167
20,10,78,2.621
21,10,78,0.346
22,10,78,0.159
23,10,78,0.193
24,10,78,1.182
25,10,78,0.241
26,10,78,0.182
27,10,78,0.152
28,10,78,0.181
29,10,78,0.215
0,15,76,0.343
1,15,76,0.249
2,15,76,0.195
3,15,76,0.813
4,15,76,0.427
5,15,76,0.364
6,15,76,0.362
7,15,76,0.323
8,15,76,0.322
9,15,76,0.236
10,15,77,0.394
11,15,77,0.231
0,1,76,0.06
1,1,76,0.103
2,1,76,0.072
3,1,76,0.131
4,1,76,0.081
5,1,76,0.287
6,1,76,0.101
7,1,76,0.203
8,1,76,0.101
9,1,76,0.355
10,1,77,0.975
11,1,77,0.039
12,1,77,0.129
13,1,77,0.159
14,1,77,0.076
15,1,77,0.472
16,1,77,0.075
17,1,77,0.1
18,1,77,0.202
19,1,77,0.161
20,1,78,0.073
21,1,78,0.986
22,1,78,0.415
23,1,78,0.126
24,1,78,0.064
25,1,78,0.095
26,1,78,0.068
27,1,78,0.128
28,1,78,0.087
29,1,78,0.066
0,10,79,4.326
1,10,79,7.592
2,10,79,0.203
3,10,79,0.347
4,10,79,0.5
5,10,79,28.674
6,10,79,0.2
7,10,79,0.426
8,10,79,0.201
9,10,79,0.092
10,10,80,0.255
11,10,80,0.318
12,10,80,0.173
13,10,80,0.398
14,10,80,0.229
15,10,80,0.181
16,10,80,0.336
17,10,80,0.194
18,10,80,2.489
19,10,80,2.444
0,15,79,115.605
1,15,79,0.234
2,15,79,5.944
3,15,79,1.082
4,15,79,3.062
5,15,79,1.887
6,15,79,0.297
7,15,79,1.806
8,15,79,0.363
9,15,79,0.542
10,15,80,0.266
11,15,80,0.217
12,15,80,2.682
13,15,80,1.152
14,15,80,0.912
15,15,80,4.163
16,15,80,1.132
17,15,80,0.311
18,15,80,0.948
19,15,80,0.316
0,1,79,0.107
1,1,79,0.117
2,1,79,0.097
3,1,79,0.134
4,1,79,0.201
5,1,79,0.252
6,1,79,0.14
7,1,79,0.637
8,1,79,0.075
9,1,79,0.178
10,1,80,0.107
11,1,80,0.338
12,1,80,0.362
13,1,80,0.351
14,1,80,0.074
15,1,80,0.076
16,1,80,0.3
17,1,80,0.076
18,1,80,0.053
19,1,80,0.068
0,15,81,0.272
1,15,81,0.227
2,15,81,33.851
3,15,81,1.559
4,15,81,0.221
5,15,81,149.002
6,15,81,0.614
7,15,81,0.512
8,15,81,0.258
9,15,81,15.936
10,15,82,1.527
11,15,82,0.5
12,15,82,2.454
13,15,82,0.721
14,15,82,1.116
15,15,82,1.549
16,15,82,43.19
17,15,82,6.281
18,15,82,7.972
19,15,82,3.538
0,1,81,0.34
1,1,81,0.805
2,1,81,0.109
3,1,81,0.321
4,1,81,0.111
5,1,81,0.086
6,1,81,0.131
7,1,81,0.448
8,1,81,0.115
9,1,81,0.205
10,1,82,0.08
11,1,82,0.413
12,1,82,0.066
13,1,82,0.439
14,1,82,0.094
15,1,82,0.887
16,1,82,0.092
17,1,82,0.042
18,1,82,0.108
19,1,82,0.043
0,5,81,0.287
1,5,81,0.121
2,5,81,0.979
3,5,81,0.997
4,5,81,0.126
5,5,81,0.626
6,5,81,0.149
7,5,81,1.502
8,5,81,0.148
9,5,81,8.986
10,5,82,63.198
11,5,82,0.111
12,5,82,0.145
13,5,82,0.249
14,5,82,0.135
15,5,82,0.105
16,5,82,1.686
17,5,82,0.567
18,5,82,0.123
19,5,82,0.434
0,10,83,0.909
1,10,83,0.209
2,10,83,0.143
3,10,83,0.529
4,10,83,0.207
5,10,83,0.284
6,10,83,11.53
7,10,83,0.23
8,10,83,0.236
9,10,83,2.107
10,10,84,0.4
11,10,84,0.129
0,1,83,0.341
1,1,83,0.45
2,1,83,0.106
3,1,83,0.108
4,1,83,0.642
5,1,83,0.123
6,1,83,0.212
7,1,83,0.065
8,1,83,0.486
9,1,83,0.098
10,1,84,0.085
11,1,84,0.433
12,1,84,0.117
13,1,84,0.099
14,1,84,0.15
15,1,84,1.017
16,1,84,0.067
17,1,84,0.063
18,1,84,0.04
19,1,84,0.081
0,5,83,217.958
1,5,83,0.226
2,5,83,0.623
3,5,83,0.181
4,5,83,0.575
5,5,83,2.475
6,5,83,0.137
7,5,83,0.636
8,5,83,0.102
9,5,83,0.145
10,5,84,0.245
11,5,84,0.112
12,5,84,0.519
13,5,84,0.343
14,5,84,0.178
15,5,84,0.156
16,5,84,0.17
17,5,84,0.299
18,5,84,0.331
19,5,84,0.541
0,10,85,2.251
1,10,85,0.267
2,10,85,100.38
3,10,85,0.954
4,10,85,0.536
5,10,85,0.967
6,10,85,15.959
7,10,85,0.202
8,10,85,0.903
9,10,85,1.102
10,10,86,1.269
11,10,86,0.529
12,10,86,0.373
13,10,86,0.275
14,10,86,97.769
15,10,86,0.517
16,10,86,0.304
17,10,86,0.831
18,10,86,0.197
19,10,86,0.209
0,15,85,0.411
1,15,85,0.229
2,15,85,0.437
3,15,85,0.222
4,15,85,0.643
5,15,85,0.193
6,15,85,2.272
7,15,85,0.323
8,15,85,0.963
9,15,85,0.432
10,15,86,0.239
11,15,86,0.366
0,1,85,0.186
1,1,85,0.065
2,1,85,0.097
3,1,85,0.109
4,1,85,0.104
5,1,85,0.787
6,1,85,0.121
7,1,85,0.122
8,1,85,0.409
9,1,85,0.371
10,1,86,0.225
11,1,86,0.149
12,1,86,0.076
13,1,86,0.124
14,1,86,0.111
15,1,86,0.093
16,1,86,0.307
17,1,86,0.071
18,1,86,0.942
19,1,86,0.073
0,5,85,0.212
1,5,85,0.151
2,5,85,0.103
3,5,85,0.54
4,5,85,1.881
5,5,85,1.913
6,5,85,0.113
7,5,85,0.17
8,5,85,0.966
9,5,85,5.783
10,5,86,0.585
11,5,86,0.217
12,5,86,0.297
13,5,86,0.228
14,5,86,0.24
15,5,86,0.148
16,5,86,0.124
17,5,86,297.925
18,5,86,0.355
19,5,86,0.156
0,10,87,0.887
1,10,87,0.193
2,10,87,0.229
3,10,87,0.257
4,10,87,4.1
5,10,87,2.278
6,10,87,0.389
7,10,87,1.518
8,10,87,5.38
9,10,87,0.91
10,10,88,0.95
11,10,88,0.699
12,10,88,0.204
13,10,88,1.622
14,10,88,0.545
15,10,88,0.176
16,10,88,0.4
17,10,88,10.34
18,10,88,524.029
19,10,88,1.616
0,1,87,0.182
1,1,87,0.362
2,1,87,0.115
3,1,87,0.094
4,1,87,0.145
5,1,87,0.15
6,1,87,0.369
7,1,87,0.115
8,1,87,0.048
9,1,87,0.272
10,1,88,0.082
11,1,88,0.305
12,1,88,0.141
13,1,88,0.719
14,1,88,0.07
15,1,88,0.13
16,1,88,0.585
17,1,88,0.096
18,1,88,0.081
19,1,88,0.537
0,5,87,98.773
1,5,87,0.134
2,5,87,0.258
3,5,87,0.085
4,5,87,0.278
5,5,87,0.149
6,5,87,1.811
7,5,87,0.183
8,5,87,0.375
9,5,87,0.121
10,5,88,0.273
11,5,88,0.165
12,5,88,73.049
13,5,88,0.148
14,5,88,0.223
15,5,88,2.616
16,5,88,0.934
17,5,88,2.67
18,5,88,147.663
19,5,88,6.797
0,10,89,0.15
1,10,89,0.211
2,10,89,8.412
3,10,89,0.998
4,10,89,0.164
5,10,89,18.516
6,10,89,6.03
7,10,89,0.128
8,10,89,0.151
9,10,89,0.2
10,10,90,0.366
11,10,90,1.117
0,15,89,2.777
1,15,89,0.196
2,15,89,3.688
3,15,89,2.066
4,15,89,0.895
5,15,89,0.528
6,15,89,2.742
7,15,89,3.213
8,15,89,0.271
9,15,89,0.282
10,15,90,0.364
11,15,90,0.375
0,1,89,0.936
1,1,89,0.047
2,1,89,0.253
3,1,89,0.417
4,1,89,0.419
5,1,89,0.792
6,1,89,0.098
7,1,89,0.124
8,1,89,0.133
9,1,89,0.321
10,1,90,0.051
11,1,90,0.336
12,1,90,0.109
13,1,90,0.107
14,1,90,0.094
15,1,90,0.12
16,1,90,0.045
17,1,90,1.487
18,1,90,0.183
19,1,90,0.103
0,5,89,0.472
1,5,89,0.722
2,5,89,0.467
3,5,89,6.092
4,5,89,0.205
5,5,89,1.472
6,5,89,87.877
7,5,89,0.283
8,5,89,5.4
9,5,89,0.524
10,5,90,18.038
11,5,90,0.08
0,15,91,2.374
1,15,91,0.51
2,15,91,0.371
3,15,91,0.207
4,15,91,0.823
5,15,91,8.189
6,15,91,0.308
7,15,91,0.374
8,15,91,3.135
9,15,91,0.285
0,1,91,0.183
1,1,91,0.093
2,1,91,0.08
3,1,91,0.127
4,1,91,0.203
5,1,91,0.183
6,1,91,0.332
7,1,91,0.06
8,1,91,0.167
9,1,91,1.008
0,15,92,1.436
1,15,92,0.251
2,15,92,4.702
3,15,92,7.466
4,15,92,78.644
5,15,92,19.584
6,15,92,0.379
7,15,92,0.342
8,15,92,2.414
9,15,92,0.648
0,1,92,0.299
1,1,92,1.286
2,1,92,0.086
3,1,92,0.134
4,1,92,0.108
5,1,92,0.136
6,1,92,0.387
7,1,92,0.494
8,1,92,0.281
9,1,92,2.795
0,5,92,0.497
1,5,92,2.099
2,5,92,0.178
3,5,92,3.646
4,5,92,0.136
5,5,92,0.741
6,5,92,0.125
7,5,92,0.082
8,5,92,0.179
9,5,92,0.149
0,10,93,0.359
1,10,93,0.253
2,10,93,3.24
3,10,93,0.184
4,10,93,3.906
5,10,93,0.206
6,10,93,0.632
7,10,93,0.385
8,10,93,0.289
9,10,93,0.764
0,1,93,0.118
1,1,93,1.906
2,1,93,0.101
3,1,93,0.102
4,1,93,0.118
5,1,93,0.111
6,1,93,0.292
7,1,93,0.246
8,1,93,1.599
9,1,93,0.652
0,1,94,0.313
1,1,94,0.073
2,1,94,0.098
3,1,94,1.112
4,1,94,0.101
5,1,94,0.094
6,1,94,0.96
7,1,94,0.453
8,1,94,0.168
9,1,94,0.189
0,5,94,20.821
1,5,94,0.2
2,5,94,0.306
3,5,94,200.675
4,5,94,0.127
5,5,94,5.33
6,5,94,0.247
7,5,94,5.104
8,5,94,0.476
9,5,94,1.546
0,10,95,2.966
1,10,95,2.075
2,10,95,0.578
3,10,95,0.117
4,10,95,1.051
5,10,95,0.188
6,10,95,0.391
7,10,95,47.488
8,10,95,0.192
9,10,95,210.412
0,1,95,0.433
1,1,95,0.05
2,1,95,0.383
3,1,95,0.961
4,1,95,1.385
5,1,95,0.471
6,1,95,0.815
7,1,95,0.073
8,1,95,0.342
9,1,95,1.37
0,5,95,27.414
1,5,95,23.89
2,5,95,0.608
3,5,95,5.038
4,5,95,23.142
5,5,95,0.581
6,5,95,0.403
7,5,95,0.304
8,5,95,0.283
9,5,95,0.765
0,15,96,0.533
1,15,96,180.422
2,15,96,0.5
3,15,96,15.396
4,15,96,0.737
5,15,96,0.374
6,15,96,0.373
7,15,96,0.579
8,15,96,3.322
9,15,96,0.394
0,1,96,0.109
1,1,96,0.048
2,1,96,0.158
3,1,96,0.113
4,1,96,0.41
5,1,96,0.252
6,1,96,0.096
7,1,96,0.307
8,1,96,0.136
9,1,96,0.211
0,5,96,0.226
1,5,96,0.32
2,5,96,0.283
3,5,96,0.268
4,5,96,0.514
5,5,96,0.145
6,5,96,0.326
7,5,96,82.891
8,5,96,0.097
9,5,96,0.114
0,10,97,2.344
1,10,97,29.158
2,10,97,0.55
3,10,97,0.65
4,10,97,0.322
5,10,97,7.345
6,10,97,1.035
7,10,97,0.212
8,10,97,0.879
9,10,97,48.587
0,15,97,0.294
1,15,97,0.394
2,15,97,7.303
3,15,97,0.299
4,15,97,5.812
5,15,97,238.778
6,15,97,0.282
7,15,97,0.267
8,15,97,0.344
9,15,97,0.534
0,1,97,0.137
1,1,97,0.334
2,1,97,1.006
3,1,97,0.056
4,1,97,0.33
5,1,97,0.088
6,1,97,0.146
7,1,97,0.136
8,1,97,0.392
9,1,97,0.548
0,5,97,0.183
1,5,97,0.919
2,5,97,0.75
3,5,97,0.228
4,5,97,0.183
5,5,97,25.057
6,5,97,0.378
7,5,97,0.147
8,5,97,0.297
9,5,97,41.443
0,15,98,0.624
1,15,98,35.275
2,15,98,0.441
3,15,98,0.449
4,15,98,0.627
5,15,98,1.987
6,15,98,1.113
7,15,98,0.353
8,15,98,9.138
9,15,98,5.919
0,1,98,0.113
1,1,98,0.393
2,1,98,0.234
3,1,98,0.797
4,1,98,0.151
5,1,98,0.059
6,1,98,0.117
7,1,98,0.048
8,1,98,0.551
9,1,98,1.144
0,5,98,0.21
1,5,98,0.757
2,5,98,0.162
3,5,98,0.591
4,5,98,0.273
5,5,98,0.088
6,5,98,0.167
7,5,98,0.579
8,5,98,4.789
9,5,98,0.55
0,15,99,1.076
1,15,99,3.781
2,15,99,0.644
3,15,99,0.246
4,15,99,5.26
5,15,99,2.443
6,15,99,0.387
7,15,99,8.79
8,15,99,70.774
9,15,99,0.358
0,1,99,1.744
1,1,99,0.464
2,1,99,0.895
3,1,99,0.274
4,1,99,0.364
5,1,99,0.213
6,1,99,0.074
7,1,99,0.092
8,1,99,0.09
9,1,99,0.108
0,5,99,0.159
1,5,99,0.264
2,5,99,0.16
3,5,99,164.705
4,5,99,0.176
5,5,99,0.577
6,5,99,0.222
7,5,99,0.383
8,5,99,10.753
9,5,99,0.109
0,10,103,0.223
1,10,103,1.194
2,10,103,1.199
3,10,103,0.62
4,10,103,0.388
5,10,103,0.362
6,10,103,0.485
7,10,103,0.239
8,10,103,0.219
9,10,103,0.246
0,1,103,0.671
1,1,103,0.686
2,1,103,0.302
3,1,103,0.217
4,1,103,0.764
5,1,103,0.116
6,1,103,0.268
7,1,103,0.077
8,1,103,0.362
9,1,103,0.163
0,1,104,1.031
1,1,104,0.185
2,1,104,0.059
3,1,104,0.154
4,1,104,0.458
5,1,104,0.093
6,1,104,7.55
7,1,104,0.149
8,1,104,21.191
9,1,104,0.298
0,15,104,0.443
1,15,104,0.668
2,15,104,0.268
3,15,104,0.188
4,15,104,0.582
5,15,104,0.797
6,15,104,0.758
7,15,104,7.65
8,15,104,0.329
9,15,104,53.382
0,1,105,0.24
1,1,105,0.056
2,1,105,0.152
3,1,105,0.569
4,1,105,0.503
5,1,105,0.186
6,1,105,0.09
7,1,105,0.097
8,1,105,0.114
9,1,105,0.404
0,5,105,0.303
1,5,105,98.264
2,5,105,0.274
3,5,105,0.108
4,5,105,41.862
5,5,105,10.99
6,5,105,9.091
7,5,105,0.338
8,5,105,0.44
9,5,105,0.222
0,1,106,0.144
1,1,106,0.126
2,1,106,1.406
3,1,106,0.324
4,1,106,0.41
5,1,106,0.417
6,1,106,0.135
7,1,106,0.087
8,1,106,0.243
9,1,106,0.052
0,5,106,0.645
1,5,106,0.095
2,5,106,0.515
3,5,106,9.682
4,5,106,0.202
5,5,106,1.081
6,5,106,18.89
7,5,106,4.248
8,5,106,0.623
9,5,106,0.209
0,1,107,0.277
1,1,107,0.166
2,1,107,0.181
3,1,107,1.764
4,1,107,0.121
5,1,107,0.096
6,1,107,0.257
7,1,107,0.499
8,1,107,0.304
9,1,107,0.15
0,1,108,0.833
1,1,108,0.306
2,1,108,0.055
3,1,108,0.117
4,1,108,0.154
5,1,108,0.11
6,1,108,1.026
7,1,108,0.33
8,1,108,0.117
9,1,108,0.258
0,1,109,0.79
1,1,109,0.191
2,1,109,0.167
3,1,109,0.317
4,1,109,0.057
5,1,109,0.084
6,1,109,4.53
7,1,109,0.057
8,1,109,0.364
9,1,109,0.133
0,1,100,0.121
1,1,100,0.249
2,1,100,0.125
3,1,100,0.128
4,1,100,0.269
5,1,100,0.808
6,1,100,0.139
7,1,100,0.106
8,1,100,0.409
9,1,100,0.458
0,5,100,22.026
1,5,100,0.168
2,5,100,8.485
3,5,100,0.276
4,5,100,0.28
5,5,100,0.155
6,5,100,0.179
7,5,100,0.246
8,5,100,0.146
9,5,100,0.609
0,10,10,0.043
1,10,10,0.029
2,10,10,0.076
3,10,10,0.026
4,10,10,0.024
5,10,10,0.025
6,10,11,0.032
7,10,11,0.058
8,10,11,0.033
9,10,11,0.03
10,10,11,0.03
11,10,11,0.034
12,10,11,0.029
13,10,11,0.031
14,10,11,0.032
15,10,11,0.029
16,10,12,0.035
17,10,12,0.032
18,10,12,0.228
19,10,12,0.043
20,10,12,0.03
21,10,12,0.031
22,10,12,0.033
23,10,12,0.03
24,10,12,0.033
25,10,12,0.031
26,10,13,0.032
27,10,13,0.032
28,10,13,0.034
29,10,13,0.082
30,10,13,0.087
31,10,13,0.039
32,10,13,0.036
33,10,13,0.044
34,10,13,0.036
35,10,13,0.03
36,10,14,0.116
37,10,14,0.033
38,10,14,0.035
39,10,14,0.037
40,10,14,0.035
41,10,14,0.037
42,10,14,0.041
43,10,14,0.034
44,10,14,0.036
45,10,14,0.035
46,10,15,0.037
47,10,15,0.036
48,10,15,0.036
49,10,15,0.04
50,10,15,0.046
51,10,15,0.038
52,10,15,0.037
53,10,15,0.037
54,10,15,0.036
55,10,15,0.036
56,10,16,0.044
57,10,16,0.047
58,10,16,0.037
59,10,16,0.034
60,10,16,0.107
61,10,16,0.044
62,10,16,0.035
63,10,16,0.038
64,10,16,0.077
65,10,16,0.041
66,10,17,0.045
67,10,17,0.037
68,10,17,0.043
69,10,17,0.041
70,10,17,0.04
71,10,17,0.044
72,10,17,0.041
73,10,17,0.052
74,10,17,0.061
75,10,17,0.039
76,10,18,0.05
77,10,18,0.043
78,10,18,0.04
79,10,18,0.044
80,10,18,0.043
81,10,18,0.039
82,10,18,0.042
83,10,18,0.054
84,10,18,0.055
85,10,18,0.044
86,10,19,0.05
87,10,19,0.051
88,10,19,0.045
89,10,19,0.052
90,10,19,0.048
91,10,19,0.043
92,10,19,0.045
93,10,19,0.041
94,10,19,0.038
95,10,19,0.04
96,10,20,0.047
97,10,20,0.056
98,10,20,0.068
99,10,20,0.047
100,10,20,0.052
101,10,20,0.046
102,10,20,0.045
103,10,20,0.048
104,10,20,0.05
105,10,20,0.043
106,10,21,0.057
107,10,21,0.048
108,10,21,0.057
109,10,21,0.053
110,10,21,0.056
111,10,21,0.054
112,10,21,0.048
113,10,21,0.058
114,10,21,0.055
115,10,21,0.055
116,10,22,0.078
117,10,22,0.056
118,10,22,0.055
119,10,22,0.05
120,10,22,0.055
121,10,22,0.065
122,10,22,0.054
123,10,22,0.058
124,10,22,0.062
125,10,22,0.056
126,10,23,0.058
127,10,23,0.063
128,10,23,0.063
129,10,23,0.06
130,10,23,0.067
131,10,23,0.056
132,10,23,0.056
133,10,23,0.073
134,10,23,0.06
135,10,23,0.052
136,10,24,0.072
137,10,24,0.1
138,10,24,0.109
139,10,24,0.056
140,10,24,0.058
141,10,24,0.057
142,10,24,0.058
143,10,24,0.063
144,10,24,0.064
145,10,24,0.067
146,10,25,0.054
147,10,25,0.073
148,10,25,0.073
149,10,25,0.063
150,10,25,0.066
151,10,25,0.05
152,10,25,0.054
153,10,25,0.055
154,10,25,0.053
155,10,25,0.051
156,10,26,0.06
157,10,26,0.062
158,10,26,0.064
159,10,26,0.15
160,10,26,0.067
161,10,26,0.055
162,10,26,0.055
163,10,26,0.063
164,10,26,0.07
165,10,26,0.079
166,10,27,0.068
167,10,27,0.068
168,10,27,0.084
169,10,27,0.061
170,10,27,0.073
171,10,27,0.051
172,10,27,0.061
173,10,27,0.063
174,10,27,0.072
175,10,27,0.128
176,10,28,0.07
177,10,28,0.066
178,10,28,0.071
179,10,28,0.077
180,10,28,0.071
181,10,28,0.08
182,10,28,0.072
183,10,28,0.15
184,10,28,0.053
185,10,28,0.056
186,10,29,0.066
187,10,29,0.117
188,10,29,0.065
189,10,29,0.097
190,10,29,0.06
191,10,29,0.077
192,10,29,0.061
193,10,29,0.127
194,10,29,0.084
195,10,29,0.1
196,10,30,0.148
197,10,30,0.077
198,10,30,0.132
199,10,30,0.066
200,10,30,0.072
201,10,30,0.094
202,10,30,0.099
203,10,30,0.072
204,10,30,0.222
205,10,30,0.078
206,10,31,0.102
207,10,31,0.078
208,10,31,0.066
209,10,31,0.084
210,10,31,0.07
211,10,31,0.139
212,10,31,0.094
213,10,31,0.077
214,10,31,0.06
215,10,31,0.077
216,10,32,0.078
217,10,32,0.077
218,10,32,0.072
219,10,32,0.083
220,10,32,0.109
221,10,32,0.083
222,10,32,0.084
223,10,32,0.125
224,10,32,0.088
225,10,32,0.083
226,10,33,0.099
227,10,33,0.083
228,10,33,0.071
229,10,33,0.089
230,10,33,0.104
231,10,33,0.077
232,10,33,0.091
233,10,33,0.349
234,10,33,0.063
235,10,33,0.098
236,10,34,0.425
237,10,34,0.094
238,10,34,0.508
239,10,34,0.129
240,10,34,0.082
241,10,34,0.092
242,10,34,0.187
243,10,34,0.096
244,10,34,0.091
245,10,34,0.08
246,10,35,0.086
247,10,35,0.068
248,10,35,0.108
249,10,35,0.137
250,10,35,0.11
251,10,35,0.079
252,10,35,0.115
253,10,35,0.099
254,10,35,0.083
255,10,35,0.089
256,10,36,0.102
257,10,36,0.101
258,10,36,0.083
259,10,36,0.07
260,10,36,0.145
261,10,36,0.142
262,10,36,0.117
263,10,36,0.087
264,10,36,0.135
265,10,36,0.094
266,10,37,0.097
267,10,37,0.065
268,10,37,0.069
269,10,37,0.096
270,10,37,0.081
271,10,37,0.246
272,10,37,0.169
273,10,37,0.102
274,10,37,0.105
275,10,37,0.083
276,10,38,0.098
277,10,38,0.105
278,10,38,0.102
279,10,38,0.115
280,10,38,0.116
281,10,38,0.193
282,10,38,0.107
283,10,38,0.107
284,10,38,0.09
285,10,38,0.118
286,10,39,0.102
287,10,39,0.065
288,10,39,0.086
289,10,39,0.095
290,10,39,0.09
291,10,39,0.121
292,10,39,0.104
293,10,39,0.188
294,10,39,0.13
295,10,39,0.088
296,10,40,0.179
297,10,40,0.088
298,10,40,0.116
299,10,40,0.109
300,10,40,0.101
301,10,40,0.117
302,10,40,0.108
303,10,40,0.095
304,10,40,0.179
305,10,40,0.199
306,10,41,0.106
307,10,41,0.111
308,10,41,0.088
309,10,41,0.141
310,10,41,0.127
311,10,41,0.096
312,10,41,0.093
313,10,41,0.112
314,10,41,0.116
315,10,41,0.114
316,10,42,0.099
317,10,42,0.129
318,10,42,0.114
319,10,42,0.112
320,10,42,0.122
321,10,42,0.105
322,10,42,0.111
323,10,42,0.117
324,10,42,0.084
325,10,42,0.186
326,10,43,0.104
327,10,43,0.125
328,10,43,0.097
329,10,43,0.155
330,10,43,0.13
331,10,43,0.098
332,10,43,0.121
333,10,43,0.107
334,10,43,0.085
335,10,43,0.146
336,10,44,0.107
337,10,44,0.127
338,10,44,0.093
339,10,44,0.193
340,10,44,0.138
341,10,44,0.117
342,10,44,0.178
343,10,44,0.101
344,10,44,0.122
345,10,44,0.351
346,10,45,0.12
347,10,45,0.372
348,10,45,0.099
349,10,45,0.138
350,10,45,0.095
351,10,45,0.119
352,10,45,0.133
353,10,45,0.105
354,10,45,0.186
355,10,45,4.127
356,10,46,0.568
357,10,46,0.101
358,10,46,0.099
359,10,46,0.113
360,10,46,1.087
361,10,46,0.115
362,10,46,0.132
363,10,46,0.407
364,10,46,0.108
365,10,46,0.213
366,10,47,0.176
367,10,47,0.356
368,10,47,0.09
369,10,47,0.186
370,10,47,0.253
371,10,47,0.259
372,10,47,0.151
373,10,47,0.142
374,10,47,0.094
375,10,47,0.13
376,10,48,0.134
377,10,48,0.101
378,10,48,0.176
379,10,48,0.136
380,10,48,0.244
381,10,48,0.181
382,10,48,0.096
383,10,48,0.132
384,10,48,0.086
385,10,48,0.14
386,10,49,0.158
387,10,49,8.295
388,10,49,0.355
389,10,49,0.219
390,10,49,0.179
391,10,49,0.364
392,10,49,0.131
393,10,49,0.288
394,10,49,0.139
395,10,49,0.113
396,10,50,0.174
397,10,50,1.347
398,10,50,0.337
399,10,50,0.456
400,10,50,0.142
401,10,50,0.123
402,10,50,0.127
403,10,50,0.163
404,10,50,0.2
405,10,50,0.123
0,1,2,0.015
1,1,2,0.005
2,1,2,0.005
3,1,2,0.004
4,1,2,0.005
5,1,2,0.005
6,1,3,0.007
7,1,3,0.006
8,1,3,0.005
9,1,3,0.005
10,1,3,0.006
11,1,3,0.006
12,1,3,0.007
13,1,3,0.005
14,1,3,0.005
15,1,3,0.005
16,1,4,0.006
17,1,4,0.007
18,1,4,0.007
19,1,4,0.006
20,1,4,0.007
21,1,4,0.007
22,1,4,0.006
23,1,4,0.006
24,1,4,0.008
25,1,4,0.006
26,1,5,0.006
27,1,5,0.008
28,1,5,0.008
29,1,5,0.008
30,1,5,0.008
31,1,5,0.008
32,1,5,0.008
33,1,5,0.009
34,1,5,0.008
35,1,5,0.008
36,1,6,0.009
37,1,6,0.009
38,1,6,0.009
39,1,6,0.008
40,1,6,0.008
41,1,6,0.009
42,1,6,0.01
43,1,6,0.009
44,1,6,0.008
45,1,6,0.009
46,1,7,0.011
47,1,7,0.009
48,1,7,0.011
49,1,7,0.009
50,1,7,0.009
51,1,7,0.01
52,1,7,0.009
53,1,7,0.012
54,1,7,0.01
55,1,7,0.012
56,1,8,0.011
57,1,8,0.01
58,1,8,0.012
59,1,8,0.011
60,1,8,0.013
61,1,8,0.01
62,1,8,0.009
63,1,8,0.012
64,1,8,0.011
65,1,8,0.012
66,1,9,0.015
67,1,9,0.014
68,1,9,0.015
69,1,9,0.013
70,1,9,0.011
71,1,9,0.014
72,1,9,0.012
73,1,9,0.013
74,1,9,0.015
75,1,9,0.016
76,1,10,0.013
77,1,10,0.013
78,1,10,0.016
79,1,10,0.016
80,1,10,0.014
81,1,10,0.012
82,1,10,0.011
83,1,10,0.012
84,1,10,0.015
85,1,10,0.012
86,1,11,0.021
87,1,11,0.015
88,1,11,0.016
89,1,11,0.017
90,1,11,0.016
91,1,11,0.013
92,1,11,0.014
93,1,11,0.015
94,1,11,0.016
95,1,11,0.016
96,1,12,0.015
97,1,12,0.017
98,1,12,0.016
99,1,12,0.017
100,1,12,0.017
101,1,12,0.016
102,1,12,0.015
103,1,12,0.017
104,1,12,0.016
105,1,12,0.014
106,1,13,0.021
107,1,13,0.017
108,1,13,0.014
109,1,13,0.017
110,1,13,0.018
111,1,13,0.016
112,1,13,0.019
113,1,13,0.018
114,1,13,0.019
115,1,13,0.019
116,1,14,0.021
117,1,14,0.021
118,1,14,0.02
119,1,14,0.021
120,1,14,0.019
121,1,14,0.018
122,1,14,0.026
123,1,14,0.016
124,1,14,0.018
125,1,14,0.018
126,1,15,0.02
127,1,15,0.014
128,1,15,0.016
129,1,15,0.014
130,1,15,0.021
131,1,15,0.02
132,1,15,0.022
133,1,15,0.025
134,1,15,0.02
135,1,15,0.029
136,1,16,0.024
137,1,16,0.028
138,1,16,0.019
139,1,16,0.021
140,1,16,0.013
141,1,16,0.027
142,1,16,0.023
143,1,16,0.029
144,1,16,0.024
145,1,16,0.022
146,1,17,0.02
147,1,17,0.02
148,1,17,0.023
149,1,17,0.018
150,1,17,0.017
151,1,17,0.027
152,1,17,0.014
153,1,17,0.021
154,1,17,0.023
155,1,17,0.025
156,1,18,0.019
157,1,18,0.023
158,1,18,0.024
159,1,18,0.027
160,1,18,0.022
161,1,18,0.03
162,1,18,0.022
163,1,18,0.025
164,1,18,0.024
165,1,18,0.019
166,1,19,0.029
167,1,19,0.023
168,1,19,0.023
169,1,19,0.025
170,1,19,0.02
171,1,19,0.018
172,1,19,0.018
173,1,19,0.02
174,1,19,0.02
175,1,19,0.023
176,1,20,0.029
177,1,20,0.022
178,1,20,0.025
179,1,20,0.016
180,1,20,0.028
181,1,20,0.022
182,1,20,0.021
183,1,20,0.027
184,1,20,0.034
185,1,20,0.026
186,1,21,0.025
187,1,21,0.025
188,1,21,0.022
189,1,21,0.063
190,1,21,0.023
191,1,21,0.023
192,1,21,0.028
193,1,21,0.018
194,1,21,0.019
195,1,21,0.028
196,1,22,0.028
197,1,22,0.029
198,1,22,0.029
199,1,22,0.029
200,1,22,0.024
201,1,22,0.029
202,1,22,0.02
203,1,22,0.031
204,1,22,0.021
205,1,22,0.028
206,1,23,0.03
207,1,23,0.036
208,1,23,0.035
209,1,23,0.031
210,1,23,0.031
211,1,23,0.028
212,1,23,0.03
213,1,23,0.034
214,1,23,0.031
215,1,23,0.03
216,1,24,0.023
217,1,24,0.031
218,1,24,0.026
219,1,24,0.035
220,1,24,0.039
221,1,24,0.035
222,1,24,0.032
223,1,24,0.035
224,1,24,0.03
225,1,24,0.033
226,1,25,0.02
227,1,25,0.047
228,1,25,0.054
229,1,25,0.03
230,1,25,0.038
231,1,25,0.042
232,1,25,0.046
233,1,25,0.034
234,1,25,0.046
235,1,25,0.038
236,1,26,0.03
237,1,26,0.085
238,1,26,0.034
239,1,26,0.028
240,1,26,0.036
241,1,26,0.026
242,1,26,0.029
243,1,26,0.037
244,1,26,0.043
245,1,26,0.034
246,1,27,0.033
247,1,27,0.037
248,1,27,0.026
249,1,27,0.037
250,1,27,0.028
251,1,27,0.033
252,1,27,0.03
253,1,27,0.034
254,1,27,0.039
255,1,27,0.027
256,1,28,0.02
257,1,28,0.025
258,1,28,0.025
259,1,28,0.064
260,1,28,0.041
261,1,28,0.039
262,1,28,0.038
263,1,28,0.049
264,1,28,0.036
265,1,28,0.047
266,1,29,0.04
267,1,29,0.037
268,1,29,0.05
269,1,29,0.027
270,1,29,0.041
271,1,29,0.075
272,1,29,0.04
273,1,29,0.02
274,1,29,0.029
275,1,29,0.032
276,1,30,0.04
277,1,30,0.04
278,1,30,0.027
279,1,30,0.048
280,1,30,0.022
281,1,30,0.042
282,1,30,0.06
283,1,30,0.051
284,1,30,0.06
285,1,30,0.037
286,1,31,0.056
287,1,31,0.032
288,1,31,0.044
289,1,31,0.048
290,1,31,0.033
291,1,31,0.031
292,1,31,0.055
293,1,31,0.052
294,1,31,0.037
295,1,31,0.024
296,1,32,0.044
297,1,32,0.045
298,1,32,0.045
299,1,32,0.04
300,1,32,0.041
301,1,32,0.04
302,1,32,0.048
303,1,32,0.061
304,1,32,0.039
305,1,32,0.038
306,1,33,0.043
307,1,33,0.041
308,1,33,0.07
309,1,33,0.036
310,1,33,0.03
311,1,33,0.041
312,1,33,0.046
313,1,33,0.045
314,1,33,0.062
315,1,33,0.035
316,1,34,0.026
317,1,34,0.041
318,1,34,0.026
319,1,34,0.056
320,1,34,0.04
321,1,34,0.067
322,1,34,0.193
323,1,34,0.034
324,1,34,0.04
325,1,34,0.061
326,1,35,0.06
327,1,35,0.045
328,1,35,0.046
329,1,35,0.05
330,1,35,0.035
331,1,35,0.043
332,1,35,0.082
333,1,35,0.035
334,1,35,0.101
335,1,35,0.037
336,1,36,0.024
337,1,36,0.038
338,1,36,0.035
339,1,36,0.04
340,1,36,0.046
341,1,36,0.052
342,1,36,0.042
343,1,36,0.061
344,1,36,0.049
345,1,36,0.04
346,1,37,0.044
347,1,37,0.052
348,1,37,0.045
349,1,37,0.047
350,1,37,0.046
351,1,37,0.05
352,1,37,0.04
353,1,37,0.041
354,1,37,0.051
355,1,37,0.058
356,1,38,0.051
357,1,38,0.062
358,1,38,0.042
359,1,38,0.076
360,1,38,0.046
361,1,38,0.045
362,1,38,0.071
363,1,38,0.14
364,1,38,0.038
365,1,38,0.048
366,1,39,0.05
367,1,39,0.35
368,1,39,0.037
369,1,39,0.053
370,1,39,0.041
371,1,39,0.06
372,1,39,0.055
373,1,39,0.044
374,1,39,0.044
375,1,39,0.042
376,1,40,0.034
377,1,40,0.05
378,1,40,0.05
379,1,40,0.213
380,1,40,0.048
381,1,40,0.058
382,1,40,0.069
383,1,40,0.076
384,1,40,0.056
385,1,40,0.039
386,1,41,0.042
387,1,41,0.047
388,1,41,0.046
389,1,41,0.04
390,1,41,0.081
391,1,41,0.046
392,1,41,0.059
393,1,41,0.052
394,1,41,0.085
395,1,41,0.073
396,1,42,0.093
397,1,42,0.096
398,1,42,0.056
399,1,42,0.041
400,1,42,0.062
401,1,42,0.07
402,1,42,0.125
403,1,42,0.087
404,1,42,0.051
405,1,42,0.235
406,1,43,0.08
407,1,43,0.14
408,1,43,0.043
409,1,43,0.05
410,1,43,0.069
411,1,43,0.081
412,1,43,0.615
413,1,43,0.084
414,1,43,0.043
415,1,43,0.141
416,1,44,0.053
417,1,44,0.064
418,1,44,0.051
419,1,44,0.127
420,1,44,0.103
421,1,44,0.067
422,1,44,0.067
423,1,44,0.081
424,1,44,0.049
425,1,44,0.043
426,1,45,0.095
427,1,45,0.099
428,1,45,0.049
429,1,45,0.071
430,1,45,0.052
431,1,45,0.051
432,1,45,0.071
433,1,45,0.037
434,1,45,0.029
435,1,45,0.058
436,1,46,0.058
437,1,46,0.05
438,1,46,0.11
439,1,46,0.082
440,1,46,0.042
441,1,46,0.063
442,1,46,0.076
443,1,46,0.053
444,1,46,0.059
445,1,46,0.051
446,1,47,0.061
447,1,47,0.068
448,1,47,0.067
449,1,47,0.056
450,1,47,0.159
451,1,47,0.045
452,1,47,0.044
453,1,47,0.077
454,1,47,0.029
455,1,47,0.046
456,1,48,0.371
457,1,48,0.076
458,1,48,0.066
459,1,48,0.052
460,1,48,0.057
461,1,48,0.072
462,1,48,0.174
463,1,48,0.101
464,1,48,0.057
465,1,48,0.059
466,1,49,0.074
467,1,49,0.599
468,1,49,0.069
469,1,49,0.04
470,1,49,0.149
471,1,49,0.069
472,1,49,0.097
473,1,49,0.056
474,1,49,0.079
475,1,49,0.08
476,1,50,0.044
477,1,50,0.217
478,1,50,0.117
479,1,50,0.106
480,1,50,0.175
481,1,50,0.063
482,1,50,0.159
483,1,50,0.052
484,1,50,0.137
485,1,50,0.043
0,15,16,0.071
1,15,17,0.069
2,15,17,0.058
3,15,17,0.055
4,15,17,0.063
5,15,17,0.058
6,15,17,0.051
7,15,17,0.06
8,15,17,0.068
9,15,17,0.054
10,15,17,0.053
11,15,18,0.054
12,15,18,0.062
13,15,18,0.055
14,15,18,0.07
15,15,18,0.055
16,15,18,5.581
17,15,18,0.074
18,15,18,0.054
19,15,18,0.07
20,15,18,0.056
21,15,19,0.072
22,15,19,0.062
23,15,19,0.06
24,15,19,0.065
25,15,19,0.067
26,15,19,0.12
27,15,19,0.071
28,15,19,0.057
29,15,19,0.062
30,15,19,0.057
31,15,20,0.064
32,15,20,0.056
33,15,20,0.065
34,15,20,0.059
35,15,20,0.057
36,15,20,0.06
37,15,20,0.062
38,15,20,0.061
39,15,20,0.059
40,15,20,0.065
41,15,21,0.066
42,15,21,0.081
43,15,21,0.085
44,15,21,0.063
45,15,21,0.073
46,15,21,0.068
47,15,21,0.066
48,15,21,3.819
49,15,21,0.075
50,15,21,0.077
51,15,22,0.074
52,15,22,0.074
53,15,22,0.067
54,15,22,0.068
55,15,22,0.063
56,15,22,0.071
57,15,22,0.064
58,15,22,0.067
59,15,22,0.069
60,15,22,0.065
61,15,23,0.069
62,15,23,0.07
63,15,23,0.072
64,15,23,0.068
65,15,23,0.073
66,15,23,0.069
67,15,23,0.07
68,15,23,0.066
69,15,23,0.069
70,15,23,0.074
71,15,24,0.078
72,15,24,0.088
73,15,24,0.071
74,15,24,0.071
75,15,24,0.071
76,15,24,0.07
77,15,24,0.067
78,15,24,0.069
79,15,24,0.066
80,15,24,0.068
81,15,25,0.071
82,15,25,0.086
83,15,25,0.074
84,15,25,0.069
85,15,25,0.08
86,15,25,0.09
87,15,25,0.075
88,15,25,0.075
89,15,25,0.077
90,15,25,0.076
91,15,26,0.109
92,15,26,0.078
93,15,26,0.116
94,15,26,0.192
95,15,26,0.09
96,15,26,0.084
97,15,26,0.084
98,15,26,0.086
99,15,26,0.074
100,15,26,0.086
101,15,27,0.09
102,15,27,0.077
103,15,27,0.095
104,15,27,0.726
105,15,27,0.094
106,15,27,0.08
107,15,27,0.077
108,15,27,0.079
109,15,27,0.132
110,15,27,0.088
111,15,28,0.074
112,15,28,3.924
113,15,28,0.081
114,15,28,0.078
115,15,28,0.075
116,15,28,0.081
117,15,28,0.097
118,15,28,0.079
119,15,28,0.078
120,15,28,0.084
121,15,29,0.081
122,15,29,0.086
123,15,29,0.106
124,15,29,0.101
125,15,29,0.094
126,15,29,0.169
127,15,29,0.075
128,15,29,0.104
129,15,29,0.082
130,15,29,0.09
131,15,30,0.088
132,15,30,0.09
133,15,30,0.097
134,15,30,0.083
135,15,30,0.09
136,15,30,0.086
137,15,30,0.096
138,15,30,0.086
139,15,30,0.089
140,15,30,0.084
141,15,31,0.104
142,15,31,0.087
143,15,31,0.096
144,15,31,0.158
145,15,31,0.082
146,15,31,0.108
147,15,31,0.1
148,15,31,0.126
149,15,31,0.109
150,15,31,0.082
151,15,32,0.138
152,15,32,0.084
153,15,32,0.098
154,15,32,0.092
155,15,32,0.102
156,15,32,0.09
157,15,32,0.094
158,15,32,0.216
159,15,32,0.103
160,15,32,0.114
161,15,33,0.11
162,15,33,0.091
163,15,33,0.102
164,15,33,0.093
165,15,33,0.443
166,15,33,0.106
167,15,33,0.084
168,15,33,0.095
169,15,33,0.123
170,15,33,0.097
171,15,34,0.191
172,15,34,0.161
173,15,34,0.1
174,15,34,0.233
175,15,34,0.115
176,15,34,0.118
177,15,34,0.091
178,15,34,0.091
179,15,34,0.133
180,15,34,0.185
181,15,35,8.142
182,15,35,0.118
183,15,35,0.108
184,15,35,0.098
185,15,35,0.107
186,15,35,0.092
187,15,35,0.11
188,15,35,0.103
189,15,35,0.447
190,15,35,0.094
191,15,36,0.119
192,15,36,0.102
193,15,36,0.093
194,15,36,0.103
195,15,36,0.119
196,15,36,0.132
197,15,36,0.141
198,15,36,0.109
199,15,36,0.225
200,15,36,0.113
201,15,37,0.109
202,15,37,0.365
203,15,37,0.093
204,15,37,0.117
205,15,37,0.116
206,15,37,0.136
207,15,37,0.086
208,15,37,0.131
209,15,37,0.127
210,15,37,0.098
211,15,38,0.116
212,15,38,0.149
213,15,38,0.13
214,15,38,0.132
215,15,38,0.114
216,15,38,0.117
217,15,38,0.138
218,15,38,0.151
219,15,38,0.158
220,15,38,0.187
221,15,39,0.214
222,15,39,0.131
223,15,39,0.172
224,15,39,0.138
225,15,39,0.125
226,15,39,0.132
227,15,39,0.096
228,15,39,0.385
229,15,39,0.118
230,15,39,0.104
231,15,40,0.126
232,15,40,0.107
233,15,40,0.137
234,15,40,0.113
235,15,40,0.123
236,15,40,0.115
237,15,40,0.105
238,15,40,0.143
239,15,40,0.154
240,15,40,0.135
241,15,41,0.129
242,15,41,0.136
243,15,41,0.114
244,15,41,0.122
245,15,41,0.128
246,15,41,0.134
247,15,41,0.119
248,15,41,0.28
249,15,41,0.098
250,15,41,0.279
251,15,42,0.155
252,15,42,0.137
253,15,42,0.143
254,15,42,0.118
255,15,42,0.118
256,15,42,0.565
257,15,42,0.158
258,15,42,0.115
259,15,42,0.242
260,15,42,0.141
261,15,43,0.114
262,15,43,0.206
263,15,43,0.142
264,15,43,0.361
265,15,43,0.135
266,15,43,0.207
267,15,43,0.121
268,15,43,0.312
269,15,43,4.001
270,15,43,0.166
271,15,44,0.145
272,15,44,0.106
273,15,44,0.224
274,15,44,0.149
275,15,44,0.225
276,15,44,0.14
277,15,44,0.127
278,15,44,0.197
279,15,44,0.148
280,15,44,0.558
281,15,45,0.166
282,15,45,0.171
283,15,45,0.158
284,15,45,0.132
285,15,45,0.096
286,15,45,0.14
287,15,45,0.123
288,15,45,1.853
289,15,45,0.14
290,15,45,0.152
291,15,46,0.122
292,15,46,0.14
293,15,46,0.165
294,15,46,0.177
295,15,46,0.177
296,15,46,0.339
297,15,46,0.175
298,15,46,0.11
299,15,46,13.707
300,15,46,0.763
301,15,47,0.111
302,15,47,0.119
303,15,47,0.214
304,15,47,0.15
305,15,47,9.091
306,15,47,0.145
307,15,47,0.464
308,15,47,0.237
309,15,47,0.148
310,15,47,0.239
311,15,48,0.302
312,15,48,0.259
313,15,48,0.136
314,15,48,0.153
315,15,48,0.287
316,15,48,0.151
317,15,48,0.126
318,15,48,0.505
319,15,48,2.383
320,15,48,0.634
321,15,49,0.135
322,15,49,0.117
323,15,49,10.663
324,15,49,1.931
325,15,49,0.227
326,15,49,0.213
327,15,49,0.173
328,15,49,0.17
329,15,49,0.185
330,15,49,0.114
331,15,50,0.14
332,15,50,0.153
333,15,50,0.166
334,15,50,0.155
335,15,50,0.268
336,15,50,0.134
337,15,50,0.135
338,15,50,0.19
339,15,50,0.142
340,15,50,1.316
0,5,5,0.022
1,5,5,0.011
2,5,5,0.01
3,5,5,0.01
4,5,5,0.009
5,5,5,0.009
6,5,5,0.01
7,5,5,0.009
8,5,5,0.008
9,5,5,0.009
10,5,6,0.012
11,5,6,0.011
12,5,6,0.011
13,5,6,0.011
14,5,6,0.011
15,5,6,0.011
16,5,6,0.011
17,5,6,0.012
18,5,6,0.011
19,5,6,0.013
20,5,7,0.016
21,5,7,0.012
22,5,7,0.011
23,5,7,0.013
24,5,7,0.013
25,5,7,0.013
26,5,7,0.013
27,5,7,0.014
28,5,7,0.014
29,5,7,0.013
30,5,8,0.014
31,5,8,0.014
32,5,8,0.015
33,5,8,0.014
34,5,8,0.014
35,5,8,0.014
36,5,8,0.016
37,5,8,0.014
38,5,8,0.015
39,5,8,0.014
40,5,9,0.016
41,5,9,0.015
42,5,9,0.015
43,5,9,0.019
44,5,9,0.015
45,5,9,0.016
46,5,9,0.016
47,5,9,0.016
48,5,9,0.016
49,5,9,0.015
50,5,10,0.017
51,5,10,0.014
52,5,10,0.017
53,5,10,0.018
54,5,10,0.023
55,5,10,0.019
56,5,10,0.017
57,5,10,0.016
58,5,10,0.018
59,5,10,0.018
60,5,11,0.019
61,5,11,0.02
62,5,11,0.018
63,5,11,0.018
64,5,11,0.016
65,5,11,0.018
66,5,11,0.019
67,5,11,0.023
68,5,11,0.024
69,5,11,0.019
70,5,12,0.018
71,5,12,0.021
72,5,12,0.02
73,5,12,0.019
74,5,12,0.022
75,5,12,0.021
76,5,12,0.02
77,5,12,0.02
78,5,12,0.02
79,5,12,0.019
80,5,13,0.027
81,5,13,0.021
82,5,13,0.022
83,5,13,0.019
84,5,13,0.019
85,5,13,0.026
86,5,13,0.021
87,5,13,0.019
88,5,13,0.021
89,5,13,0.029
90,5,14,0.024
91,5,14,0.032
92,5,14,0.029
93,5,14,0.021
94,5,14,0.028
95,5,14,0.141
96,5,14,0.026
97,5,14,0.035
98,5,14,0.033
99,5,14,0.022
100,5,15,0.02
101,5,15,0.024
102,5,15,0.027
103,5,15,0.031
104,5,15,0.025
105,5,15,0.026
106,5,15,0.029
107,5,15,0.033
108,5,15,0.022
109,5,15,0.023
110,5,16,0.031
111,5,16,0.027
112,5,16,0.028
113,5,16,0.03
114,5,16,0.029
115,5,16,0.03
116,5,16,0.032
117,5,16,0.028
118,5,16,0.031
119,5,16,0.023
120,5,17,0.04
121,5,17,0.028
122,5,17,0.027
123,5,17,0.033
124,5,17,0.026
125,5,17,0.031
126,5,17,0.028
127,5,17,0.036
128,5,17,0.05
129,5,17,0.032
130,5,18,0.026
131,5,18,0.026
132,5,18,0.038
133,5,18,0.032
134,5,18,0.027
135,5,18,0.035
136,5,18,0.036
137,5,18,0.036
138,5,18,0.025
139,5,18,0.023
140,5,19,0.027
141,5,19,0.023
142,5,19,0.045
143,5,19,0.034
144,5,19,0.031
145,5,19,0.03
146,5,19,0.03
147,5,19,0.027
148,5,19,0.029
149,5,19,0.051
150,5,20,0.04
151,5,20,0.033
152,5,20,0.04
153,5,20,0.039
154,5,20,0.038
155,5,20,0.04
156,5,20,0.03
157,5,20,0.041
158,5,20,0.036
159,5,20,0.036
160,5,21,0.036
161,5,21,0.032
162,5,21,0.04
163,5,21,0.028
164,5,21,0.038
165,5,21,0.033
166,5,21,0.038
167,5,21,0.034
168,5,21,0.033
169,5,21,0.044
170,5,22,0.031
171,5,22,0.051
172,5,22,0.033
173,5,22,0.045
174,5,22,0.053
175,5,22,0.031
176,5,22,0.028
177,5,22,0.035
178,5,22,0.042
179,5,22,0.051
180,5,23,0.033
181,5,23,0.056
182,5,23,0.045
183,5,23,0.041
184,5,23,0.048
185,5,23,0.035
186,5,23,0.058
187,5,23,0.041
188,5,23,0.039
189,5,23,0.062
190,5,24,0.057
191,5,24,0.049
192,5,24,0.062
193,5,24,0.037
194,5,24,0.05
195,5,24,0.039
196,5,24,0.039
197,5,24,0.047
198,5,24,0.038
199,5,24,0.047
200,5,25,0.061
201,5,25,0.05
202,5,25,0.056
203,5,25,0.043
204,5,25,0.037
205,5,25,0.044
206,5,25,0.032
207,5,25,0.072
208,5,25,0.052
209,5,25,0.049
210,5,26,0.038
211,5,26,0.057
212,5,26,0.041
213,5,26,0.025
214,5,26,0.061
215,5,26,0.049
216,5,26,0.05
217,5,26,0.036
218,5,26,0.038
219,5,26,0.042
220,5,27,0.051
221,5,27,0.056
222,5,27,0.047
223,5,27,0.047
224,5,27,0.061
225,5,27,0.053
226,5,27,0.047
227,5,27,0.044
228,5,27,0.066
229,5,27,0.053
230,5,28,0.064
231,5,28,0.05
232,5,28,0.044
233,5,28,0.054
234,5,28,0.061
235,5,28,0.091
236,5,28,0.079
237,5,28,0.045
238,5,28,0.038
239,5,28,0.074
240,5,29,0.03
241,5,29,0.117
242,5,29,0.061
243,5,29,0.028
244,5,29,0.086
245,5,29,0.054
246,5,29,0.042
247,5,29,0.092
248,5,29,0.234
249,5,29,0.052
250,5,30,0.051
251,5,30,0.05
252,5,30,0.056
253,5,30,0.045
254,5,30,0.054
255,5,30,0.051
256,5,30,0.08
257,5,30,0.119
258,5,30,0.642
259,5,30,0.056
260,5,31,0.034
261,5,31,0.038
262,5,31,0.06
263,5,31,0.065
264,5,31,0.047
265,5,31,0.058
266,5,31,0.051
267,5,31,0.045
268,5,31,0.052
269,5,31,0.045
270,5,32,0.05
271,5,32,0.058
272,5,32,0.053
273,5,32,0.06
274,5,32,0.062
275,5,32,0.043
276,5,32,0.2
277,5,32,0.045
278,5,32,0.066
279,5,32,0.061
280,5,33,0.107
281,5,33,0.304
282,5,33,0.044
283,5,33,0.061
284,5,33,0.088
285,5,33,0.048
286,5,33,0.059
287,5,33,0.088
288,5,33,0.052
289,5,33,0.061
290,5,34,0.062
291,5,34,0.071
292,5,34,0.089
293,5,34,0.077
294,5,34,0.062
295,5,34,0.048
296,5,34,0.053
297,5,34,0.074
298,5,34,0.12
299,5,34,0.073
300,5,35,0.069
301,5,35,0.043
302,5,35,0.056
303,5,35,0.058
304,5,35,0.056
305,5,35,0.131
306,5,35,0.057
307,5,35,0.054
308,5,35,0.071
309,5,35,0.197
310,5,36,0.036
311,5,36,0.093
312,5,36,0.066
313,5,36,0.057
314,5,36,0.2
315,5,36,0.064
316,5,36,0.073
317,5,36,0.058
318,5,36,0.068
319,5,36,0.069
320,5,37,0.17
321,5,37,0.084
322,5,37,0.242
323,5,37,0.067
324,5,37,0.136
325,5,37,0.102
326,5,37,0.059
327,5,37,0.095
328,5,37,0.08
329,5,37,0.066
330,5,38,0.213
331,5,38,0.06
332,5,38,0.053
333,5,38,0.058
334,5,38,0.094
335,5,38,0.071
336,5,38,0.051
337,5,38,0.111
338,5,38,0.057
339,5,38,0.443
340,5,39,0.08
341,5,39,0.081
342,5,39,0.077
343,5,39,0.149
344,5,39,0.099
345,5,39,0.073
346,5,39,0.077
347,5,39,0.068
348,5,39,0.442
349,5,39,0.074
350,5,40,0.068
351,5,40,0.821
352,5,40,0.823
353,5,40,0.058
354,5,40,0.072
355,5,40,1.539
356,5,40,0.395
357,5,40,0.079
358,5,40,0.791
359,5,40,0.081
360,5,41,0.069
361,5,41,0.098
362,5,41,0.531
363,5,41,0.099
364,5,41,0.082
365,5,41,0.061
366,5,41,0.053
367,5,41,0.069
368,5,41,0.078
369,5,41,0.155
370,5,42,0.287
371,5,42,0.083
372,5,42,0.071
373,5,42,0.171
374,5,42,0.149
375,5,42,0.074
376,5,42,0.07
377,5,42,0.065
378,5,42,0.102
379,5,42,0.295
380,5,43,0.144
381,5,43,0.061
382,5,43,0.055
383,5,43,1.386
384,5,43,0.259
385,5,43,0.151
386,5,43,0.066
387,5,43,1.003
388,5,43,0.215
389,5,43,0.062
390,5,44,0.075
391,5,44,0.061
392,5,44,0.103
393,5,44,0.076
394,5,44,0.069
395,5,44,0.051
396,5,44,0.274
397,5,44,0.238
398,5,44,0.062
399,5,44,0.101
400,5,45,0.076
401,5,45,0.093
402,5,45,0.431
403,5,45,0.729
404,5,45,0.075
405,5,45,0.073
406,5,45,0.114
407,5,45,0.069
408,5,45,0.109
409,5,45,10.344
410,5,46,0.161
411,5,46,0.094
412,5,46,0.101
413,5,46,0.055
414,5,46,0.239
415,5,46,0.094
416,5,46,0.152
417,5,46,0.234
418,5,46,0.085
419,5,46,0.147
420,5,47,0.79
421,5,47,0.066
422,5,47,0.14
423,5,47,0.144
424,5,47,3.541
425,5,47,0.091
426,5,47,0.076
427,5,47,0.274
428,5,47,0.156
429,5,47,0.072
430,5,48,0.061
431,5,48,0.108
432,5,48,0.507
433,5,48,0.086
434,5,48,1.562
435,5,48,0.102
436,5,48,0.061
437,5,48,0.073
438,5,48,0.118
439,5,48,0.091
440,5,49,0.175
441,5,49,0.244
442,5,49,0.372
443,5,49,0.078
444,5,49,0.139
445,5,49,1.529
446,5,49,0.057
447,5,49,0.184
448,5,49,3.414
449,5,49,0.092
450,5,50,0.192
451,5,50,0.257
452,5,50,0.074
453,5,50,0.106
454,5,50,0.113
455,5,50,0.071
456,5,50,0.057
457,5,50,0.113
458,5,50,3.722
459,5,50,0.349
0,10,51,0.122
1,10,51,0.15
2,10,51,0.252
3,10,51,0.114
4,10,51,29.946
5,10,51,0.146
6,10,51,0.122
7,10,51,0.124
8,10,51,0.11
9,10,51,0.136
10,10,52,11.397
11,10,52,0.224
12,10,52,0.117
13,10,52,0.187
14,10,52,0.225
15,10,52,0.79
16,10,52,0.37
17,10,52,1.142
18,10,52,0.11
19,10,52,0.16
20,10,53,0.101
21,10,53,0.153
22,10,53,0.124
23,10,53,0.119
24,10,53,0.133
25,10,53,0.124
26,10,53,0.125
27,10,53,0.108
28,10,53,0.116
29,10,53,0.252
30,10,54,0.124
31,10,54,0.239
32,10,54,0.388
33,10,54,0.144
34,10,54,0.098
35,10,54,0.148
36,10,54,0.126
37,10,54,0.255
38,10,54,0.155
39,10,54,0.718
40,10,55,0.41
41,10,55,0.137
42,10,55,0.313
43,10,55,0.295
44,10,55,0.102
45,10,55,0.221
46,10,55,0.119
47,10,55,4.339
48,10,55,0.775
49,10,55,0.214
50,10,56,0.111
51,10,56,0.087
52,10,56,0.157
53,10,56,0.161
54,10,56,0.333
55,10,56,0.083
56,10,56,0.201
57,10,56,0.506
58,10,56,0.203
59,10,56,0.115
60,10,57,0.156
61,10,57,0.137
62,10,57,0.283
63,10,57,0.156
64,10,57,0.145
65,10,57,0.659
66,10,57,3.153
67,10,57,0.123
68,10,57,0.297
69,10,57,7.896
70,10,58,0.517
71,10,58,0.068
72,10,58,0.162
73,10,58,0.146
74,10,58,0.19
75,10,58,0.724
76,10,58,0.298
77,10,58,0.397
78,10,58,0.426
79,10,58,0.213
80,10,59,0.966
81,10,59,0.985
82,10,59,0.126
83,10,59,0.167
84,10,59,0.305
85,10,59,0.191
86,10,59,0.162
87,10,59,0.112
88,10,59,0.7
89,10,59,0.136
90,10,60,0.569
91,10,60,0.143
92,10,60,0.091
93,10,60,0.125
94,10,60,0.336
95,10,60,0.132
96,10,60,0.885
97,10,60,0.407
98,10,60,0.187
99,10,60,0.377
0,1,51,0.078
1,1,51,0.075
2,1,51,0.061
3,1,51,0.03
4,1,51,0.297
5,1,51,0.044
6,1,51,0.059
7,1,51,0.056
8,1,51,0.114
9,1,51,0.073
10,1,52,0.071
11,1,52,0.072
12,1,52,0.138
13,1,52,0.06
14,1,52,0.066
15,1,52,0.053
16,1,52,0.067
17,1,52,0.052
18,1,52,0.067
19,1,52,0.062
20,1,53,0.073
21,1,53,0.042
22,1,53,0.129
23,1,53,0.084
24,1,53,0.052
25,1,53,0.042
26,1,53,0.076
27,1,53,0.126
28,1,53,1.109
29,1,53,0.038
30,1,54,0.083
31,1,54,0.046
32,1,54,0.07
33,1,54,0.641
34,1,54,0.244
35,1,54,0.068
36,1,54,0.045
37,1,54,0.125
38,1,54,0.102
39,1,54,0.049
40,1,55,0.056
41,1,55,0.065
42,1,55,0.088
43,1,55,0.088
44,1,55,0.08
45,1,55,0.135
46,1,55,0.136
47,1,55,0.087
48,1,55,0.093
49,1,55,0.075
50,1,56,0.077
51,1,56,0.052
52,1,56,0.029
53,1,56,0.074
54,1,56,0.063
55,1,56,0.099
56,1,56,0.072
57,1,56,0.091
58,1,56,0.304
59,1,56,0.065
60,1,57,0.052
61,1,57,0.091
62,1,57,0.067
63,1,57,0.456
64,1,57,0.138
65,1,57,0.056
66,1,57,0.078
67,1,57,0.081
68,1,57,0.143
69,1,57,0.326
70,1,58,0.09
71,1,58,0.058
72,1,58,0.075
73,1,58,0.213
74,1,58,0.067
75,1,58,0.058
76,1,58,0.246
77,1,58,0.049
78,1,58,0.137
79,1,58,0.068
80,1,59,0.083
81,1,59,0.06
82,1,59,0.08
83,1,59,0.087
84,1,59,0.168
85,1,59,0.077
86,1,59,0.088
87,1,59,0.051
88,1,59,0.069
89,1,59,0.332
90,1,60,0.05
91,1,60,0.085
92,1,60,0.576
93,1,60,0.312
94,1,60,0.061
95,1,60,0.067
96,1,60,0.083
97,1,60,0.066
98,1,60,0.067
99,1,60,0.069
0,15,51,0.178
1,15,51,0.398
2,15,51,0.984
3,15,51,0.16
4,15,51,0.165
5,15,51,0.16
6,15,51,0.218
7,15,51,0.151
8,15,51,0.813
9,15,51,0.891
10,15,52,0.665
11,15,52,0.148
12,15,52,4.105
13,15,52,0.193
14,15,52,0.383
15,15,52,0.196
16,15,52,0.243
17,15,52,0.168
18,15,52,0.356
19,15,52,0.142
20,15,53,0.324
21,15,53,0.193
22,15,53,0.186
23,15,53,0.366
24,15,53,6.872
25,15,53,0.198
26,15,53,0.725
27,15,53,0.174
28,15,53,0.16
29,15,53,0.196
30,15,54,0.174
31,15,54,0.222
32,15,54,0.422
33,15,54,0.187
34,15,54,0.212
35,15,54,0.353
36,15,54,1.965
37,15,54,0.154
38,15,54,0.147
39,15,54,0.237
40,15,55,0.235
41,15,55,0.152
42,15,55,0.804
43,15,55,0.181
44,15,55,2.183
45,15,55,0.193
46,15,55,0.171
47,15,55,1.09
48,15,55,2.75
49,15,55,0.175
50,15,56,0.158
51,15,56,0.158
52,15,56,0.152
53,15,56,0.237
54,15,56,0.12
55,15,56,0.155
56,15,56,0.175
57,15,56,5.99
58,15,56,0.211
59,15,56,0.211
60,15,57,0.151
61,15,57,0.219
62,15,57,0.275
63,15,57,0.152
64,15,57,0.228
65,15,57,0.177
66,15,57,0.174
67,15,57,0.189
68,15,57,0.193
69,15,57,0.431
70,15,58,0.518
71,15,58,0.573
72,15,58,0.185
73,15,58,0.167
74,15,58,0.266
75,15,58,0.15
76,15,58,0.224
77,15,58,0.142
78,15,58,0.176
79,15,58,0.188
80,15,59,0.19
81,15,59,20.777
82,15,59,0.208
83,15,59,0.284
84,15,59,0.164
85,15,59,0.199
86,15,59,0.185
87,15,59,0.157
88,15,59,0.181
89,15,59,0.303
90,15,60,0.188
91,15,60,0.231
92,15,60,0.274
93,15,60,4.941
94,15,60,0.151
95,15,60,0.287
96,15,60,0.163
97,15,60,0.194
98,15,60,0.174
99,15,60,1.619
0,5,51,0.08
1,5,51,0.097
2,5,51,0.437
3,5,51,0.489
4,5,51,0.119
5,5,51,0.207
6,5,51,1.487
7,5,51,0.128
8,5,51,0.123
9,5,51,0.096
10,5,52,0.288
11,5,52,0.11
12,5,52,0.187
13,5,52,0.182
14,5,52,0.18
15,5,52,0.059
16,5,52,0.095
17,5,52,0.219
18,5,52,0.257
19,5,52,0.171
20,5,53,2.815
21,5,53,0.239
22,5,53,0.106
23,5,53,15.316
24,5,53,0.119
25,5,53,0.097
26,5,53,0.24
27,5,53,0.376
28,5,53,0.141
29,5,53,2.886
30,5,54,0.123
31,5,54,0.093
32,5,54,0.301
33,5,54,0.147
34,5,54,0.115
35,5,54,0.088
36,5,54,4.794
37,5,54,0.088
38,5,54,0.274
39,5,54,0.074
40,5,55,0.225
41,5,55,2.186
42,5,55,0.587
43,5,55,0.086
44,5,55,0.146
45,5,55,0.177
46,5,55,0.086
47,5,55,0.234
48,5,55,0.66
49,5,55,1.096
50,5,56,0.088
51,5,56,0.108
52,5,56,0.327
53,5,56,0.147
54,5,56,0.063
55,5,56,0.394
56,5,56,0.234
57,5,56,0.112
58,5,56,0.074
59,5,56,0.072
60,5,57,0.095
61,5,57,0.105
62,5,57,0.21
63,5,57,0.129
64,5,57,0.11
65,5,57,0.868
66,5,57,8.149
67,5,57,0.082
68,5,57,0.113
69,5,57,0.12
70,5,58,10.587
71,5,58,0.42
72,5,58,0.157
73,5,58,0.148
74,5,58,0.172
75,5,58,0.1
76,5,58,2.816
77,5,58,0.114
78,5,58,0.06
79,5,58,0.502
80,5,59,0.146
81,5,59,0.29
82,5,59,0.111
83,5,59,0.165
84,5,59,0.238
85,5,59,0.453
86,5,59,0.081
87,5,59,8.413
88,5,59,0.201
89,5,59,0.087
90,5,60,0.118
91,5,60,0.101
92,5,60,0.106
93,5,60,0.077
94,5,60,0.104
95,5,60,0.055
96,5,60,0.162
97,5,60,0.359
98,5,60,0.126
99,5,60,0.207
0,10,61,1.599
1,10,61,1.487
2,10,61,0.152
3,10,61,0.107
4,10,61,0.139
5,10,61,1.895
6,10,61,0.211
7,10,61,0.247
8,10,61,0.674
9,10,61,0.177
10,10,62,0.132
11,10,62,0.576
12,10,62,0.143
13,10,62,24.049
14,10,62,0.366
15,10,62,0.114
16,10,62,0.17
17,10,62,0.719
18,10,62,0.184
19,10,62,0.157
20,10,63,0.119
21,10,63,7.845
22,10,63,1.198
23,10,63,0.123
24,10,63,0.303
25,10,63,0.138
26,10,63,0.631
27,10,63,1.471
28,10,63,0.186
29,10,63,0.136
30,10,64,1.333
31,10,64,6.514
32,10,64,30.454
33,10,64,0.155
34,10,64,0.352
35,10,64,0.391
36,10,64,0.504
37,10,64,1.395
38,10,64,17.088
39,10,64,0.116
40,10,65,3.016
41,10,65,2.649
42,10,65,0.369
43,10,65,0.227
44,10,65,0.226
45,10,65,0.147
46,10,65,0.23
47,10,65,0.185
48,10,65,3.136
49,10,65,0.134
50,10,66,0.194
51,10,66,1.404
52,10,66,21.339
53,10,66,3.132
54,10,66,0.581
55,10,66,0.856
56,10,66,0.265
57,10,66,0.165
58,10,66,1.005
59,10,66,0.319
60,10,67,0.265
61,10,67,0.964
62,10,67,0.321
63,10,67,0.602
64,10,67,0.158
65,10,67,0.333
66,10,67,0.373
67,10,67,0.844
68,10,67,0.259
69,10,67,0.2
70,10,68,0.986
71,10,68,0.253
72,10,68,0.183
73,10,68,0.412
74,10,68,0.123
75,10,68,1.28
76,10,68,8.93
77,10,68,4.637
78,10,68,2.541
79,10,68,2.737
80,10,69,0.254
81,10,69,0.459
82,10,69,0.145
83,10,69,0.364
84,10,69,0.165
85,10,69,0.254
86,10,69,0.239
87,10,69,0.263
88,10,69,0.578
89,10,69,0.153
90,10,70,0.157
91,10,70,0.239
92,10,70,0.236
93,10,70,0.189
94,10,70,0.27
95,10,70,0.307
96,10,70,55.91
97,10,70,0.836
98,10,70,0.501
99,10,70,0.131
0,15,61,0.211
1,15,61,0.219
2,15,61,0.573
3,15,61,0.225
4,15,61,0.206
5,15,61,0.215
6,15,61,0.157
7,15,61,0.197
8,15,61,0.15
9,15,61,0.285
10,15,62,0.292
11,15,62,0.282
12,15,62,0.228
13,15,62,0.419
14,15,62,0.166
15,15,62,0.223
16,15,62,1.085
17,15,62,18.463
18,15,62,0.179
19,15,62,0.18
20,15,63,0.269
21,15,63,0.119
22,15,63,0.554
23,15,63,13.397
24,15,63,0.186
25,15,63,0.157
26,15,63,0.191
27,15,63,0.282
28,15,63,0.39
29,15,63,0.38
30,15,64,0.288
31,15,64,0.131
32,15,64,0.274
33,15,64,0.224
34,15,64,0.151
35,15,64,0.162
36,15,64,0.2
37,15,64,0.336
38,15,64,0.192
39,15,64,0.211
40,15,65,0.695
41,15,65,1.424
42,15,65,0.213
43,15,65,0.223
44,15,65,2.054
45,15,65,0.422
46,15,65,0.269
47,15,65,0.136
48,15,65,0.341
49,15,65,0.254
50,15,66,0.68
51,15,66,0.202
52,15,66,0.403
53,15,66,0.162
54,15,66,0.194
55,15,66,2.358
56,15,66,0.258
57,15,66,0.418
58,15,66,0.996
59,15,66,0.301
60,15,67,0.23
61,15,67,3.88
62,15,67,0.86
63,15,67,0.467
64,15,67,0.413
65,15,67,0.189
66,15,67,0.146
67,15,67,0.189
68,15,67,0.219
69,15,67,0.17
70,15,68,0.192
71,15,68,1.175
72,15,68,0.198
73,15,68,0.182
74,15,68,0.219
75,15,68,0.223
76,15,68,0.225
77,15,68,0.236
78,15,68,1.06
79,15,68,0.248
80,15,69,0.266
81,15,69,1.091
82,15,69,0.413
83,15,69,0.194
84,15,69,1.339
85,15,69,0.236
86,15,69,0.194
87,15,69,0.44
88,15,69,0.309
89,15,69,0.205
90,15,70,0.797
91,15,70,0.189
92,15,70,0.63
93,15,70,3.546
94,15,70,0.222
95,15,70,0.373
96,15,70,0.138
97,15,70,5.542
98,15,70,0.248
99,15,70,0.584
0,1,61,0.1
1,1,61,0.066
2,1,61,0.092
3,1,61,0.039
4,1,61,0.088
5,1,61,0.07
6,1,61,0.038
7,1,61,0.085
8,1,61,0.052
9,1,61,0.155
10,1,62,0.058
11,1,62,0.041
12,1,62,0.352
13,1,62,0.057
14,1,62,0.136
15,1,62,0.068
16,1,62,0.079
17,1,62,0.081
18,1,62,0.121
19,1,62,0.035
20,1,63,0.068
21,1,63,0.067
22,1,63,0.064
23,1,63,0.854
24,1,63,0.032
25,1,63,0.54
26,1,63,0.126
27,1,63,0.125
28,1,63,0.401
29,1,63,0.142
30,1,64,0.113
31,1,64,0.069
32,1,64,0.092
33,1,64,0.074
34,1,64,0.057
35,1,64,0.196
36,1,64,0.079
37,1,64,0.078
38,1,64,0.068
39,1,64,0.191
40,1,65,0.086
41,1,65,0.075
42,1,65,0.092
43,1,65,0.069
44,1,65,0.112
45,1,65,0.105
46,1,65,0.04
47,1,65,0.085
48,1,65,0.057
49,1,65,0.113
50,1,66,0.111
51,1,66,0.058
52,1,66,0.091
53,1,66,0.616
54,1,66,0.135
55,1,66,0.062
56,1,66,0.088
57,1,66,0.114
58,1,66,0.11
59,1,66,0.04
60,1,67,0.067
61,1,67,0.261
62,1,67,0.19
63,1,67,0.195
64,1,67,0.04
65,1,67,0.046
66,1,67,0.208
67,1,67,0.125
68,1,67,0.076
69,1,67,0.075
70,1,68,0.19
71,1,68,0.566
72,1,68,0.581
73,1,68,0.166
74,1,68,0.062
75,1,68,0.094
76,1,68,0.117
77,1,68,0.209
78,1,68,0.085
79,1,68,0.092
80,1,69,0.094
81,1,69,0.284
82,1,69,0.058
83,1,69,0.091
84,1,69,0.226
85,1,69,0.72
86,1,69,0.064
87,1,69,0.092
88,1,69,0.075
89,1,69,0.1
90,1,70,0.444
91,1,70,0.1
92,1,70,0.093
93,1,70,0.139
94,1,70,0.109
95,1,70,0.15
96,1,70,0.125
97,1,70,0.18
98,1,70,0.269
99,1,70,0.133
0,5,61,0.12
1,5,61,0.189
2,5,61,0.053
3,5,61,0.27
4,5,61,2.888
5,5,61,0.792
6,5,61,0.802
7,5,61,0.496
8,5,61,0.142
9,5,61,0.095
10,5,62,0.231
11,5,62,0.61
12,5,62,0.099
13,5,62,0.075
14,5,62,0.123
15,5,62,3.643
16,5,62,0.088
17,5,62,0.199
18,5,62,0.261
19,5,62,0.251
20,5,63,0.079
21,5,63,0.119
22,5,63,0.911
23,5,63,0.407
24,5,63,0.133
25,5,63,0.633
26,5,63,1.229
27,5,63,0.069
28,5,63,0.093
29,5,63,0.292
30,5,64,0.134
31,5,64,0.407
32,5,64,0.214
33,5,64,0.244
34,5,64,0.238
35,5,64,0.116
36,5,64,0.482
37,5,64,1.927
38,5,64,0.162
39,5,64,0.407
40,5,65,0.222
41,5,65,0.13
42,5,65,123.147
43,5,65,3.124
44,5,65,0.347
45,5,65,0.126
46,5,65,0.619
47,5,65,7.337
48,5,65,0.128
49,5,65,0.192
50,5,66,4.4
51,5,66,0.375
52,5,66,54.328
53,5,66,0.167
54,5,66,0.859
55,5,66,0.136
56,5,66,2.567
57,5,66,0.138
58,5,66,0.164
59,5,66,0.542
60,5,67,0.169
61,5,67,0.225
62,5,67,0.144
63,5,67,0.068
64,5,67,0.142
65,5,67,0.18
66,5,67,0.149
67,5,67,0.236
68,5,67,0.072
69,5,67,0.079
70,5,68,0.325
71,5,68,0.099
72,5,68,0.059
0,10,71,0.159
1,10,71,0.309
2,10,71,0.331
3,10,71,0.319
4,10,71,0.181
5,10,71,0.433
6,10,71,145.013
7,10,71,0.231
8,10,71,0.161
9,10,71,0.157
10,10,72,0.213
11,10,72,0.191
0,15,71,0.414
1,15,71,2.394
2,15,71,0.174
3,15,71,0.736
4,15,71,0.338
5,15,71,0.509
6,15,71,0.391
7,15,71,0.774
8,15,71,0.308
9,15,71,76.531
10,15,72,0.327
11,15,72,0.36
12,15,72,1.253
13,15,72,1.439
14,15,72,0.234
15,15,72,0.235
16,15,72,0.216
17,15,72,0.445
18,15,72,0.244
19,15,72,0.851
20,15,73,0.214
21,15,73,0.284
22,15,73,0.66
23,15,73,0.212
24,15,73,1.493
25,15,73,1.757
26,15,73,0.212
27,15,73,0.256
28,15,73,4.378
29,15,73,0.833
30,15,74,0.383
31,15,74,0.327
32,15,74,0.239
33,15,74,0.404
34,15,74,0.299
35,15,74,1.148
36,15,74,0.348
37,15,74,4.219
38,15,74,0.221
39,15,74,4.4
40,15,75,0.343
41,15,75,0.153
42,15,75,0.229
43,15,75,0.45
44,15,75,0.666
45,15,75,0.345
46,15,75,0.198
47,15,75,0.421
48,15,75,26.287
49,15,75,0.646
0,1,71,0.081
1,1,71,0.102
2,1,71,0.086
3,1,71,0.55
4,1,71,0.277
5,1,71,0.203
6,1,71,0.069
7,1,71,0.14
8,1,71,0.07
9,1,71,0.165
10,1,72,0.35
11,1,72,0.411
12,1,72,0.127
13,1,72,0.151
14,1,72,0.079
15,1,72,0.057
16,1,72,0.275
17,1,72,0.207
18,1,72,0.071
19,1,72,0.963
20,1,73,0.088
21,1,73,0.08
22,1,73,0.077
23,1,73,0.364
24,1,73,0.05
25,1,73,0.062
26,1,73,0.726
27,1,73,0.038
28,1,73,0.224
29,1,73,0.068
30,1,74,0.197
31,1,74,0.097
32,1,74,0.058
33,1,74,2.158
34,1,74,0.082
35,1,74,0.219
36,1,74,0.698
37,1,74,0.081
38,1,74,0.121
39,1,74,0.074
40,1,75,0.077
41,1,75,0.056
42,1,75,0.166
43,1,75,0.066
44,1,75,0.24
45,1,75,0.06
46,1,75,2.954
47,1,75,0.095
48,1,75,0.068
49,1,75,0.356
0,5,71,0.26
1,5,71,0.564
2,5,71,11.664
3,5,71,0.174
4,5,71,15.218
5,5,71,0.77
6,5,71,0.205
7,5,71,1.85
8,5,71,0.514
9,5,71,0.356
10,5,72,0.102
11,5,72,0.177
12,5,72,1.266
13,5,72,0.196
14,5,72,0.096
15,5,72,0.096
16,5,72,0.472
17,5,72,0.104
18,5,72,0.133
19,5,72,4.465
20,5,73,0.234
21,5,73,0.177
22,5,73,0.08
23,5,73,0.71
24,5,73,2.011
25,5,73,0.222
26,5,73,0.161
27,5,73,0.124
28,5,73,1.363
29,5,73,5.629
30,5,74,0.24
31,5,74,0.074
32,5,74,0.131
33,5,74,0.24
34,5,74,0.968
35,5,74,0.13
36,5,74,0.131
37,5,74,0.311
38,5,74,0.105
39,5,74,0.142
40,5,75,0.09
41,5,75,0.346
42,5,75,2.701
43,5,75,0.059
44,5,75,0.747
45,5,75,1.36
46,5,75,0.08
47,5,75,0.152
48,5,75,2.672
49,5,75,157.074
0,10,76,0.526
1,10,76,0.373
2,10,76,2.623
3,10,76,0.103
4,10,76,0.162
5,10,76,0.309
6,10,76,34.031
7,10,76,0.446
8,10,76,0.693
9,10,76,0.154
10,10,77,4.558
11,10,77,0.157
12,10,77,0.814
13,10,77,15.86
14,10,77,0.367
15,10,77,0.345
16,10,77,0.559
17,10,77,0.25
18,10,77,0.22
19,10,77,0.167
20,10,78,2.621
21,10,78,0.346
22,10,78,0.159
23,10,78,0.193
24,10,78,1.182
25,10,78,0.241
26,10,78,0.182
27,10,78,0.152
28,10,78,0.181
29,10,78,0.215
0,15,76,0.343
1,15,76,0.249
2,15,76,0.195
3,15,76,0.813
4,15,76,0.427
5,15,76,0.364
6,15,76,0.362
7,15,76,0.323
8,15,76,0.322
9,15,76,0.236
10,15,77,0.394
11,15,77,0.231
0,1,76,0.06
1,1,76,0.103
2,1,76,0.072
3,1,76,0.131
4,1,76,0.081
5,1,76,0.287
6,1,76,0.101
7,1,76,0.203
8,1,76,0.101
9,1,76,0.355
10,1,77,0.975
11,1,77,0.039
12,1,77,0.129
13,1,77,0.159
14,1,77,0.076
15,1,77,0.472
16,1,77,0.075
17,1,77,0.1
18,1,77,0.202
19,1,77,0.161
20,1,78,0.073
21,1,78,0.986
22,1,78,0.415
23,1,78,0.126
24,1,78,0.064
25,1,78,0.095
26,1,78,0.068
27,1,78,0.128
28,1,78,0.087
29,1,78,0.066
0,10,79,4.326
1,10,79,7.592
2,10,79,0.203
3,10,79,0.347
4,10,79,0.5
5,10,79,28.674
6,10,79,0.2
7,10,79,0.426
8,10,79,0.201
9,10,79,0.092
10,10,80,0.255
11,10,80,0.318
12,10,80,0.173
13,10,80,0.398
14,10,80,0.229
15,10,80,0.181
16,10,80,0.336
17,10,80,0.194
18,10,80,2.489
19,10,80,2.444
0,15,79,115.605
1,15,79,0.234
2,15,79,5.944
3,15,79,1.082
4,15,79,3.062
5,15,79,1.887
6,15,79,0.297
7,15,79,1.806
8,15,79,0.363
9,15,79,0.542
10,15,80,0.266
11,15,80,0.217
12,15,80,2.682
13,15,80,1.152
14,15,80,0.912
15,15,80,4.163
16,15,80,1.132
17,15,80,0.311
18,15,80,0.948
19,15,80,0.316
0,1,79,0.107
1,1,79,0.117
2,1,79,0.097
3,1,79,0.134
4,1,79,0.201
5,1,79,0.252
6,1,79,0.14
7,1,79,0.637
8,1,79,0.075
9,1,79,0.178
10,1,80,0.107
11,1,80,0.338
12,1,80,0.362
13,1,80,0.351
14,1,80,0.074
15,1,80,0.076
16,1,80,0.3
17,1,80,0.076
18,1,80,0.053
19,1,80,0.068
0,15,81,0.272
1,15,81,0.227
2,15,81,33.851
3,15,81,1.559
4,15,81,0.221
5,15,81,149.002
6,15,81,0.614
7,15,81,0.512
8,15,81,0.258
9,15,81,15.936
10,15,82,1.527
11,15,82,0.5
12,15,82,2.454
13,15,82,0.721
14,15,82,1.116
15,15,82,1.549
16,15,82,43.19
17,15,82,6.281
18,15,82,7.972
19,15,82,3.538
0,1,81,0.34
1,1,81,0.805
2,1,81,0.109
3,1,81,0.321
4,1,81,0.111
5,1,81,0.086
6,1,81,0.131
7,1,81,0.448
8,1,81,0.115
9,1,81,0.205
10,1,82,0.08
11,1,82,0.413
12,1,82,0.066
13,1,82,0.439
14,1,82,0.094
15,1,82,0.887
16,1,82,0.092
17,1,82,0.042
18,1,82,0.108
19,1,82,0.043
0,5,81,0.287
1,5,81,0.121
2,5,81,0.979
3,5,81,0.997
4,5,81,0.126
5,5,81,0.626
6,5,81,0.149
7,5,81,1.502
8,5,81,0.148
9,5,81,8.986
10,5,82,63.198
11,5,82,0.111
12,5,82,0.145
13,5,82,0.249
14,5,82,0.135
15,5,82,0.105
16,5,82,1.686
17,5,82,0.567
18,5,82,0.123
19,5,82,0.434
0,10,83,0.909
1,10,83,0.209
2,10,83,0.143
3,10,83,0.529
4,10,83,0.207
5,10,83,0.284
6,10,83,11.53
7,10,83,0.23
8,10,83,0.236
9,10,83,2.107
10,10,84,0.4
11,10,84,0.129
0,1,83,0.341
1,1,83,0.45
2,1,83,0.106
3,1,83,0.108
4,1,83,0.642
5,1,83,0.123
6,1,83,0.212
7,1,83,0.065
8,1,83,0.486
9,1,83,0.098
10,1,84,0.085
11,1,84,0.433
12,1,84,0.117
13,1,84,0.099
14,1,84,0.15
15,1,84,1.017
16,1,84,0.067
17,1,84,0.063
18,1,84,0.04
19,1,84,0.081
0,5,83,217.958
1,5,83,0.226
2,5,83,0.623
3,5,83,0.181
4,5,83,0.575
5,5,83,2.475
6,5,83,0.137
7,5,83,0.636
8,5,83,0.102
9,5,83,0.145
10,5,84,0.245
11,5,84,0.112
12,5,84,0.519
13,5,84,0.343
14,5,84,0.178
15,5,84,0.156
16,5,84,0.17
17,5,84,0.299
18,5,84,0.331
19,5,84,0.541
0,10,85,2.251
1,10,85,0.267
2,10,85,100.38
3,10,85,0.954
4,10,85,0.536
5,10,85,0.967
6,10,85,15.959
7,10,85,0.202
8,10,85,0.903
9,10,85,1.102
10,10,86,1.269
11,10,86,0.529
12,10,86,0.373
13,10,86,0.275
14,10,86,97.769
15,10,86,0.517
16,10,86,0.304
17,10,86,0.831
18,10,86,0.197
19,10,86,0.209
0,15,85,0.411
1,15,85,0.229
2,15,85,0.437
3,15,85,0.222
4,15,85,0.643
5,15,85,0.193
6,15,85,2.272
7,15,85,0.323
8,15,85,0.963
9,15,85,0.432
10,15,86,0.239
11,15,86,0.366
0,1,85,0.186
1,1,85,0.065
2,1,85,0.097
3,1,85,0.109
4,1,85,0.104
5,1,85,0.787
6,1,85,0.121
7,1,85,0.122
8,1,85,0.409
9,1,85,0.371
10,1,86,0.225
11,1,86,0.149
12,1,86,0.076
13,1,86,0.124
14,1,86,0.111
15,1,86,0.093
16,1,86,0.307
17,1,86,0.071
18,1,86,0.942
19,1,86,0.073
0,5,85,0.212
1,5,85,0.151
2,5,85,0.103
3,5,85,0.54
4,5,85,1.881
5,5,85,1.913
6,5,85,0.113
7,5,85,0.17
8,5,85,0.966
9,5,85,5.783
10,5,86,0.585
11,5,86,0.217
12,5,86,0.297
13,5,86,0.228
14,5,86,0.24
15,5,86,0.148
16,5,86,0.124
17,5,86,297.925
18,5,86,0.355
19,5,86,0.156
0,10,87,0.887
1,10,87,0.193
2,10,87,0.229
3,10,87,0.257
4,10,87,4.1
5,10,87,2.278
6,10,87,0.389
7,10,87,1.518
8,10,87,5.38
9,10,87,0.91
10,10,88,0.95
11,10,88,0.699
12,10,88,0.204
13,10,88,1.622
14,10,88,0.545
15,10,88,0.176
16,10,88,0.4
17,10,88,10.34
18,10,88,524.029
19,10,88,1.616
0,1,87,0.182
1,1,87,0.362
2,1,87,0.115
3,1,87,0.094
4,1,87,0.145
5,1,87,0.15
6,1,87,0.369
7,1,87,0.115
8,1,87,0.048
9,1,87,0.272
10,1,88,0.082
11,1,88,0.305
12,1,88,0.141
13,1,88,0.719
14,1,88,0.07
15,1,88,0.13
16,1,88,0.585
17,1,88,0.096
18,1,88,0.081
19,1,88,0.537
0,5,87,98.773
1,5,87,0.134
2,5,87,0.258
3,5,87,0.085
4,5,87,0.278
5,5,87,0.149
6,5,87,1.811
7,5,87,0.183
8,5,87,0.375
9,5,87,0.121
10,5,88,0.273
11,5,88,0.165
12,5,88,73.049
13,5,88,0.148
14,5,88,0.223
15,5,88,2.616
16,5,88,0.934
17,5,88,2.67
18,5,88,147.663
19,5,88,6.797
0,10,89,0.15
1,10,89,0.211
2,10,89,8.412
3,10,89,0.998
4,10,89,0.164
5,10,89,18.516
6,10,89,6.03
7,10,89,0.128
8,10,89,0.151
9,10,89,0.2
10,10,90,0.366
11,10,90,1.117
0,15,89,2.777
1,15,89,0.196
2,15,89,3.688
3,15,89,2.066
4,15,89,0.895
5,15,89,0.528
6,15,89,2.742
7,15,89,3.213
8,15,89,0.271
9,15,89,0.282
10,15,90,0.364
11,15,90,0.375
0,1,89,0.936
1,1,89,0.047
2,1,89,0.253
3,1,89,0.417
4,1,89,0.419
5,1,89,0.792
6,1,89,0.098
7,1,89,0.124
8,1,89,0.133
9,1,89,0.321
10,1,90,0.051
11,1,90,0.336
12,1,90,0.109
13,1,90,0.107
14,1,90,0.094
15,1,90,0.12
16,1,90,0.045
17,1,90,1.487
18,1,90,0.183
19,1,90,0.103
0,5,89,0.472
1,5,89,0.722
2,5,89,0.467
3,5,89,6.092
4,5,89,0.205
5,5,89,1.472
6,5,89,87.877
7,5,89,0.283
8,5,89,5.4
9,5,89,0.524
10,5,90,18.038
11,5,90,0.08
0,15,91,2.374
1,15,91,0.51
2,15,91,0.371
3,15,91,0.207
4,15,91,0.823
5,15,91,8.189
6,15,91,0.308
7,15,91,0.374
8,15,91,3.135
9,15,91,0.285
0,1,91,0.183
1,1,91,0.093
2,1,91,0.08
3,1,91,0.127
4,1,91,0.203
5,1,91,0.183
6,1,91,0.332
7,1,91,0.06
8,1,91,0.167
9,1,91,1.008
0,15,92,1.436
1,15,92,0.251
2,15,92,4.702
3,15,92,7.466
4,15,92,78.644
5,15,92,19.584
6,15,92,0.379
7,15,92,0.342
8,15,92,2.414
9,15,92,0.648
0,1,92,0.299
1,1,92,1.286
2,1,92,0.086
3,1,92,0.134
4,1,92,0.108
5,1,92,0.136
6,1,92,0.387
7,1,92,0.494
8,1,92,0.281
9,1,92,2.795
0,5,92,0.497
1,5,92,2.099
2,5,92,0.178
3,5,92,3.646
4,5,92,0.136
5,5,92,0.741
6,5,92,0.125
7,5,92,0.082
8,5,92,0.179
9,5,92,0.149
0,10,93,0.359
1,10,93,0.253
2,10,93,3.24
3,10,93,0.184
4,10,93,3.906
5,10,93,0.206
6,10,93,0.632
7,10,93,0.385
8,10,93,0.289
9,10,93,0.764
0,1,93,0.118
1,1,93,1.906
2,1,93,0.101
3,1,93,0.102
4,1,93,0.118
5,1,93,0.111
6,1,93,0.292
7,1,93,0.246
8,1,93,1.599
9,1,93,0.652
0,1,94,0.313
1,1,94,0.073
2,1,94,0.098
3,1,94,1.112
4,1,94,0.101
5,1,94,0.094
6,1,94,0.96
7,1,94,0.453
8,1,94,0.168
9,1,94,0.189
0,5,94,20.821
1,5,94,0.2
2,5,94,0.306
3,5,94,200.675
4,5,94,0.127
5,5,94,5.33
6,5,94,0.247
7,5,94,5.104
8,5,94,0.476
9,5,94,1.546
0,10,95,2.966
1,10,95,2.075
2,10,95,0.578
3,10,95,0.117
4,10,95,1.051
5,10,95,0.188
6,10,95,0.391
7,10,95,47.488
8,10,95,0.192
9,10,95,210.412
0,1,95,0.433
1,1,95,0.05
2,1,95,0.383
3,1,95,0.961
4,1,95,1.385
5,1,95,0.471
6,1,95,0.815
7,1,95,0.073
8,1,95,0.342
9,1,95,1.37
0,5,95,27.414
1,5,95,23.89
2,5,95,0.608
3,5,95,5.038
4,5,95,23.142
5,5,95,0.581
6,5,95,0.403
7,5,95,0.304
8,5,95,0.283
9,5,95,0.765
0,15,96,0.533
1,15,96,180.422
2,15,96,0.5
3,15,96,15.396
4,15,96,0.737
5,15,96,0.374
6,15,96,0.373
7,15,96,0.579
8,15,96,3.322
9,15,96,0.394
0,1,96,0.109
1,1,96,0.048
2,1,96,0.158
3,1,96,0.113
4,1,96,0.41
5,1,96,0.252
6,1,96,0.096
7,1,96,0.307
8,1,96,0.136
9,1,96,0.211
0,5,96,0.226
1,5,96,0.32
2,5,96,0.283
3,5,96,0.268
4,5,96,0.514
5,5,96,0.145
6,5,96,0.326
7,5,96,82.891
8,5,96,0.097
9,5,96,0.114
0,10,97,2.344
1,10,97,29.158
2,10,97,0.55
3,10,97,0.65
4,10,97,0.322
5,10,97,7.345
6,10,97,1.035
7,10,97,0.212
8,10,97,0.879
9,10,97,48.587
0,15,97,0.294
1,15,97,0.394
2,15,97,7.303
3,15,97,0.299
4,15,97,5.812
5,15,97,238.778
6,15,97,0.282
7,15,97,0.267
8,15,97,0.344
9,15,97,0.534
0,1,97,0.137
1,1,97,0.334
2,1,97,1.006
3,1,97,0.056
4,1,97,0.33
5,1,97,0.088
6,1,97,0.146
7,1,97,0.136
8,1,97,0.392
9,1,97,0.548
0,5,97,0.183
1,5,97,0.919
2,5,97,0.75
3,5,97,0.228
4,5,97,0.183
5,5,97,25.057
6,5,97,0.378
7,5,97,0.147
8,5,97,0.297
9,5,97,41.443
0,15,98,0.624
1,15,98,35.275
2,15,98,0.441
3,15,98,0.449
4,15,98,0.627
5,15,98,1.987
6,15,98,1.113
7,15,98,0.353
8,15,98,9.138
9,15,98,5.919
0,1,98,0.113
1,1,98,0.393
2,1,98,0.234
3,1,98,0.797
4,1,98,0.151
5,1,98,0.059
6,1,98,0.117
7,1,98,0.048
8,1,98,0.551
9,1,98,1.144
0,5,98,0.21
1,5,98,0.757
2,5,98,0.162
3,5,98,0.591
4,5,98,0.273
5,5,98,0.088
6,5,98,0.167
7,5,98,0.579
8,5,98,4.789
9,5,98,0.55
0,15,99,1.076
1,15,99,3.781
2,15,99,0.644
3,15,99,0.246
4,15,99,5.26
5,15,99,2.443
6,15,99,0.387
7,15,99,8.79
8,15,99,70.774
9,15,99,0.358
0,1,99,1.744
1,1,99,0.464
2,1,99,0.895
3,1,99,0.274
4,1,99,0.364
5,1,99,0.213
6,1,99,0.074
7,1,99,0.092
8,1,99,0.09
9,1,99,0.108
0,5,99,0.159
1,5,99,0.264
2,5,99,0.16
3,5,99,164.705
4,5,99,0.176
5,5,99,0.577
6,5,99,0.222
7,5,99,0.383
8,5,99,10.753
9,5,99,0.109
0,10,110,1.355
1,10,110,1.165
2,10,110,0.329
3,10,110,0.203
4,10,110,0.468
5,10,110,0.184
6,10,110,0.606
7,10,110,21.211
8,10,110,0.264
9,10,110,0.41
0,1,110,0.239
1,1,110,0.129
2,1,110,0.358
3,1,110,0.164
4,1,110,0.997
5,1,110,0.086
6,1,110,0.404
7,1,110,0.199
8,1,110,2.304
9,1,110,0.06
0,1,111,0.087
1,1,111,0.104
2,1,111,0.142
3,1,111,2.63
4,1,111,0.159
5,1,111,0.136
6,1,111,0.236
7,1,111,0.101
8,1,111,0.125
9,1,111,0.12
0,15,111,0.809
1,15,111,0.764
2,15,111,1.205
3,15,111,7.036
4,15,111,0.668
5,15,111,3.373
6,15,111,1.439
7,15,111,12.262
8,15,111,0.612
9,15,111,6.849
0,10,112,0.689
1,10,112,0.423
2,10,112,5.712
3,10,112,6.227
4,10,112,0.294
5,10,112,110.97
6,10,112,0.479
7,10,112,0.268
8,10,112,0.462
9,10,112,8.321
0,1,112,1.002
1,1,112,0.097
2,1,112,0.586
3,1,112,0.182
4,1,112,0.341
5,1,112,0.25
6,1,112,3.291
7,1,112,0.237
8,1,112,0.117
9,1,112,0.155
0,1,113,0.895
1,1,113,0.087
2,1,113,0.1
3,1,113,0.3
4,1,113,0.612
5,1,113,0.27
6,1,113,0.198
7,1,113,0.157
8,1,113,0.343
9,1,113,0.199
0,1,114,0.357
1,1,114,0.099
2,1,114,0.598
3,1,114,0.122
4,1,114,0.77
5,1,114,0.313
6,1,114,0.24
7,1,114,1.018
8,1,114,0.15
9,1,114,0.149
0,5,114,0.184
1,5,114,0.205
2,5,114,0.143
3,5,114,0.23
4,5,114,0.261
5,5,114,0.2
6,5,114,0.14
7,5,114,0.733
8,5,114,1.17
9,5,114,1.209
0,1,115,0.154
1,1,115,0.427
2,1,115,0.667
3,1,115,0.998
4,1,115,1.347
5,1,115,0.438
6,1,115,0.191
7,1,115,0.213
8,1,115,0.417
9,1,115,0.374
0,5,115,0.966
1,5,115,0.657
2,5,115,45.872
3,5,115,0.206
4,5,115,0.151
5,5,115,14.22
6,5,115,0.254
7,5,115,3.256
8,5,115,0.954
9,5,115,102.886
0,1,116,0.708
1,1,116,0.336
2,1,116,0.698
3,1,116,0.176
4,1,116,0.522
5,1,116,1.79
6,1,116,1.059
7,1,116,0.224
8,1,116,0.106
9,1,116,1.639
0,5,116,0.159
1,5,116,1.323
2,5,116,0.703
3,5,116,0.608
4,5,116,0.189
5,5,116,0.654
6,5,116,126.587
7,5,116,0.172
8,5,116,0.473
9,5,116,2.418
0,1,117,2.719
1,1,117,1.465
2,1,117,0.303
3,1,117,0.37
4,1,117,0.655
5,1,117,0.094
6,1,117,0.299
7,1,117,0.733
8,1,117,2.882
9,1,117,2.399
0,1,118,1.659
1,1,118,0.153
2,1,118,0.149
3,1,118,0.507
4,1,118,0.364
5,1,118,0.145
6,1,118,0.411
7,1,118,0.126
8,1,118,0.166
9,1,118,12.092
0,10,119,0.233
1,10,119,117.59
2,10,119,7.106
3,10,119,0.71
4,10,119,0.271
5,10,119,0.242
6,10,119,0.243
7,10,119,0.559
8,10,119,130.061
9,10,119,0.319
0,1,119,0.185
1,1,119,0.095
2,1,119,0.33
3,1,119,0.224
4,1,119,0.287
5,1,119,0.152
6,1,119,0.255
7,1,119,0.528
8,1,119,0.095
9,1,119,0.167
0,10,120,0.785
1,10,120,34.31
2,10,120,458.021
3,10,120,0.425
4,10,120,0.341
5,10,120,0.607
6,10,120,1.97
7,10,120,1.044
8,10,120,1.235
9,10,120,0.476
0,1,120,0.168
1,1,120,0.192
2,1,120,0.969
3,1,120,0.225
4,1,120,0.143
5,1,120,0.21
6,1,120,0.284
7,1,120,0.21
8,1,120,2.275
9,1,120,0.134
0,10,121,1.598
1,10,121,0.624
2,10,121,0.438
3,10,121,9.314
4,10,121,0.297
5,10,121,1.431
6,10,121,6.07
7,10,121,0.378
8,10,121,0.449
9,10,121,72.281
0,1,121,0.247
1,1,121,0.106
2,1,121,0.414
3,1,121,0.251
4,1,121,0.244
5,1,121,0.334
6,1,121,0.176
7,1,121,0.23
8,1,121,0.236
9,1,121,0.185
0,15,121,10.12
1,15,121,13.53
2,15,121,4.998
3,15,121,0.273
4,15,121,0.381
5,15,121,0.362
6,15,121,0.426
7,15,121,45.059
8,15,121,4.567
9,15,121,3225.794
0,1,122,0.298
1,1,122,0.062
2,1,122,0.155
3,1,122,0.508
4,1,122,1.027
5,1,122,0.915
6,1,122,0.059
7,1,122,0.144
8,1,122,0.474
9,1,122,0.16
0,5,122,0.207
1,5,122,12.418
2,5,122,0.262
3,5,122,0.373
4,5,122,13.889
5,5,122,1.744
6,5,122,74.45
7,5,122,0.753
8,5,122,2.629
9,5,122,0.167
0,1,123,0.179
1,1,123,0.282
2,1,123,0.186
3,1,123,0.487
4,1,123,0.115
5,1,123,0.208
6,1,123,0.116
7,1,123,0.11
8,1,123,0.269
9,1,123,0.206
0,15,123,1.051
1,15,123,131.642
2,15,123,2.01
3,15,123,0.557
4,15,123,5.665
5,15,123,2.024
6,15,123,13.287
7,15,123,7.305
8,15,123,0.346
9,15,123,5816.974
0,5,123,0.469
1,5,123,122.962
2,5,123,1.593
3,5,123,0.143
4,5,123,98.636
5,5,123,10.593
6,5,123,6.759
7,5,123,20.178
8,5,123,1.247
9,5,123,0.134
0,1,124,3.301
1,1,124,0.094
2,1,124,5.616
3,1,124,0.282
4,1,124,0.211
5,1,124,0.216
6,1,124,0.214
7,1,124,0.161
8,1,124,0.733
9,1,124,4.073
0,5,124,0.349
1,5,124,27.888
2,5,124,79.02
3,5,124,45.981
4,5,124,0.601
5,5,124,3.54
6,5,124,0.65
7,5,124,0.188
8,5,124,28.507
9,5,124,0.295
0,1,125,0.133
1,1,125,1.972
2,1,125,0.063
3,1,125,0.06
4,1,125,0.102
5,1,125,0.42
6,1,125,0.539
7,1,125,1.208
8,1,125,0.15
9,1,125,0.911
0,5,125,166.658
1,5,125,210.034
2,5,125,0.257
3,5,125,77.646
4,5,125,13.154
5,5,125,238.52
6,5,125,89.158
7,5,125,0.38
8,5,125,0.294
9,5,125,0.316
